country_code,year,gdp_meur,population,country_name,gdp_per_capita_eur,gdp_per_capita_usd,us_gdp_pc,ppp_rate
AL,1995,2217.9,3248836.0,AL,682.675272005112,737.289293765521,,0.0506
AL,1996,2548.1,3283000.0,AL,776.1498629302467,838.2418519646666,,0.0548
AL,1997,1998.1,3324317.0,AL,601.0557958221192,649.1402594878888,,0.0402
AL,1998,2330.5,3354341.0,AL,694.7713425677354,750.3530499731543,,0.0444
AL,1999,3086.0,3373445.0,AL,914.7918522459978,987.9752004256777,,0.0562
AL,2000,3893.5,3058497.0,AL,1273.0108939129252,1374.8517654259592,,0.077
AL,2001,4539.0,3063318.0,AL,1481.726676760297,1600.2648109011209,,0.0866
AL,2002,4789.5,3057018.0,AL,1566.722865223561,1692.060694441446,,0.0875
AL,2003,5095.7,3044993.0,AL,1673.4685432774395,1807.3460267396347,,0.0916
AL,2004,5956.3,3034231.0,AL,1963.034455847297,2120.077212315081,,0.102
AL,2005,6639.8,3019634.0,AL,2198.8757577905135,2374.785818413755,,0.1069
AL,2006,7293.6,3003329.0,AL,2428.5051687643945,2622.785582265546,,0.113
AL,2007,8131.4,2981755.0,AL,2727.051686003713,2945.21582088401,,0.1183
AL,2008,9058.0,2958266.0,AL,3061.9288461551464,3306.8831538475583,,0.1341
AL,2009,8871.8,2936355.0,AL,3021.364923519125,3263.0741174006553,,0.1418
AL,2010,9117.0,2918674.0,AL,3123.678766453533,3373.573067769816,,0.1387
AL,2011,9328.0,2907361.0,AL,3208.4078998101713,3465.0805317949853,,0.1356
AL,2012,9528.7,2903008.0,AL,3282.354027271024,3544.942349452706,,0.1333
AL,2013,9641.0,2897770.0,AL,3327.0411385306634,3593.2044296131166,,0.1181
AL,2014,10020.0,2892394.0,AL,3464.258327185024,3741.3989933598264,,0.123
AL,2015,10339.2,2885796.0,AL,3582.789635857836,3869.4128067264633,,0.12
AL,2016,10835.1,2875592.0,AL,3767.954563790691,4069.3909288939462,,0.1268
AL,2017,11770.8,2876591.0,AL,4091.9268676012684,4419.28101700937,,0.1323
AL,2018,13016.9,2870324.0,AL,4534.9932620846985,4897.792723051474,,0.1429
AL,2019,13917.9,2862427.0,AL,4862.272470180025,5251.2542677944275,,0.1488
AL,2020,13379.5,2845955.0,AL,4701.233856473486,5077.332564991366,,0.1497
AL,2021,15243.1,2829741.0,AL,5386.747409038495,5817.687201761575,,0.1526
AL,2022,18068.1,2793592.0,AL,6467.694638300797,6985.1102093648615,,0.1644
AL,2023,21730.5,2761785.0,AL,7868.280840108842,8497.74330731755,,0.1841
AT,1995,183629.2,7943489.0,Austria,23116.945211354858,24966.300828263247,,1.7118
AT,1996,185944.9,7953067.0,Austria,23380.275810577226,25250.697875423408,,1.6518
AT,1997,186913.0,7964966.0,Austria,23466.892388492306,25344.24377957169,,1.5688
AT,1998,193947.0,7971116.0,Austria,24331.222880208996,26277.720710625716,,1.5543
AT,1999,203064.9,7982461.0,Austria,25438.884073470574,27473.99479934822,,1.5635
AT,2000,212406.8,8002186.0,Austria,26543.596962130097,28667.08471910051,,1.6045
AT,2001,219373.3,8020946.0,Austria,27350.05322314849,29538.05748100037,,1.5993
AT,2002,225087.9,8063640.0,Austria,27913.932169590906,30147.046743158182,,1.5595
AT,2003,230541.9,8100273.0,Austria,28461.003721726414,30737.88401946453,,1.5575
AT,2004,240541.7,8142573.0,Austria,29541.239605711857,31904.538774168806,,1.5348
AT,2005,252354.9,8201359.0,Austria,30769.888258762967,33231.47931946401,,1.4954
AT,2006,265933.7,8254298.0,Austria,32217.603483663905,34795.01176235702,,1.4985
AT,2007,282208.2,8282984.0,Austria,34070.83727313732,36796.50425498831,,1.4776
AT,2008,291846.2,8307989.0,Austria,35128.380646628204,37938.65109835846,,1.5379
AT,2009,286274.1,8335003.0,Austria,34346.01043334958,37093.691268017545,,1.6115
AT,2010,294050.6,8351643.0,Austria,35208.712824530456,38025.40985049289,,1.563
AT,2011,308167.0,8375164.0,Austria,36795.339171865766,39738.96630561503,,1.5551
AT,2012,316589.4,8408121.0,Austria,37652.81208488793,40665.03705167897,,1.5294
AT,2013,321191.7,8451860.0,Austria,38002.48702652434,41042.685988646284,,1.3491
AT,2014,330113.5,8507786.0,Austria,38801.34032520329,41905.44755121956,,1.3778
AT,2015,342083.5,8584926.0,Austria,39846.99460426333,43034.7541726044,,1.3348
AT,2016,355665.6,8700471.0,Austria,40878.89034972934,44149.201577707696,,1.3761
AT,2017,367294.9,8772865.0,Austria,41867.15514259025,45216.527553997475,,1.3539
AT,2018,383234.3,8822267.0,Austria,43439.43569152917,46914.59054685151,,1.3685
AT,2019,395706.8,8858775.0,Austria,44668.342970670325,48241.81040832395,,1.3669
AT,2020,380317.9,8901064.0,Austria,42727.2402490309,46145.419468953376,,1.3608
AT,2021,406231.5,8932664.0,Austria,45477.08276052922,49115.24938137156,,1.2882
AT,2022,449382.2,8978929.0,Austria,50048.5302868527,54052.41270980092,,1.2719
AT,2023,477837.3,9104772.0,Austria,52482.072038706734,56680.63780180328,,1.2276
AT,2024,494087.6,9158750.0,Austria,53947.05609389928,58262.82058141122,,1.1812
AT,2025,514328.1,9197213.0,Austria,55922.16903098798,60395.94255346702,,1.2884
BA,2000,6043.3,3753085.0,BA,1610.2219907089768,1739.0397499656951,,0.0973
BA,2001,6482.2,3789717.0,BA,1710.4707290808258,1847.308387407292,,0.1
BA,2002,7149.1,3813167.0,BA,1874.8457646885122,2024.8334258635932,,0.1047
BA,2003,7530.3,3830349.0,BA,1965.9566269287734,2123.2331570830756,,0.1076
BA,2004,8179.7,3837414.0,BA,2131.5656845990557,2302.0909393669804,,0.1107
BA,2005,9024.5,3842532.0,BA,2348.5816123327013,2536.4681413193175,,0.1141
BA,2006,10255.1,3842650.0,BA,2668.7572378436757,2882.25781687117,,0.1241
BA,2007,11528.5,3844017.0,BA,2999.076226770069,3239.0023249116744,,0.1301
BA,2008,13047.8,3843846.0,BA,3394.464814667393,3666.0219998407847,,0.1486
BA,2009,12679.3,3843998.0,BA,3298.4668566424853,3562.3442051738843,,0.1548
BA,2010,12968.9,3844046.0,BA,3373.762957050982,3643.663993615061,,0.1498
BA,2011,13411.8,3843183.0,BA,3489.7635631714647,3768.9446482251824,,0.1475
BA,2012,13407.5,3839265.0,BA,3492.2048881752107,3771.5812792292277,,0.1418
BE,1995,220251.5,10130574.0,Belgium,21741.26559857319,23480.56684645905,,1.6099
BE,1996,219965.3,10143047.0,Belgium,21686.31378716869,23421.218890142187,,1.5322
BE,1997,223032.7,10170226.0,Belgium,21929.964978162727,23684.362176415747,,1.4661
BE,1998,231015.7,10192264.0,Belgium,22665.788484285727,24479.051563028588,,1.4479
BE,1999,242307.6,10213752.0,Belgium,23723.66198043579,25621.554938870657,,1.4581
BE,2000,256376.4,10239085.0,Belgium,25038.995183651663,27042.1147983438,,1.5136
BE,2001,264334.9,10263414.0,Belgium,25755.06551718561,27815.47075856046,,1.5061
BE,2002,273255.9,10309725.0,Belgium,26504.6739849996,28625.047903799572,,1.4807
BE,2003,281200.2,10355844.0,Belgium,27153.76940788216,29326.070960512734,,1.486
BE,2004,296819.7,10396421.0,Belgium,28550.18087474526,30834.19534472488,,1.4833
BE,2005,310037.6,10445852.0,Belgium,29680.451149413184,32054.88724136624,,1.4425
BE,2006,325151.5,10511382.0,Belgium,30933.27785061945,33407.94007866901,,1.4387
BE,2007,343618.9,10584534.0,Belgium,32464.244528856914,35061.38409116547,,1.408
BE,2008,351743.1,10666866.0,Belgium,32975.29939909248,35613.323351019884,,1.4437
BE,2009,347734.9,10753080.0,Belgium,32338.167297183692,34925.22068095839,,1.5173
BE,2010,363242.4,10839905.0,Belgium,33509.740168387085,36190.51938185805,,1.4876
BE,2011,378745.4,11000638.0,Belgium,34429.40309462051,37183.755342190154,,1.4552
BE,2012,387934.9,11075889.0,Belgium,35025.170440043235,37827.184075246696,,1.4227
BE,2013,394616.3,11137974.0,Belgium,35429.80976612084,38264.19454741051,,1.2578
BE,2014,404958.3,11180840.0,Belgium,36218.95134891475,39116.46745682793,,1.2861
BE,2015,415538.0,11237274.0,Belgium,36978.54123695836,39936.82453591503,,1.2387
BE,2016,428467.1,11311117.0,Belgium,37880.17575982991,40910.589820616304,,1.2751
BE,2017,443407.2,11351727.0,Belgium,39060.77022465392,42185.63184262624,,1.2631
BE,2018,459491.8,11398589.0,Belgium,40311.28765148037,43536.190663598805,,1.27
BE,2019,479444.9,11455519.0,Belgium,41852.743642605805,45200.96313401427,,1.2808
BE,2020,463750.9,11522440.0,Belgium,40247.62984229035,43467.44022967358,,1.2818
BE,2021,506047.2,11554767.0,Belgium,43795.53477798384,47299.17756022255,,1.2406
BE,2022,561678.2,11617623.0,Belgium,48347.08442510142,52214.85117910954,,1.2287
BE,2023,601866.5,11742796.0,Belgium,51254.10507003613,55354.43347563902,,1.1989
BE,2024,619914.3,11817096.0,Belgium,52459.10670438829,56655.835240739354,,1.1486
BE,2025,642015.3,11883495.0,Belgium,54025.79796600243,58347.86180328263,,1.2447
BG,1995,14518.4,8427418.0,Bulgaria,1722.7577889218264,1860.5784120355727,,0.1276
BG,1996,9827.9,8384715.0,Bulgaria,1172.1209367283204,1265.8906116665862,,0.0828
BG,1997,10064.7,8340936.0,Bulgaria,1206.663137086773,1303.196188053715,,0.0807
BG,1998,13437.4,8283200.0,Bulgaria,1622.2474406026656,1752.027235850879,,0.1036
BG,1999,12804.2,8230371.0,Bulgaria,1555.7257382443634,1680.1837973039126,,0.0956
BG,2000,14440.0,8190876.0,Bulgaria,1762.9371998794757,1903.9721758698338,,0.1066
BG,2001,15905.3,8149468.0,Bulgaria,1951.6979513263934,2107.8337874325052,,0.1141
BG,2002,17478.3,7868815.0,Bulgaria,2221.2111988908114,2398.9080948020764,,0.1241
BG,2003,18798.3,7805506.0,Bulgaria,2408.3384216218656,2601.005495351615,,0.1318
BG,2004,21093.2,7745147.0,Bulgaria,2723.408606705593,2941.2812952420404,,0.1415
BG,2005,24039.9,7688573.0,Bulgaria,3126.7050465671587,3376.8414502925316,,0.152
BG,2006,27409.6,7629371.0,Bulgaria,3592.642171943139,3880.0535456985904,,0.1671
BG,2007,32464.2,7572673.0,Bulgaria,4287.01992017878,4629.981513793083,,0.1859
BG,2008,37246.1,7518002.0,Bulgaria,4954.255133212255,5350.595543869235,,0.2169
BG,2009,37417.1,7467119.0,Bulgaria,5010.915186968361,5411.78840192583,,0.2351
BG,2010,38289.4,7421766.0,Bulgaria,5159.068609816047,5571.794098601331,,0.229
BG,2011,41479.2,7369431.0,Bulgaria,5628.548527016536,6078.8324091778595,,0.2379
BG,2012,42254.6,7327224.0,Bulgaria,5766.795173724729,6228.138787622707,,0.2342
BG,2013,42055.5,7202556.0,Bulgaria,5838.968832731047,6306.086339349531,,0.2073
BG,2014,43024.0,7117453.0,Bulgaria,6044.859024710104,6528.447746686912,,0.2146
BG,2015,45797.1,7029690.0,Bulgaria,6514.8107526789945,7035.9956128933145,,0.2182
BG,2016,48751.4,6938759.0,Bulgaria,7025.953776460603,7588.030078577452,,0.2365
BG,2017,52501.0,6849518.0,Bulgaria,7664.918903782719,8278.112416085338,,0.2479
BG,2018,55999.7,6757418.0,Bulgaria,8287.14458688215,8950.116153832723,,0.2611
BG,2019,61194.4,6664177.0,Bulgaria,9182.589237950913,9917.196376986987,,0.281
BG,2020,61855.6,6569275.0,Bulgaria,9415.894448017476,10169.166003858874,,0.2999
BG,2021,71343.9,6532117.0,Bulgaria,10922.018083876943,11795.779530587099,,0.3094
BG,2022,86078.2,6482484.0,Bulgaria,13278.582716131656,14340.86933342219,,0.3375
BG,2023,94525.1,6447710.0,Bulgaria,14660.259223817447,15833.079961722844,,0.3429
BG,2024,104767.2,6445481.0,Bulgaria,16254.364879828208,17554.714070214468,,0.3559
BG,2025,116018.3,6437360.0,Bulgaria,18022.65214311457,19464.46431456374,,0.4152
CH,1995,273995.8,7019019.0,Switzerland,39036.19579887161,42159.09146278134,,2.8906
CH,1996,272263.4,7062354.0,Switzerland,38551.36686719471,41635.476216570285,,2.7237
CH,1997,263836.7,7081346.0,Switzerland,37257.987393922005,40238.62638543577,,2.4908
CH,1998,274324.8,7096465.0,Switzerland,38656.54237708493,41749.065767251726,,2.4695
CH,1999,283403.8,7123537.0,Switzerland,39784.1409400976,42966.87221530541,,2.4452
CH,2000,306049.4,7164444.0,Switzerland,42717.81592542282,46135.24119945665,,2.5823
CH,2001,324180.2,7204055.0,Switzerland,44999.68420563141,48599.65894208193,,2.6314
CH,2002,333532.9,7255653.0,Switzerland,45968.69502993046,49646.1906323249,,2.5681
CH,2003,324514.6,7313853.0,Switzerland,44369.855396328036,47919.44382803428,,2.4282
CH,2004,329451.7,7364148.0,Switzerland,44737.24591086437,48316.22558373352,,2.3243
CH,2005,341407.5,7415102.0,Switzerland,46042.185259218284,49725.56007995575,,2.2376
CH,2006,357403.3,7459128.0,Switzerland,47914.89031961913,51748.08154518867,,2.2286
CH,2007,364638.8,7508739.0,Switzerland,48561.92231478548,52446.87609996832,,2.1061
CH,2008,392126.6,7593494.0,Switzerland,51639.81165982353,55770.996592609416,,2.2608
CH,2009,406170.8,7701856.0,Switzerland,52736.74293572874,56955.68237058704,,2.4744
CH,2010,460894.0,7785806.0,Switzerland,59196.69716918197,63932.432942716536,,2.6279
CH,2011,523943.1,7870134.0,Switzerland,66573.59328316392,71899.48074581704,,2.8137
CH,2012,542930.1,7954662.0,Switzerland,68253.06970931009,73713.3152860549,,2.7724
CH,2013,541150.6,8039060.0,Switzerland,67315.15873746433,72700.37143646147,,2.3897
CH,2014,559049.9,8139631.0,Switzerland,68682.46238680845,74177.05937775313,,2.4388
CH,2015,636419.8,8237666.0,Switzerland,77257.29593795136,83437.87961298748,,2.588
CH,2016,631447.6,8327126.0,Switzerland,75830.19639669197,81896.61210842733,,2.5526
CH,2017,625926.6,8419550.0,Switzerland,74342.04915939688,80289.41309214864,,2.404
CH,2018,627171.6,8484130.0,Switzerland,73922.91254377291,79836.74554727475,,2.3289
CH,2019,657857.6,8544527.0,Switzerland,76991.69304515042,83151.02848876246,,2.3561
CH,2020,663105.6,8606033.0,Switzerland,77051.24997777722,83215.3499759994,,2.454
CH,2021,710646.0,8670300.0,Switzerland,81963.25386664821,88520.31417598008,,2.3218
CH,2022,815869.1,8738791.0,Switzerland,93361.78196732249,100830.72452470829,,2.3727
CH,2023,858396.6,8815385.0,Switzerland,97374.82821226753,105164.81446924894,,2.2778
CH,2024,896448.7,8962258.0,Switzerland,100024.87096443775,108026.86064159278,,2.1901
CH,2025,925874.8,9051029.0,Switzerland,102294.97662641451,110478.57475652768,,2.3567
CY,1995,7596.0,645399.0,Cyprus,11769.46354115826,12711.020624450923,,0.8715
CY,1996,7890.1,656333.0,Cyprus,12021.489091665359,12983.208218998589,,0.8493
CY,1997,8414.3,666313.0,Cyprus,12628.149233168195,13638.401171821652,,0.8442
CY,1998,9152.6,675215.0,Cyprus,13555.08986026673,14639.497049088068,,0.8659
CY,1999,9839.7,682862.0,Cyprus,14409.500016108672,15562.260017397366,,0.8856
CY,2000,10804.6,690497.0,Cyprus,15647.569793931038,16899.37537744552,,0.9459
CY,2001,11602.9,697549.0,Cyprus,16633.813538547114,17964.518621630883,,0.9727
CY,2002,12083.0,705539.0,Cyprus,17125.913663170995,18495.986756224676,,0.9568
CY,2003,12871.3,713720.0,Cyprus,18034.10300958359,19476.83125035028,,0.9869
CY,2004,13938.0,722893.0,Cyprus,19280.86175962418,20823.330700394115,,1.0017
CY,2005,15039.3,733067.0,Cyprus,20515.587251915582,22156.83423206883,,0.9971
CY,2006,16263.8,744013.0,Cyprus,21859.564281806903,23608.329424351457,,1.0167
CY,2007,17591.0,757916.0,Cyprus,23209.696061304945,25066.471746209343,,1.0066
CY,2008,19009.5,776333.0,Cyprus,24486.270711151014,26445.172368043095,,1.072
CY,2009,18675.5,796930.0,Cyprus,23434.304142145484,25309.048473517123,,1.0995
CY,2010,19461.1,819140.0,Cyprus,23757.965671313817,25658.602925018924,,1.0547
CY,2011,19858.1,839751.0,Cyprus,23647.60506388203,25539.413468992596,,0.9995
CY,2012,19495.4,862011.0,Cyprus,22616.184712260052,24425.479489240857,,0.9186
CY,2013,18040.3,862854.0,Cyprus,20907.70860423664,22580.325292575573,,0.7422
CY,2014,17482.8,860032.0,Cyprus,20328.080815597557,21954.327280845362,,0.7218
CY,2015,17944.2,860846.0,Cyprus,20844.8433285396,22512.43079482277,,0.6983
CY,2016,19013.8,863764.0,Cyprus,22012.725698223127,23773.743754080977,,0.741
CY,2017,20312.4,869878.0,Cyprus,23350.86069540786,25218.92955104049,,0.7551
CY,2018,21807.8,878601.0,Cyprus,24821.050738617414,26806.73479770681,,0.782
CY,2019,23400.9,890194.0,Cyprus,26287.416001455862,28390.409281572334,,0.8044
CY,2020,22373.6,902429.0,Cyprus,24792.64296692593,26776.054404280007,,0.7896
CY,2021,25679.9,914476.0,Cyprus,28081.546153206862,30328.069845463415,,0.7955
CY,2022,29645.4,929764.0,Cyprus,31884.865406705358,34435.65463924179,,0.8103
CY,2023,32439.2,949084.0,Cyprus,34179.48253263146,36913.84113524198,,0.7995
CY,2024,34770.2,966365.0,Cyprus,35980.400780243486,38858.83284266297,,0.7878
CY,2025,36483.5,982966.0,Cyprus,37115.72933346626,40084.98768014357,,0.8551
CZ,1995,46333.6,10333161.0,Czechia,4483.971555267551,4842.689279688955,,0.332
CZ,1996,53416.0,10321344.0,Czechia,5175.295000341041,5589.318600368324,,0.3656
CZ,1997,55174.6,10309137.0,Czechia,5352.00958140337,5780.17034791564,,0.3578
CZ,1998,60164.9,10299125.0,Czechia,5841.748692243273,6309.088587622735,,0.3732
CZ,1999,61470.4,10289621.0,Czechia,5974.019839992163,6451.941427191537,,0.3672
CZ,2000,67409.2,10278098.0,Czechia,6558.528630491751,7083.210920931091,,0.3965
CZ,2001,76070.6,10232027.0,Czechia,7434.558176986828,8029.322831145774,,0.4347
CZ,2002,87795.9,10201182.0,Czechia,8606.443841507778,9294.9593488284,,0.4808
CZ,2003,88965.6,10192649.0,Czechia,8728.408090968305,9426.68073824577,,0.4777
CZ,2004,96822.8,10195347.0,Czechia,9496.763572637596,10256.504658448604,,0.4934
CZ,2005,110418.8,10198855.0,Czechia,10826.587886581387,11692.714917507898,,0.5262
CZ,2006,124559.0,10223577.0,Czechia,12183.504853536097,13158.185241818985,,0.5667
CZ,2007,138897.5,10254233.0,Czechia,13545.381697490198,14629.012233289415,,0.5875
CZ,2008,161852.2,10343422.0,Czechia,15647.83879068262,16899.66589393723,,0.6851
CZ,2009,149253.1,10425783.0,Czechia,14315.768897165804,15461.03040893907,,0.6717
CZ,2010,159506.1,10462088.0,Czechia,15246.105748680378,16465.79420857481,,0.6768
CZ,2011,166545.5,10486731.0,Czechia,15881.545926943296,17152.06960109876,,0.6712
CZ,2012,163759.4,10505445.0,Czechia,15588.04981607157,16835.093801357296,,0.6332
CZ,2013,160470.0,10516125.0,Czechia,15259.423028919873,16480.176871233463,,0.5417
CZ,2014,158991.5,10512419.0,Czechia,15124.159339539263,16334.092086702405,,0.537
CZ,2015,170527.3,10538275.0,Czechia,16181.70905579898,17476.2457802629,,0.5421
CZ,2016,179145.9,10553843.0,Czechia,16974.470815986177,18332.428481265073,,0.5714
CZ,2017,196738.7,10578820.0,Czechia,18597.414456432758,20085.20761294738,,0.6014
CZ,2018,213505.4,10610055.0,Czechia,20122.93055973791,21732.765004516943,,0.634
CZ,2019,229406.7,10649800.0,Czechia,21540.939735957483,23264.214914834083,,0.6592
CZ,2020,220310.6,10693939.0,Czechia,20601.44536077866,22249.560989640955,,0.6561
CZ,2021,246012.3,10494836.0,Czechia,23441.27149771564,25316.573217532892,,0.664
CZ,2022,286976.8,10516707.0,Czechia,27287.705172351,29470.721586139083,,0.6935
CZ,2023,319099.1,10827529.0,Czechia,29471.09169599084,31828.779031670107,,0.6894
CZ,2024,320786.5,10900555.0,Czechia,29428.455707071796,31782.73216363754,,0.6444
CZ,2025,346583.4,10909500.0,Czechia,31768.95366423759,34310.4699573766,,0.7319
DE,1991,1517932.9,79753227.0,Germany,19032.87123416335,20555.50093289642,,0.9878
DE,1992,1655317.2,80274564.0,Germany,20620.693748022102,22270.349247863873,,1.0789
DE,1993,1774986.2,80974632.0,Germany,21920.274981922732,23673.89698047655,,1.1296
DE,1994,1867918.1,81338093.0,Germany,22964.86223250894,24802.051211109658,,1.1189
DE,1995,1983157.1,81538603.0,Germany,24321.69582302017,26267.431488861785,,1.801
DE,1996,1975310.3,81817499.0,Germany,24142.882930215208,26074.313564632426,,1.7057
DE,1997,1958621.6,82012162.0,Germany,23882.087147025828,25792.654118787897,,1.5966
DE,1998,2008652.6,82057379.0,Germany,24478.63463930526,26436.925410449683,,1.5638
DE,1999,2077240.0,82037011.0,Germany,25320.766501353883,27346.427821462195,,1.5562
DE,2000,2129660.0,82163475.0,Germany,25919.789784937893,27993.37296773293,,1.5668
DE,2001,2195530.0,82259540.0,Germany,26690.27811242319,28825.50036141705,,1.5607
DE,2002,2223360.0,82440309.0,Germany,26969.33122848921,29126.877726768347,,1.5067
DE,2003,2240810.0,82536680.0,Germany,27149.262606637436,29321.203615168433,,1.4858
DE,2004,2293040.0,82531671.0,Germany,27783.758310188583,30006.458975003672,,1.4435
DE,2005,2325710.0,82500849.0,Germany,28190.134140316542,30445.344871541867,,1.37
DE,2006,2426180.0,82437995.0,Germany,29430.36157053553,31784.790496178375,,1.3688
DE,2007,2542220.0,82314906.0,Germany,30884.07827374546,33354.8045356451,,1.3394
DE,2008,2589280.0,82217837.0,Germany,31492.922879982845,34012.35671038148,,1.3788
DE,2009,2493970.0,82002356.0,Germany,30413.39446393467,32846.46602104945,,1.427
DE,2010,2615260.0,81802257.0,Germany,31970.511522683293,34528.15244449796,,1.4192
DE,2011,2746910.0,80222065.0,Germany,34241.327495122445,36980.63369473224,,1.4472
DE,2012,2799280.0,80327900.0,Germany,34848.16607928254,37636.01936562515,,1.4155
DE,2013,2866480.0,80523746.0,Germany,35597.946474074866,38445.78219200086,,1.2638
DE,2014,2984470.0,80767463.0,Germany,36951.38969513008,39907.500870740485,,1.3121
DE,2015,3087030.0,81197537.0,Germany,38018.76404206694,41060.2651654323,,1.2736
DE,2016,3195210.0,82175684.0,Germany,38882.669963538116,41993.28356062117,,1.3089
DE,2017,3333110.0,82521653.0,Germany,40390.73235723962,43621.99094581879,,1.3061
DE,2018,3434030.0,82792351.0,Germany,41477.62394137111,44795.8338566808,,1.3067
DE,2019,3537280.0,83019213.0,Germany,42607.96835065155,46016.605818703676,,1.3039
DE,2020,3450720.0,83166711.0,Germany,41491.60112872565,44810.9292190237,,1.3214
DE,2021,3682340.0,83155031.0,Germany,44282.8287803777,47825.455082807915,,1.2544
DE,2022,3989390.0,83237124.0,Germany,47928.01346668345,51762.25454401813,,1.2181
DE,2023,4219310.0,83118501.0,Germany,50762.585335844786,54823.592162712375,,1.1874
DE,2024,4328970.0,83456045.0,Germany,51871.25749848318,56020.958098361836,,1.1358
DE,2025,4469810.0,83577140.0,Germany,53481.25097365141,57759.75105154353,,1.2321
DK,1995,141320.3,5215718.0,Denmark,27095.08067729122,29262.68713147452,,2.0064
DK,1996,147724.2,5251027.0,Denmark,28132.439616097956,30383.034785385793,,1.9876
DK,1997,152890.7,5275121.0,Denmark,28983.35412590536,31302.022455977793,,1.9376
DK,1998,158043.8,5294860.0,Denmark,29848.532350241556,32236.41493826088,,1.9068
DK,1999,166899.4,5313577.0,Denmark,31409.989918279156,33922.78911174149,,1.9305
DK,2000,177893.5,5330020.0,Denmark,33375.76594459308,36045.82722016053,,2.0175
DK,2001,184146.3,5349212.0,Denmark,34424.939598580124,37178.93476646653,,2.013
DK,2002,189957.5,5368354.0,Denmark,35384.682157696756,38215.4567303125,,1.9768
DK,2003,193641.7,5383507.0,Denmark,35969.43405107489,38846.988775160884,,1.9685
DK,2004,202915.9,5397640.0,Denmark,37593.44824775272,40600.92410757294,,1.9532
DK,2005,213381.8,5411405.0,Denmark,39431.86658548011,42586.415912318516,,1.9164
DK,2006,225930.8,5427459.0,Denmark,41627.361901766555,44957.55085390788,,1.9361
DK,2007,233960.3,5447084.0,Denmark,42951.47642298154,46387.59453682007,,1.8628
DK,2008,242720.1,5475791.0,Denmark,44326.034357410645,47872.1171060035,,1.9406
DK,2009,232270.0,5511451.0,Denmark,42143.16701717932,45514.62037855367,,1.9774
DK,2010,243429.9,5534738.0,Denmark,43982.19030422036,47500.765528558,,1.9525
DK,2011,248105.0,5560628.0,Denmark,44618.16183351952,48187.61478020109,,1.8858
DK,2012,254300.7,5580516.0,Denmark,45569.38820711203,49214.939263681,,1.851
DK,2013,259530.9,5602628.0,Denmark,46323.06481886715,50028.91000437652,,1.6445
DK,2014,265635.7,5627235.0,Denmark,47205.36817815499,50981.79763240739,,1.6762
DK,2015,272193.0,5659715.0,Denmark,48093.05768930061,51940.50230444466,,1.611
DK,2016,282265.1,5707251.0,Denmark,49457.27811865993,53413.86036815273,,1.6648
DK,2017,294355.0,5748769.0,Denmark,51203.13583655909,55299.386703483826,,1.6558
DK,2018,301017.3,5781190.0,Denmark,52068.39768283001,56233.86949745641,,1.6404
DK,2019,308546.2,5806081.0,Denmark,53141.90415187112,57393.25648402081,,1.6262
DK,2020,312118.3,5822763.0,Denmark,53603.126213448835,57891.37631052475,,1.7072
DK,2021,343318.6,5840045.0,Denmark,58786.97852499424,63489.936806993785,,1.6652
DK,2022,380567.4,5873420.0,Denmark,64794.85546751296,69978.443904914,,1.6467
DK,2023,374173.6,5932654.0,Denmark,63070.18747427374,68115.80247221564,,1.4753
DK,2024,392400.7,5961249.0,Denmark,65825.24903757585,71091.26896058192,,1.4413
DK,2025,410372.0,5992734.0,Denmark,68478.26050680707,73956.52134735163,,1.5776
EA20,2013,10057096.5,340884869.0,Eurozone,29502.912609476956,31863.145618235114,,1.0474
EA20,2014,10298332.7,341550723.0,Eurozone,30151.693457255544,32563.82893383599,,1.0706
EA20,2015,10661709.8,342257711.0,Eurozone,31151.116417067373,33643.20573043277,,1.0435
EA20,2016,10952442.0,343444952.0,Eurozone,31889.94898955452,34441.14490871888,,1.0735
EA20,2017,11368245.0,344141575.0,Eurozone,33033.628674477935,35676.31896843617,,1.0682
EA20,2018,11747059.3,344808648.0,Eurozone,34068.343030653916,36793.810473106234,,1.0733
EA20,2019,12140284.1,345712139.0,Eurozone,35116.742313754854,37926.08169885525,,1.0746
EA20,2020,11615802.3,346640106.0,Eurozone,33509.68944141737,36190.464596730766,,1.0672
EA20,2021,12618690.1,346718238.0,Eurozone,36394.65340153234,39306.22567365493,,1.0309
EA20,2022,13758305.8,347104468.0,Eurozone,39637.363008533786,42808.35204921649,,1.0074
EA20,2023,14670744.7,348557873.0,Eurozone,42089.83883717927,45457.02594415361,,0.9846
EA20,2024,15248539.5,350174019.0,Eurozone,43545.60496391367,47029.253361026764,,0.9535
EA20,2025,15835920.4,351639519.0,Eurozone,45034.52980778307,48637.292192405715,,1.0375
EA21,2025,15951938.7,358076879.0,EA21,44548.92129463628,48112.83499820719,,1.0263
EE,1995,2988.1,1448075.0,Estonia,2063.4980922949435,2228.577939678539,,0.1528
EE,1996,3770.0,1425192.0,Estonia,2645.257621429253,2856.8782311435934,,0.1869
EE,1997,4553.7,1405996.0,Estonia,3238.771660801311,3497.873393665416,,0.2165
EE,1998,5067.5,1393074.0,Estonia,3637.638775829568,3928.649877895934,,0.2324
EE,1999,5406.9,1379237.0,Estonia,3920.21095721765,4233.827833795062,,0.2409
EE,2000,6171.6,1401250.0,Estonia,4404.35325602141,4756.701516503123,,0.2662
EE,2001,6982.1,1392720.0,Estonia,5013.283359182033,5414.346027916596,,0.2932
EE,2002,7824.9,1383510.0,Estonia,5655.831905804801,6108.298458269185,,0.316
EE,2003,8746.7,1375190.0,Estonia,6360.357477875785,6869.186076105848,,0.3481
EE,2004,9779.6,1366250.0,Estonia,7157.987191216835,7730.626166514182,,0.3719
EE,2005,11345.4,1358850.0,Estonia,8349.265923391104,9017.207197262393,,0.4058
EE,2006,13571.2,1350700.0,Estonia,10047.53090989857,10851.333382690456,,0.4673
EE,2007,16402.2,1342920.0,Estonia,12213.83254400858,13190.939147529267,,0.5297
EE,2008,16618.9,1338440.0,Estonia,12416.619347897555,13409.94889572936,,0.5436
EE,2009,14132.5,1335740.0,Estonia,10580.277598933924,11426.69980684864,,0.4964
EE,2010,14741.8,1333290.0,Estonia,11056.70934305365,11941.246090497942,,0.4908
EE,2011,16741.9,1329660.0,Estonia,12591.11351774138,13598.40259916069,,0.5322
EE,2012,18086.6,1325217.0,Estonia,13648.028964313015,14739.871281458056,,0.5544
EE,2013,19163.2,1320169.0,Estonia,14515.717305890383,15676.974690361614,,0.5153
EE,2014,20365.6,1315819.0,Estonia,15477.508684705115,16715.709379481526,,0.5496
EE,2015,21010.9,1313271.0,Estonia,15998.906547087387,17278.819070854377,,0.5359
EE,2016,22189.0,1315944.0,Estonia,16861.659766677003,18210.592548011165,,0.5676
EE,2017,24316.1,1315635.0,Estonia,18482.405834444962,19960.99830120056,,0.5977
EE,2018,26438.5,1319133.0,Estonia,20042.330833964428,21645.717300681583,,0.6314
EE,2019,28472.1,1324820.0,Estonia,21491.29693090382,23210.60068537613,,0.6577
EE,2020,27859.3,1328889.0,Estonia,20964.354434418525,22641.50278917201,,0.6677
EE,2021,31453.3,1330068.0,Estonia,23647.888679375792,25539.719773725858,,0.6699
EE,2022,36300.9,1331796.0,Estonia,27257.102439112296,29437.67063424128,,0.6927
EE,2023,38353.4,1365884.0,Estonia,28079.54409012771,30325.90761733793,,0.6568
EE,2024,39847.7,1374687.0,Estonia,28986.743891518578,31305.683402840066,,0.6347
EE,2025,41620.8,1369995.0,Estonia,30380.25686225132,32810.67741123143,,0.6999
EL,1995,103206.4,10535973.0,EL,9795.621154306298,10579.270846650803,,0.7254
EL,1996,112262.3,10588332.0,EL,10602.453719811581,11450.650017396509,,0.7491
EL,1997,122477.8,10629267.0,EL,11522.694838693957,12444.510425789475,,0.7703
EL,1998,124754.4,10693250.0,EL,11666.649521894653,12599.981483646226,,0.7453
EL,1999,134588.8,10747768.0,EL,12522.48839014761,13524.28746135942,,0.7696
EL,2000,137827.6,10775627.0,EL,12790.680301016358,13813.934725097668,,0.7732
EL,2001,147438.7,10835989.0,EL,13606.390704161844,14694.901960494792,,0.7957
EL,2002,158902.3,10888274.0,EL,14593.892475519995,15761.403873561596,,0.8153
EL,2003,174096.0,10915770.0,EL,15949.035203196843,17224.95801945259,,0.8728
EL,2004,188905.2,10940369.0,EL,17266.80334091108,18648.14760818397,,0.8971
EL,2005,194773.4,10969912.0,EL,17755.238145939547,19175.657197614713,,0.8629
EL,2006,214298.9,11004716.0,EL,19473.369417257112,21031.23897063768,,0.9057
EL,2007,229282.8,11036008.0,EL,20775.882003710038,22437.952564006842,,0.901
EL,2008,238735.4,11060937.0,EL,21583.650643702247,23310.34269519843,,0.9449
EL,2009,234322.6,11094745.0,EL,21120.142914505923,22809.7543476664,,0.991
EL,2010,223590.5,11119289.0,EL,20108.34505695463,21717.012661511002,,0.8926
EL,2012,185899.2,11072725.0,EL,16788.929554377988,18132.043918728228,,0.6819
EL,2013,178113.9,10980006.0,EL,16221.657802372785,17519.390426562608,,0.5759
EL,2014,176071.8,10894294.0,EL,16161.836645862504,17454.783577531507,,0.5739
EL,2015,175362.9,10818041.0,EL,16210.226971777976,17507.045129520215,,0.543
EL,2016,174448.2,10735415.0,EL,16249.786338022332,17549.76924506412,,0.547
EL,2017,177378.5,10707527.0,EL,16565.77657940998,17891.038705762778,,0.5357
EL,2018,180615.7,10667336.0,EL,16931.65941337181,18286.192166441557,,0.5334
EL,2019,185181.2,10635213.0,EL,17412.0819206912,18805.048474346495,,0.5328
EL,2020,167539.5,10612591.0,EL,15786.86109735125,17049.80998513935,,0.5028
EL,2021,184574.6,10555344.0,EL,17486.365200414122,18885.274416447253,,0.4953
EL,2022,207008.7,10461627.0,EL,19787.42885786312,21370.42316649217,,0.5029
EL,2023,224686.2,10401868.0,EL,21600.562514348385,23328.607515496256,,0.5053
EL,2024,236736.0,10375764.0,EL,22816.247555360744,24641.547359789605,,0.4996
EL,2025,248353.7,10372335.0,EL,23943.856421914643,25859.364935667814,,0.5516
ES,1995,469819.9,39639726.0,Spain,11852.248928259494,12800.428842520254,,0.8777
ES,1996,506096.6,39808374.0,Spain,12713.32006677791,13730.385672120143,,0.8982
ES,1997,520533.1,39971329.0,Spain,13022.661818424902,14064.474763898896,,0.8706
ES,1998,552906.5,40143449.0,Spain,13773.268460315903,14875.129937141177,,0.8799
ES,1999,595242.0,40303568.0,Spain,14768.965368028954,15950.482597471271,,0.9077
ES,2000,647569.0,40470182.0,Spain,16001.138813756756,17281.229918857298,,0.9673
ES,2001,700958.0,40665545.0,Spain,17237.147565586543,18616.11937083347,,1.008
ES,2002,749744.0,41035278.0,Spain,18270.71818545984,19732.37564029663,,1.0207
ES,2003,802683.0,41827838.0,Spain,19190.162302914152,20725.375287147286,,1.0502
ES,2004,860059.0,42547451.0,Spain,20214.11341422075,21831.24248735841,,1.0502
ES,2005,928122.0,43296338.0,Spain,21436.501165525824,23151.421258767892,,1.0418
ES,2006,1004976.0,44009971.0,Spain,22835.188871176488,24662.00398087061,,1.0621
ES,2007,1077541.0,44784666.0,Spain,24060.489811401072,25985.32899631316,,1.0435
ES,2008,1112432.0,45668939.0,Spain,24358.612754283608,26307.3017746263,,1.0664
ES,2009,1072990.0,46239273.0,Spain,23205.165877067313,25061.5791472327,,1.0888
ES,2010,1077145.0,46486619.0,Spain,23171.076390821196,25024.762502086895,,1.0286
ES,2011,1068690.0,46667174.0,Spain,22900.251041556534,24732.27112488106,,0.9679
ES,2012,1035964.0,46818219.0,Spain,22127.368834769215,23897.558341550754,,0.8988
ES,2013,1025652.0,46712650.0,Spain,21956.622028508336,23713.151790789005,,0.7795
ES,2014,1038949.0,46495744.0,Spain,22345.034418634103,24132.637172124832,,0.7934
ES,2015,1087112.0,46425722.0,Spain,23416.157103598733,25289.449671886632,,0.7844
ES,2016,1122967.0,46418884.0,Spain,24192.029261194646,26127.391602090218,,0.8143
ES,2017,1170024.0,46497393.0,Spain,25163.217215210323,27176.27459242715,,0.8137
ES,2018,1212276.0,46645070.0,Spain,25989.37036647174,28068.51999578948,,0.8188
ES,2019,1253710.0,46918951.0,Spain,26720.75937929644,28858.420129640155,,0.8177
ES,2020,1129214.0,47318050.0,Spain,23864.339295469697,25773.486439107273,,0.76
ES,2021,1235474.0,47400798.0,Spain,26064.41351472606,28149.566595904147,,0.7383
ES,2022,1375863.0,47486843.0,Spain,28973.562213853635,31291.447190961928,,0.7363
ES,2023,1497761.0,48085361.0,Spain,31147.962058556655,33639.79902324119,,0.7286
ES,2024,1594330.0,48619695.0,Spain,32791.85523479734,35415.20365358113,,0.718
ES,2025,1687152.0,49128297.0,Spain,34341.75623877213,37089.0967378739,,0.7912
EU27_2020,1995,6341270.6,423960534.0,EU27,14957.219107569103,16153.796636174631,,1.1076
EU27_2020,1996,6640109.1,424641798.0,EU27,15636.965393595097,16887.922625082705,,1.1048
EU27_2020,1997,6823243.4,425273491.0,EU27,16044.365671501495,17327.914925221616,,1.0726
EU27_2020,1998,7113359.7,427482962.0,EU27,16640.10108547905,17971.309172317375,,1.063
EU27_2020,1999,7442817.7,427998269.0,EU27,17389.831312612154,18781.017817621127,,1.0688
EU27_2020,2000,7884970.7,428473834.0,EU27,18402.455586121043,19874.652033010727,,1.1124
EU27_2020,2001,8260284.9,429240746.0,EU27,19243.944049990074,20783.45957398928,,1.1253
EU27_2020,2002,8559614.0,429723142.0,EU27,19918.90397189733,21512.416289649118,,1.1128
EU27_2020,2003,8792709.3,431190184.0,EU27,20391.719538773177,22023.057101875034,,1.116
EU27_2020,2004,9195744.5,432762039.0,EU27,21248.96287402879,22948.879903951096,,1.104
EU27_2020,2005,9600083.5,434416272.0,EU27,22098.811943213765,23866.716898670868,,1.074
EU27_2020,2006,10160793.1,435816236.0,EU27,23314.39781422003,25179.549639357632,,1.0844
EU27_2020,2007,10788346.2,437227496.0,EU27,24674.445909046855,26648.401581770606,,1.0701
EU27_2020,2008,11136839.3,438725386.0,EU27,25384.53359523627,27415.29628285517,,1.1113
EU27_2020,2009,10650843.1,440047892.0,EU27,24203.82711434509,26140.1332834927,,1.1357
EU27_2020,2010,11047423.0,440660421.0,EU27,25070.150332380315,27075.762358970744,,1.1129
EU27_2020,2011,11407286.7,439942305.0,EU27,25929.051537791984,28003.375660815345,,1.0959
EU27_2020,2012,11466415.0,440552661.0,EU27,26027.342506506844,28109.529907027394,,1.0572
EU27_2020,2013,11594282.1,441739930.0,EU27,26246.850946890856,28346.599022642127,,0.9318
EU27_2020,2014,11867202.4,442268078.0,EU27,26832.599932749385,28979.207927369338,,0.9528
EU27_2020,2015,12308193.2,442924865.0,EU27,27788.44488669653,30011.520477632253,,0.9309
EU27_2020,2016,12638272.4,444003268.0,EU27,28464.367969471794,30741.51740702954,,0.9582
EU27_2020,2017,13169370.9,444670605.0,EU27,29616.01408305368,31985.295209697975,,0.9577
EU27_2020,2018,13628646.5,445301376.0,EU27,30605.44439009324,33053.8799413007,,0.9642
EU27_2020,2019,14122772.4,446149924.0,EU27,31654.76814022723,34187.149591445406,,0.9687
EU27_2020,2020,13578815.3,447030024.0,EU27,30375.622600239487,32805.67240825865,,0.9674
EU27_2020,2021,14792278.2,445891011.0,EU27,33174.649937044815,35828.621932008406,,0.9397
EU27_2020,2022,16170154.5,445972024.0,EU27,36258.22614379955,39158.884235303514,,0.9215
EU27_2020,2023,17264212.6,447695350.0,EU27,38562.41214030926,41647.405111534004,,0.902
EU27_2020,2024,18042085.3,449306184.0,EU27,40155.435074091925,43367.86988001928,,0.8792
EU27_2020,2025,18831892.5,450646971.0,EU27,41788.57001570748,45131.65561696408,,0.9627
FI,1980,38693.8,4771292.0,Finland,8109.711164187814,8758.48805732284,,0.9131
FI,1981,47215.0,4787778.0,Finland,9861.568351748974,10650.493819888892,,0.9127
FI,1982,54051.0,4812150.0,Finland,11232.193510177363,12130.768990991553,,0.933
FI,1983,57359.4,4841715.0,Finland,11846.917879305163,12794.671309649577,,0.9264
FI,1984,67262.1,4869858.0,Finland,13811.922236746947,14916.876015686703,,0.9577
FI,1985,73748.1,4893748.0,Finland,15069.8605649494,16275.449410145353,,0.9558
FI,1986,74834.1,4910664.0,Finland,15239.100048384495,16458.228052255254,,1.0116
FI,1987,79462.3,4925644.0,Finland,16132.367666035141,17422.957079317952,,1.0286
FI,1988,92259.3,4938602.0,Finland,18681.25838040806,20175.75905084071,,1.0637
FI,1989,108108.0,4954359.0,Finland,21820.784484935386,23566.447243730217,,1.1176
FI,1990,111401.0,4974383.0,Finland,22394.9382265097,24186.533284630477,,1.1256
FI,1991,103308.7,4998478.0,Finland,20668.031348742556,22321.473856641962,,1.0727
FI,1992,86811.0,5029002.0,Finland,17262.073071356903,18643.038917065456,,0.9032
FI,1993,76014.5,5054982.0,Finland,15037.541182144665,16240.544476716239,,0.7749
FI,1994,87058.1,5077912.0,Finland,17144.468041194887,18516.025484490478,,0.8353
FI,1995,102544.7,5098754.0,Finland,20111.717490194664,21720.654889410238,,1.4893
FI,1996,104034.1,5116826.0,Finland,20331.764261673154,21958.305402607006,,1.4365
FI,1997,111990.0,5132320.0,Finland,21820.541197742932,23566.184493562367,,1.4587
FI,1998,119690.6,5147349.0,Finland,23252.862784318684,25113.091807064182,,1.4854
FI,1999,126888.0,5159646.0,Finland,24592.38482640088,26559.775612512953,,1.5115
FI,2000,136386.0,5171302.0,Finland,26373.628923625038,28483.519237515044,,1.5943
FI,2001,144613.0,5181115.0,Finland,27911.559577426866,30144.484343621018,,1.6322
FI,2002,148440.0,5194901.0,Finland,28574.173020814065,30860.10686247919,,1.5963
FI,2003,151714.0,5206295.0,Finland,29140.49242311471,31471.73181696389,,1.5947
FI,2004,158741.0,5219732.0,Finland,30411.714624428994,32844.65179438332,,1.5801
FI,2005,164666.0,5236611.0,Finland,31445.146488826456,33960.75820793257,,1.5282
FI,2006,172861.0,5255580.0,Finland,32890.946384604555,35522.22209537292,,1.5298
FI,2007,187059.0,5276955.0,Finland,35448.28409565744,38284.14682331003,,1.5374
FI,2008,194253.0,5300484.0,Finland,36648.16269608587,39580.01571177274,,1.6045
FI,2009,181735.0,5326314.0,Finland,34120.2189731961,36849.836491051785,,1.6009
FI,2010,188147.0,5351427.0,Finland,35158.28581796968,37970.94868340725,,1.5607
FI,2011,197655.0,5375276.0,Finland,36771.135100783664,39712.82590884636,,1.5541
FI,2012,200378.0,5401267.0,Finland,37098.332668983036,40066.19928250168,,1.5069
FI,2013,203497.0,5426674.0,Finland,37499.39649958704,40499.348219554005,,1.3313
FI,2014,205855.0,5451270.0,Finland,37762.75987063565,40783.78066028651,,1.3409
FI,2015,210192.0,5471753.0,Finland,38414.014667694246,41487.13584110979,,1.2868
FI,2016,215717.0,5487308.0,Finland,39311.99050609151,42456.94974657884,,1.3233
FI,2017,224706.0,5503297.0,Finland,40831.159939214616,44097.65273435179,,1.3204
FI,2018,231905.0,5513130.0,Finland,42064.126911572916,45429.25706449875,,1.3252
FI,2019,238518.0,5517919.0,Finland,43226.078527067904,46684.16480923334,,1.3228
FI,2020,236387.0,5525292.0,Finland,42782.71627997217,46205.333582369945,,1.3626
FI,2021,248764.0,5533793.0,Finland,44953.61499788662,48549.90419771756,,1.2734
FI,2022,266135.0,5548241.0,Finland,47967.454910484244,51804.85130332299,,1.2191
FI,2023,273005.0,5563970.0,Finland,49066.583752248844,52991.910452428754,,1.1478
FI,2024,275993.0,5603851.0,Finland,49250.59570641689,53190.64336293025,,1.0784
FI,2025,280570.0,5635971.0,Finland,49782.01626658477,53764.577567911554,,1.1469
FR,1991,1018584.6,58313439.0,France,17467.40747017167,18864.800067785407,,0.9065
FR,1992,1074162.7,58604851.0,France,18328.90420624054,19795.216542739785,,0.959
FR,1993,1122160.5,58885929.0,France,19056.513483891882,20581.034562603232,,0.9821
FR,1994,1168854.1,59104320.0,France,19776.119579753224,21358.209146133482,,0.9636
FR,1995,1220222.9,59315139.0,France,20571.862775201454,22217.61179721757,,1.5233
FR,1996,1259758.8,59522297.0,France,21164.48563804586,22857.64448908953,,1.4953
FR,1997,1279326.6,59726386.0,France,21419.789236870954,23133.372375820632,,1.432
FR,1998,1337784.3,59934884.0,France,22320.62883445307,24106.279141209317,,1.4259
FR,1999,1395148.0,60158533.0,France,23191.19051656396,25046.485757889077,,1.4253
FR,2000,1473517.3,60545022.0,France,24337.546693764518,26284.55042926568,,1.4712
FR,2001,1530070.9,60979315.0,France,25091.63804152277,27098.969084844593,,1.4673
FR,2002,1578330.4,61424036.0,France,25695.64787308994,27751.299702937136,,1.4355
FR,2003,1622312.8,61864088.0,France,26223.821484283417,28321.727203026094,,1.4351
FR,2004,1696107.7,62292241.0,France,27228.233769916867,29406.492471510217,,1.4147
FR,2005,1762047.7,62772870.0,France,28070.21090480649,30315.82777719101,,1.3642
FR,2006,1846020.8,63229635.0,France,29195.499863315676,31531.139852380933,,1.3579
FR,2007,1937876.3,63645065.0,France,30448.178503706455,32884.03278400297,,1.3205
FR,2008,1989999.7,64007193.0,France,31090.251059751987,33577.471144532145,,1.3611
FR,2009,1935840.2,64350226.0,France,30082.881138599263,32489.511629687207,,1.4115
FR,2010,1996075.1,64658856.0,France,30870.869413464414,33340.53896654157,,1.3704
FR,2011,2062141.4,64978721.0,France,31735.641580264408,34274.49290668556,,1.3413
FR,2012,2088286.7,65276983.0,France,31991.16448136091,34550.45763986978,,1.2994
FR,2013,2120351.9,65600350.0,France,32322.265048890746,34908.04625280201,,1.1475
FR,2014,2153733.1,66165980.0,France,32550.460221400786,35154.49703911285,,1.1558
FR,2015,2201401.6,66458153.0,France,33124.62806482148,35774.598310007204,,1.1096
FR,2016,2231819.2,66638391.0,France,33491.492914347225,36170.812347495004,,1.1274
FR,2017,2291680.5,66809816.0,France,34301.553831550744,37045.67813807481,,1.1092
FR,2018,2355362.8,67026224.0,France,35140.91439792282,37952.18754975664,,1.1071
FR,2019,2432206.8,67290471.0,France,36144.89189710085,39036.48324886892,,1.1061
FR,2020,2318276.2,67473651.0,France,34358.24452422176,37106.9040861595,,1.0943
FR,2021,2508102.3,67728568.0,France,37031.67472845432,39994.20870673067,,1.049
FR,2022,2653997.2,68091703.0,France,38976.80749738334,42094.95209717401,,0.9906
FR,2023,2833826.4,68277210.0,France,41504.718778052,44825.096280296166,,0.9709
FR,2024,2935236.2,68669303.0,France,42744.51715346521,46164.07852574243,,0.9359
FR,2025,2991055.9,68882600.0,France,43422.517442721386,46896.3188381391,,1.0004
HR,1995,17520.1,4658893.0,Croatia,3760.571449054529,4061.4171649788914,,0.2785
HR,1996,19176.8,4581167.0,Croatia,4186.007626441035,4520.888236556319,,0.2957
HR,1997,21280.4,4533028.0,Croatia,4694.522072221923,5070.083837999677,,0.3138
HR,1998,22936.1,4536812.0,Croatia,5055.554428969064,5459.99878328659,,0.323
HR,1999,22188.9,4527460.0,Croatia,4900.959920131818,5293.036713742364,,0.3012
HR,2000,23631.3,4497735.0,Croatia,5254.044535749661,5674.368098609634,,0.3176
HR,2001,25936.5,4295406.0,Croatia,6038.195225317467,6521.250843342865,,0.3531
HR,2002,28760.9,4305494.0,Croatia,6680.046470857932,7214.450188526567,,0.3732
HR,2003,31016.3,4305384.0,Croatia,7204.072853896424,7780.398682208139,,0.3942
HR,2004,33802.7,4305725.0,Croatia,7850.64071672018,8478.691974057794,,0.4079
HR,2005,36834.9,4310861.0,Croatia,8544.673558252052,9228.247442912218,,0.4153
HR,2006,40621.0,4312487.0,Croatia,9419.390713525629,10172.941970607679,,0.4381
HR,2007,44423.0,4313530.0,Croatia,10298.525801373817,11122.407865483723,,0.4466
HR,2008,48556.5,4311967.0,Croatia,11260.870039125995,12161.739642256076,,0.493
HR,2009,45861.3,4309796.0,Croatia,10641.176519723904,11492.470641301818,,0.4993
HR,2010,45983.8,4302847.0,Croatia,10686.831300299546,11541.77780432351,,0.4744
HR,2011,45758.9,4289857.0,Croatia,10666.765815270766,11520.107080492427,,0.4508
HR,2012,44867.7,4275984.0,Croatia,10492.953200947431,11332.389457023226,,0.4262
HR,2013,44799.3,4247803.0,Croatia,10546.46366604101,11390.180759324292,,0.3744
HR,2014,44280.7,4217632.0,Croatia,10498.948224975531,11338.864082973574,,0.3728
HR,2015,45487.5,4180915.0,Croatia,10879.79545147414,11750.179087592072,,0.3645
HR,2016,47573.5,4131115.0,Croatia,11515.898250230264,12437.170110248686,,0.3876
HR,2017,50204.3,4078769.0,Croatia,12308.689214809665,13293.384351994438,,0.398
HR,2018,53035.3,4014341.0,Croatia,13211.458617989852,14268.375307429042,,0.4162
HR,2019,55767.8,3968676.0,Croatia,14051.991142637999,15176.15043404904,,0.43
HR,2020,50717.8,3933511.0,Croatia,12893.77352700933,13925.275409170079,,0.4106
HR,2021,58390.4,3893026.0,Croatia,14998.71822073626,16198.615678395163,,0.4249
HR,2022,67609.4,3862305.0,Croatia,17504.935524253004,18905.330366193244,,0.4449
HR,2023,79186.3,3850894.0,Croatia,20563.095218928385,22208.142836442657,,0.481
HR,2024,85905.2,3861967.0,Croatia,22243.897992913975,24023.409832347093,,0.4871
HR,2025,92975.1,3874350.0,Croatia,23997.599597351815,25917.40756513996,,0.5529
HU,1995,35585.4,10336700.0,Hungary,3442.6267570888194,3718.0368976559253,,0.2549
HU,1996,36896.3,10321229.0,Hungary,3574.7971486728957,3860.7809205667277,,0.2526
HU,1997,41831.0,10301247.0,Hungary,4060.770506716323,4385.632147253629,,0.2715
HU,1998,43477.8,10279724.0,Hungary,4229.471530558602,4567.82925300329,,0.2702
HU,1999,46121.5,10253416.0,Hungary,4498.159442667692,4858.012198081107,,0.2765
HU,2000,51300.9,10221644.0,Hungary,5018.850196700257,5420.358212436277,,0.3034
HU,2001,60068.8,10200298.0,Hungary,5888.925990201463,6360.0400694175805,,0.3444
HU,2002,71785.3,10174853.0,Hungary,7055.168266313037,7619.581727618081,,0.3941
HU,2003,75344.2,10142362.0,Hungary,7428.664052811367,8022.957177036276,,0.4065
HU,2004,83798.3,10116742.0,Hungary,8283.131071248035,8945.781556947879,,0.4304
HU,2005,90999.5,10097549.0,Hungary,9012.038465968326,9733.001543245793,,0.438
HU,2006,92038.0,10076581.0,Hungary,9133.852047634015,9864.560211444736,,0.4248
HU,2007,102368.2,10066158.0,Hungary,10169.54035491992,10983.103583313514,,0.441
HU,2008,108278.8,10045401.0,Hungary,10778.942523051095,11641.257924895184,,0.4719
HU,2009,94416.6,10030975.0,Hungary,9412.50476648581,10165.505147804675,,0.4416
HU,2010,99562.8,10014324.0,Hungary,9942.039023303021,10737.402145167263,,0.4413
HU,2011,101986.9,9985722.0,Hungary,10213.272510490478,11030.334311329718,,0.4317
HU,2012,99979.9,9931925.0,Hungary,10066.517820060059,10871.839245664863,,0.4089
HU,2013,102210.9,9895250.0,Hungary,10329.28930547485,11155.632449912839,,0.3667
HU,2014,106335.3,9850217.0,Hungary,10795.224105215144,11658.842033632356,,0.3833
HU,2015,112854.0,9815858.0,Hungary,11497.110084518337,12416.878891279805,,0.3851
HU,2016,116593.5,9779652.0,Hungary,11922.049987054754,12875.813986019135,,0.4013
HU,2017,127222.5,9739857.0,Hungary,13062.050089647108,14107.014096818877,,0.4224
HU,2018,136580.0,9713655.0,Hungary,14060.618788705178,15185.468291801593,,0.443
HU,2019,147373.2,9700272.0,Hungary,15192.687380312635,16408.102370737648,,0.4649
HU,2020,138954.5,9689376.0,Hungary,14340.913181612521,15488.186236141524,,0.4567
HU,2021,154971.7,9651461.0,Hungary,16056.812538536911,17341.357541619866,,0.4548
HU,2022,168546.2,9610403.0,Hungary,17537.89097085731,18940.922248525894,,0.4457
HU,2023,196983.7,9599744.0,Hungary,20519.682608202886,22161.257216859118,,0.48
HU,2024,206156.2,9584627.0,Hungary,21509.047769934084,23229.771591528814,,0.471
HU,2025,218833.9,9539502.0,Hungary,22939.761425701257,24774.94233975736,,0.5285
IE,1995,52881.3,3597617.0,Ireland,14698.97990808916,15874.898300736295,,1.0885
IE,1996,59701.5,3620065.0,Ireland,16491.83094778685,17811.1774236098,,1.1652
IE,1997,73118.8,3654955.0,Ireland,20005.389943241436,21605.821138700754,,1.3374
IE,1998,80565.7,3693386.0,Ireland,21813.506630501117,23558.587160941206,,1.3935
IE,1999,92790.5,3732006.0,Ireland,24863.438054494018,26852.513098853542,,1.5281
IE,2000,108495.3,3777565.0,Ireland,28720.96178358281,31018.638726269437,,1.7362
IE,2001,122089.2,3832783.0,Ireland,31853.929638072386,34402.24400911818,,1.8627
IE,2002,135997.9,3899702.0,Ireland,34873.921135512406,37663.8348263534,,1.9483
IE,2003,145576.9,3964191.0,Ireland,36722.97828232797,39660.81654491421,,2.0097
IE,2004,156260.0,4028851.0,Ireland,38785.25167597412,41888.07181005205,,2.0151
IE,2005,170306.8,4111672.0,Ireland,41420.32730237237,44733.95348656216,,2.013
IE,2006,184916.2,4208156.0,Ireland,43942.33483739671,47457.72162438845,,2.0438
IE,2007,197069.4,4340118.0,Ireland,45406.46129897851,49038.9782028968,,1.9692
IE,2008,187283.0,4457765.0,Ireland,42012.75751413545,45373.77811526629,,1.8393
IE,2009,169519.7,4521322.0,Ireland,37493.39241929683,40492.86381284058,,1.7592
IE,2010,167255.1,4549428.0,Ireland,36763.98439540092,39705.103147033,,1.632
IE,2011,173120.4,4570881.0,Ireland,37874.62416982634,40904.59410341245,,1.6008
IE,2012,176621.9,4589287.0,Ireland,38485.69505459127,41564.55065895857,,1.5632
IE,2013,182908.6,4609779.0,Ireland,39678.38805287629,42852.65909710639,,1.4086
IE,2014,200594.9,4637852.0,Ireland,43251.68202866327,46711.81659095634,,1.5358
IE,2015,272282.9,4677627.0,Ireland,58209.622101120935,62866.391869210616,,1.9499
IE,2016,275933.1,4726286.0,Ireland,58382.6497169236,63053.2616942775,,1.9653
IE,2017,308366.0,4799157.0,Ireland,64254.201310771874,69394.53741563363,,2.0778
IE,2018,335136.0,4855733.0,Ireland,69018.62190528186,74540.11165770442,,2.1744
IE,2019,363752.6,4940311.0,Ireland,73629.49417556911,79519.85370961465,,2.2532
IE,2020,381728.7,5012600.0,Ireland,76153.83234249691,82246.13892989667,,2.4254
IE,2021,448445.1,5066893.0,Ireland,88504.94770661232,95585.34352314132,,2.5071
IE,2022,520718.4,5154277.0,Ireland,101026.46792168911,109108.58535542425,,2.5675
IE,2023,524728.8,5271395.0,Ireland,99542.68272440218,107506.09734235436,,2.3285
IE,2024,562794.2,5351681.0,Ireland,105162.13503757044,113575.10584057607,,2.3026
IE,2025,638683.3,5440278.0,Ireland,117399.0189471935,126790.940462969,,2.7047
IS,1995,5631.7,266978.0,Iceland,21094.247466083347,22781.787263370017,,1.562
IS,1996,6037.8,267958.0,Iceland,22532.635711566738,24335.24656849208,,1.5919
IS,1997,6802.0,269874.0,Iceland,25204.35462475081,27220.702994730877,,1.685
IS,1998,7690.3,272381.0,Iceland,28233.613945172387,30492.30306078618,,1.8036
IS,1999,8535.9,275712.0,Iceland,30959.479456824512,33436.23781337048,,1.9028
IS,2000,9900.3,279049.0,Iceland,35478.71520772338,38317.01242434125,,2.1447
IS,2001,9276.0,283361.0,Iceland,32735.62699171728,35354.47715105466,,1.9143
IS,2002,10015.1,286575.0,Iceland,34947.57044403734,37743.37607956033,,1.9524
IS,2003,10237.9,288471.0,Iceland,35490.2225873658,38329.44039435507,,1.9422
IS,2004,11248.0,290570.0,Iceland,38710.121485356365,41806.931204184875,,2.0112
IS,2005,13804.3,293577.0,Iceland,47021.05410164965,50782.738429781624,,2.2852
IS,2006,14131.7,299891.0,Iceland,47122.78794628715,50892.610981990125,,2.1917
IS,2007,16052.2,307672.0,Iceland,52173.09342416599,56346.940898099274,,2.2627
IS,2008,11158.1,315459.0,Iceland,35370.99908387461,38200.67901058458,,1.5486
IS,2009,9460.7,319368.0,Iceland,29623.193306780893,31993.048771323367,,1.3899
IS,2010,10512.9,317630.0,Iceland,33097.94414885244,35745.779680760636,,1.4693
IS,2011,11058.1,318452.0,Iceland,34724.54247421904,37502.505872156566,,1.4676
IS,2012,11629.5,319575.0,Iceland,36390.51865759212,39301.76015019949,,1.4781
IS,2013,12222.7,321857.0,Iceland,37975.560575037984,41013.60542104102,,1.3482
IS,2014,13611.7,325671.0,Iceland,41795.86146755468,45139.53038495906,,1.4841
IS,2015,15960.5,329100.0,Iceland,48497.417198419935,52377.21057429353,,1.6246
IS,2016,19067.0,332529.0,Iceland,57339.35987537929,61926.50866540964,,1.9301
IS,2017,22211.8,338349.0,Iceland,65647.60055445708,70899.40859881365,,2.1229
IS,2018,22591.2,348450.0,Iceland,64833.405079638396,70020.07748600947,,2.0426
IS,2019,22315.1,356991.0,Iceland,62508.858766747624,67509.56746808744,,1.9129
IS,2020,19302.5,364134.0,Iceland,53009.33172952814,57250.07826789039,,1.6883
IS,2021,22188.1,368792.0,Iceland,60164.26603613961,64977.40731903078,,1.7043
IS,2022,27748.6,376248.0,Iceland,73750.82392464545,79650.88983861709,,1.8743
IS,2023,29323.9,387758.0,Iceland,75624.22954523182,81674.16790885037,,1.769
IS,2024,30663.5,383567.0,Iceland,79943.0086529863,86338.44934522522,,1.7504
IS,2025,34256.9,389444.0,Iceland,87963.60965889832,95000.69843161019,,2.0265
IT,1995,900369.7,56844408.0,Italy,15839.19565139987,17106.331303511863,,1.1729
IT,1996,1035610.7,56844197.0,Italy,18218.40670913163,19675.87924586216,,1.2871
IT,1997,1099046.2,56876364.0,Italy,19323.425808302374,20869.299872966567,,1.2918
IT,1998,1136926.5,56904379.0,Italy,19979.59594638578,21577.963622096642,,1.2763
IT,1999,1177549.7,56909109.0,Italy,20691.76131364137,22347.10221873268,,1.2717
IT,2000,1244744.2,56923524.0,Italy,21866.95609358268,23616.312581069298,,1.3218
IT,2001,1308623.1,56960692.0,Italy,22974.143291658045,24812.074754990692,,1.3434
IT,2002,1355522.3,56993270.0,Italy,23783.901151837752,25686.613243984775,,1.3287
IT,2003,1399386.0,57186378.0,Italy,24470.61781041632,26428.267235249627,,1.3392
IT,2004,1457356.2,57611990.0,Italy,25296.05729640653,27319.741880119054,,1.3143
IT,2005,1499073.1,58044368.0,Italy,25826.331677864076,27892.438212093206,,1.2552
IT,2006,1559864.2,58288996.0,Italy,26760.869238509444,28901.738777590203,,1.2447
IT,2007,1621714.5,58510725.0,Italy,27716.534020045045,29933.85674164865,,1.202
IT,2008,1643718.8,59001769.0,Italy,27858.805385987664,30087.509816866677,,1.2197
IT,2009,1584106.8,59420592.0,Italy,26659.22278256669,28791.960605172026,,1.2509
IT,2010,1617944.7,59690316.0,Italy,27105.64809206237,29274.09993942736,,1.2033
IT,2011,1657362.2,59948497.0,Italy,27646.434571996026,29858.14933775571,,1.1685
IT,2012,1632898.5,60105185.0,Italy,27167.34837435406,29340.73624430239,,1.1035
IT,2013,1621260.7,60277309.0,Italy,26896.700050096795,29048.43605410454,,0.9549
IT,2014,1635870.7,60345917.0,Italy,27108.22506848309,29276.88307396174,,0.9626
IT,2015,1663277.7,60295497.0,Italy,27585.438096645925,29792.2731443776,,0.9241
IT,2016,1704856.7,60163712.0,Italy,28336.95999342594,30603.916792900014,,0.9539
IT,2017,1744493.0,60066734.0,Italy,29042.581206429502,31365.987702943865,,0.9392
IT,2018,1777744.4,59937769.0,Italy,29659.836020923634,32032.622902597526,,0.9344
IT,2019,1804066.8,59816673.0,Italy,30159.932164732734,32572.726737911355,,0.9229
IT,2020,1670011.9,59641488.0,Italy,28000.842299575088,30240.909683541096,,0.8918
IT,2021,1842507.4,59236213.0,Italy,31104.409054643653,33592.76177901515,,0.8811
IT,2022,1998072.6,59030133.0,Italy,33848.349960519314,36556.21795736086,,0.8602
IT,2023,2142744.4,58997201.0,Italy,36319.42471304698,39224.97869009074,,0.8496
IT,2024,2202031.2,58971230.0,Italy,37340.77108447628,40328.03277123438,,0.8176
IT,2025,2258048.7,58943464.0,Italy,38308.72070905096,41373.41836577504,,0.8826
LI,2013,4812.4,36838.0,Liechtenstein,130636.84239100928,141087.78978229003,,4.6377
LI,2014,5021.7,37129.0,Liechtenstein,135250.0740660939,146070.0799913814,,4.8024
LI,2015,5649.1,37366.0,Liechtenstein,151182.89353958145,163277.52502274798,,5.0644
LI,2016,5637.7,37622.0,Liechtenstein,149851.1509223327,161839.2429961193,,5.0442
LI,2017,5734.6,37810.0,Liechtenstein,151668.87066913515,163802.38032266597,,4.9046
LI,2018,5666.3,38114.0,Liechtenstein,148667.15642546047,160560.52893949734,,4.6837
LI,2019,5750.1,38378.0,Liechtenstein,149828.02647350045,161814.2685913805,,4.585
LI,2020,5618.0,38747.0,Liechtenstein,144991.8703383488,156591.2199654167,,4.6178
LI,2021,6688.5,39055.0,Liechtenstein,171258.48162847265,184959.16015875048,,4.8512
LI,2022,7058.2,39308.0,Liechtenstein,179561.4124351277,193926.32542993795,,4.5634
LI,2023,7617.8,39677.0,Liechtenstein,191995.36255261235,207354.99155682136,,4.4911
LI,2024,8231.2,40015.0,Liechtenstein,205702.86142696493,222159.09034112212,,4.5041
LT,1995,5156.9,3642991.0,Lithuania,1415.5675926731633,1528.8130000870165,,0.1048
LT,1996,6639.4,3615212.0,Lithuania,1836.5174711745813,1983.4388688685478,,0.1298
LT,1997,8966.6,3588013.0,Lithuania,2499.0433423736204,2698.9668097635104,,0.1671
LT,1998,10070.0,3562261.0,Lithuania,2826.8563140095575,3053.004819130322,,0.1806
LT,1999,10339.7,3536401.0,Lithuania,2923.7917306323575,3157.6950690829462,,0.1797
LT,2000,12503.7,3512074.0,Lithuania,3560.204027591674,3845.020349799008,,0.2152
LT,2001,13690.7,3486998.0,Lithuania,3926.2138951613965,4240.311006774308,,0.2296
LT,2002,15177.2,3454637.0,Lithuania,4393.283577985183,4744.746264223998,,0.2454
LT,2003,16674.6,3431497.0,Lithuania,4859.278618049207,5248.020907493144,,0.2659
LT,2004,18312.5,3398929.0,Lithuania,5387.726545626579,5818.744669276705,,0.2799
LT,2005,20986.0,3355220.0,Lithuania,6254.731433408241,6755.109948080901,,0.304
LT,2006,23999.6,3289835.0,Lithuania,7295.077108730377,7878.683277428808,,0.3393
LT,2007,29034.1,3249983.0,Lithuania,8933.615960452717,9648.305237288934,,0.3874
LT,2008,32683.1,3212605.0,Lithuania,10173.39511082128,10987.266719686984,,0.4454
LT,2009,26973.5,3183856.0,Lithuania,8471.95978712605,9149.716570096134,,0.3975
LT,2010,27663.4,3141976.0,Lithuania,8804.459359333108,9508.816108079758,,0.3908
LT,2011,31066.4,3052588.0,Lithuania,10177.069424370404,10991.234978320037,,0.4301
LT,2012,33240.4,3003641.0,Lithuania,11066.702045950231,11952.038209626251,,0.4495
LT,2013,34874.0,2974637.0,Lithuania,11723.783439794503,12661.686114978063,,0.4162
LT,2014,36410.1,2947862.0,Lithuania,12351.358374306532,13339.467044251056,,0.4386
LT,2015,37440.7,2926644.0,Lithuania,12793.048966666256,13816.492883999557,,0.4285
LT,2016,38820.7,2895573.0,Lithuania,13406.914624497465,14479.467794457263,,0.4513
LT,2017,42274.6,2859077.0,Lithuania,14786.100549233197,15968.988593171855,,0.4781
LT,2018,45947.4,2826200.0,Lithuania,16257.660462812257,17558.273299837238,,0.5122
LT,2019,49239.2,2812200.0,Lithuania,17509.138752578052,18909.869852784297,,0.5358
LT,2020,50264.6,2809977.0,Lithuania,17887.90442056999,19318.936774215592,,0.5697
LT,2021,56709.1,2810761.0,Lithuania,20175.71042148372,21789.76725520242,,0.5715
LT,2022,67081.1,2805998.0,Lithuania,23906.324951051287,25818.830947135393,,0.6076
LT,2023,74317.0,2857279.0,Lithuania,26009.71063728813,28090.487488271185,,0.6084
LT,2024,78996.2,2885891.0,Lithuania,27373.24451963016,29563.104081200574,,0.5994
LT,2025,84258.0,2890664.0,Lithuania,29148.320247527903,31480.185867330136,,0.6715
LU,1995,15946.2,405650.0,Luxembourg,39310.242820165164,42455.06224577838,,2.9109
LU,1996,16462.1,411600.0,Luxembourg,39995.38386783284,43195.01457725947,,2.8257
LU,1997,17266.5,416850.0,Luxembourg,41421.374595178124,44735.08456279238,,2.7691
LU,1998,18005.7,422050.0,Luxembourg,42662.480748726455,46075.47920862457,,2.7254
LU,1999,20547.8,427350.0,Luxembourg,48081.90008190008,51928.45208845209,,2.9551
LU,2000,22986.0,433600.0,Luxembourg,53011.9926199262,57252.9520295203,,3.2045
LU,2001,23879.9,439000.0,Luxembourg,54396.12756264237,58747.81776765376,,3.1809
LU,2002,25011.1,444050.0,Luxembourg,56324.963405021954,60830.960477423716,,3.1467
LU,2003,26227.3,448300.0,Luxembourg,58503.903635958064,63184.21592683472,,3.2017
LU,2004,28189.4,454960.0,Luxembourg,61960.172322841565,66916.98610866889,,3.2192
LU,2005,30281.0,461230.0,Luxembourg,65652.71122867116,70904.92812696486,,3.1907
LU,2006,34175.1,469086.0,Luxembourg,72854.65778130236,78683.03040380655,,3.3886
LU,2007,37641.9,476187.0,Luxembourg,79048.5670545395,85372.45241890266,,3.4283
LU,2008,40009.6,483799.0,Luxembourg,82698.80673585518,89314.7112747236,,3.6206
LU,2009,39050.7,493500.0,Luxembourg,79130.09118541033,85460.49848024317,,3.7128
LU,2010,42402.7,502066.0,Luxembourg,84456.42604757144,91212.94013137717,,3.7492
LU,2011,44323.5,511840.0,Luxembourg,86596.3973116599,93524.10909659269,,3.66
LU,2012,46526.2,524853.0,Luxembourg,88646.15425652516,95737.84659704717,,3.6007
LU,2013,49094.5,537039.0,Luxembourg,91417.01068265061,98730.37153726266,,3.2454
LU,2014,51791.3,549680.0,Luxembourg,94220.81938582448,101758.48493669044,,3.3456
LU,2015,54142.3,562958.0,Luxembourg,96174.67022406645,103868.64384199177,,3.2217
LU,2016,56208.1,576249.0,Luxembourg,97541.34063573212,105344.6478865907,,3.2834
LU,2017,58168.8,590667.0,Luxembourg,98479.85413100783,106358.24246148847,,3.1846
LU,2018,60193.4,602005.0,Luxembourg,99988.2060780226,107987.26256426441,,3.1501
LU,2019,62415.0,613894.0,Luxembourg,101670.64672402728,109804.29846194947,,3.1113
LU,2020,64499.2,626108.0,Luxembourg,103016.09307020514,111257.38051582155,,3.2809
LU,2021,73039.5,634730.0,Luxembourg,115071.76279677973,124277.50382052212,,3.2596
LU,2022,76731.2,645397.0,Luxembourg,118889.923566425,128401.117451739,,3.0215
LU,2023,82115.5,660809.0,Luxembourg,124265.10534814144,134206.31377599278,,2.9068
LU,2024,86180.3,672050.0,Luxembourg,128234.95275649133,138493.74897701063,,2.8078
LU,2025,89521.5,681973.0,Luxembourg,131268.39332348935,141769.8647893685,,3.0242
LV,1995,4008.1,2500580.0,Latvia,1602.8681345927744,1731.0975853601965,,0.1187
LV,1996,4565.2,2469531.0,Latvia,1848.6101207071301,1996.4989303637008,,0.1306
LV,1997,5593.9,2444912.0,Latvia,2287.9760089524693,2471.014089668667,,0.153
LV,1998,6230.7,2420789.0,Latvia,2573.8302677350234,2779.7366891538254,,0.1644
LV,1999,6850.7,2399248.0,Latvia,2855.353010609991,3083.7812514587904,,0.1755
LV,2000,8418.0,2381715.0,Latvia,3534.4279227363477,3817.182156555256,,0.2137
LV,2001,9182.2,2353384.0,Latvia,3901.7006999282735,4213.836755922535,,0.2282
LV,2002,9841.0,2320956.0,Latvia,4240.063146393124,4579.268198104574,,0.2369
LV,2003,10029.0,2299390.0,Latvia,4361.591552542196,4710.518876745572,,0.2387
LV,2004,11229.7,2276520.0,Latvia,4932.836083144449,5327.462969796005,,0.2563
LV,2005,13226.9,2249724.0,Latvia,5879.343421681949,6349.690895416505,,0.2857
LV,2006,16449.4,2227874.0,Latvia,7383.451667374367,7974.127800764318,,0.3434
LV,2007,21592.4,2208840.0,Latvia,9775.44774632839,10557.483566034662,,0.424
LV,2008,23355.3,2191810.0,Latvia,10655.713770810426,11508.17087247526,,0.4665
LV,2009,18406.6,2162834.0,Latvia,8510.408103442058,9191.240751717423,,0.3993
LV,2010,17572.2,2120504.0,Latvia,8286.803514636144,8949.747795807036,,0.3679
LV,2011,19022.6,2074605.0,Latvia,9169.263546554645,9902.804630279017,,0.3875
LV,2012,21270.9,2044813.0,Latvia,10402.369312010438,11234.558856971275,,0.4225
LV,2013,21997.0,2023825.0,Latvia,10869.022766296494,11738.544587600214,,0.3859
LV,2014,22790.5,2001468.0,Latvia,11386.892021256397,12297.84338295691,,0.4043
LV,2015,23744.3,1986096.0,Latvia,11955.262988294624,12911.684027358195,,0.4005
LV,2016,24498.2,1968957.0,Latvia,12442.221947965345,13437.599703802573,,0.4188
LV,2017,26017.1,1950116.0,Latvia,13341.308927263814,14408.61364144492,,0.4314
LV,2018,28153.4,1934379.0,Latvia,14554.231616451585,15718.570145767713,,0.4585
LV,2019,29567.0,1919968.0,Latvia,15399.735828930483,16631.714695244922,,0.4713
LV,2020,29224.3,1907675.0,Latvia,15319.328501972295,16544.87478213008,,0.4879
LV,2021,32283.8,1893223.0,Latvia,17052.296533477565,18416.480256155774,,0.483
LV,2022,36088.7,1875757.0,Latvia,19239.539023444933,20778.70214532053,,0.489
LV,2023,39564.2,1895239.0,Latvia,20875.572948847086,22545.618784754854,,0.4883
LV,2024,40652.3,1878575.0,Latvia,21639.966463942084,23371.163781057454,,0.4738
LV,2025,43026.2,1860565.0,Latvia,23125.340958257304,24975.36823491789,,0.5328
MD,2014,7082.6,3557634.0,MD,1990.8174927493947,2150.0828921693465,,0.0707
MD,2015,7025.0,2869302.0,MD,2448.330639298338,2644.1970904422055,,0.082
MD,2016,7210.8,2846327.0,MD,2533.3701995589404,2736.0398155236558,,0.0853
MD,2017,8450.3,2825628.0,MD,2990.5918259586892,3229.8391720353848,,0.0967
MD,2018,9526.5,2780744.0,MD,3425.881706478554,3699.9522429968383,,0.1079
MD,2019,10484.4,2729634.0,MD,3840.9545015925214,4148.230861719923,,0.1175
MD,2020,10112.5,2684772.0,MD,3766.6140737462997,4067.943199646004,,0.12
MD,2021,11570.8,2643675.0,MD,4376.786102679036,4726.92899089336,,0.124
MD,2022,13793.6,2565030.0,MD,5377.558936932512,5807.763651887113,,0.1367
MD,2023,15453.5,2512758.0,MD,6150.0152422159235,6642.016461593198,,0.1439
MD,2024,16824.8,2423287.0,MD,6942.966309809775,7498.403614594557,,0.152
MD,2025,18045.0,2415549.0,MD,7470.351460475445,8067.979577313481,,0.1721
ME,2006,2166.3,613109.0,ME,3533.303213621069,3815.9674707107547,,0.1643
ME,2007,2687.1,614624.0,ME,4371.9412193471135,4721.696516894883,,0.1896
ME,2008,3100.0,615543.0,ME,5036.203807045162,5439.1001116087755,,0.2205
ME,2009,2981.9,617157.0,ME,4831.671681598037,5218.20541612588,,0.2267
ME,2010,3120.5,619001.0,ME,5041.1873324921935,5444.4823190915695,,0.2238
ME,2011,3238.0,619850.0,ME,5223.844478502863,5641.752036783093,,0.2208
ME,2012,3169.3,620308.0,ME,5109.236056926559,5517.974941480685,,0.2075
ME,2013,3329.6,620893.0,ME,5362.598708634177,5791.6066053249115,,0.1904
ME,2014,3447.2,621521.0,ME,5546.393444469294,5990.104920026838,,0.1969
ME,2015,3615.0,622099.0,ME,5810.9722086034535,6275.84998529173,,0.1947
ME,2016,3936.6,622218.0,ME,6326.721502753055,6832.859222973299,,0.213
ME,2017,4252.5,622387.0,ME,6832.56559021959,7379.170837437158,,0.2209
ME,2018,4600.9,622359.0,ME,7392.678502279231,7984.09278246157,,0.2329
ME,2019,4898.4,622182.0,ME,7872.937500602718,8502.772500650935,,0.2409
ME,2020,4144.8,621873.0,ME,6665.026460386606,7198.2285772175355,,0.2123
ME,2021,4923.2,620739.0,ME,7931.19169248267,8565.687027881284,,0.2247
ME,2022,5944.4,617683.0,ME,9623.706658593486,10393.603191280967,,0.2446
ME,2023,7068.8,616695.0,ME,11462.392268463342,12379.38364994041,,0.2681
ME,2024,7644.5,623680.0,ME,12257.086967675732,13237.653925089791,,0.2684
ME,2025,8170.7,623327.0,ME,13108.20805131175,14156.864695416692,,0.302
MK,2000,4094.6,2021578.0,MK,2025.4474474890408,2187.483243288164,,0.1224
MK,2001,4143.5,2031112.0,MK,2040.0155185927708,2203.2167600801927,,0.1193
MK,2002,4240.5,2038651.0,MK,2080.051955925757,2246.4561123998174,,0.1162
MK,2003,4385.9,2023654.0,MK,2167.317140183055,2340.7025113976997,,0.1186
MK,2004,4577.7,2029892.0,MK,2255.144608678688,2435.5561773729833,,0.1172
MK,2005,5032.0,2035196.0,MK,2472.4891361814784,2670.288267075997,,0.1202
MK,2006,5472.2,2038514.0,MK,2684.4063862205508,2899.158897118195,,0.1249
MK,2007,6094.5,2041941.0,MK,2984.660183619409,3223.432998308962,,0.1294
MK,2008,6772.1,2045177.0,MK,3311.2537447859036,3576.154044368776,,0.145
MK,2009,6766.5,2048619.0,MK,3302.9567723427344,3567.1933141301533,,0.155
MK,2010,7108.3,2052722.0,MK,3462.865405057285,3739.894637461868,,0.1537
MK,2011,7544.2,2057284.0,MK,3667.067842845227,3960.433270272845,,0.155
MK,2012,7584.8,2059794.0,MK,3682.3099785706727,3976.8947768563266,,0.1496
MK,2013,8149.6,2062294.0,MK,3951.7159047158166,4267.853177093082,,0.1403
MK,2014,8562.0,2065769.0,MK,4144.703497825749,4476.279777651809,,0.1472
MK,2015,9072.3,2069172.0,MK,4384.50742615887,4735.268020251579,,0.1469
MK,2016,9656.5,2071278.0,MK,4662.097506949815,5035.065307505801,,0.1569
MK,2017,10038.3,2073702.0,MK,4840.76304116985,5228.024084463438,,0.1565
MK,2018,10744.0,2075301.0,MK,5177.080336780063,5591.246763722468,,0.1631
MK,2019,11262.0,2077132.0,MK,5421.899041563079,5855.650964888126,,0.1659
MK,2020,10851.7,2076255.0,MK,5226.573807167231,5644.69971174061,,0.1665
MK,2021,11834.7,2068808.0,MK,5720.540523818547,6178.183765724031,,0.162
MK,2022,13243.2,1837114.0,MK,7208.697990434997,7785.393829669798,,0.1832
MK,2023,14667.4,1829954.0,MK,8015.1741519185725,8656.38808407206,,0.1875
MK,2024,15672.0,1826247.0,MK,8581.533604161978,9268.056292494937,,0.1879
MK,2025,16949.1,1822612.0,MK,9299.346213017361,10043.29391005875,,0.2142
MT,1995,2838.2,376433.0,Malta,7539.721544072916,8142.89926759875,,0.5583
MT,1996,3010.5,378404.0,Malta,7955.782708428029,8592.245325102273,,0.5621
MT,1997,3341.0,381405.0,Malta,8759.717360810686,9460.494749675541,,0.5856
MT,1998,3581.2,384176.0,Malta,9321.769189121653,10067.510724251386,,0.5955
MT,1999,3852.1,386397.0,Malta,9969.280299795288,10766.82272377891,,0.6127
MT,2000,4377.0,388759.0,Malta,11258.903330855363,12159.615597323793,,0.6806
MT,2001,4546.1,391415.0,Malta,11614.526781038028,12543.688923521071,,0.6792
MT,2002,4724.5,394641.0,Malta,11971.640047536875,12929.371251339826,,0.6688
MT,2003,4796.9,397296.0,Malta,12073.869356852321,13039.778905400508,,0.6608
MT,2004,4915.6,399867.0,Malta,12293.08745157765,13276.534447703863,,0.6387
MT,2005,5133.8,402668.0,Malta,12749.461094499688,13769.417982059664,,0.6196
MT,2006,5380.6,404999.0,Malta,13285.464902382475,14348.302094573073,,0.6179
MT,2007,5778.2,405616.0,Malta,14245.493274427045,15385.132736381209,,0.6178
MT,2008,6236.5,407832.0,Malta,15291.83585397909,16515.182722297417,,0.6695
MT,2009,6287.6,410926.0,Malta,15301.051770878455,16525.135912548732,,0.7179
MT,2010,6862.0,414027.0,Malta,16573.79832716224,17899.70219333522,,0.7357
MT,2011,7032.8,414989.0,Malta,16946.95522049982,18302.71163813981,,0.7163
MT,2012,7479.5,417546.0,Malta,17912.996412371333,19346.03612536104,,0.7276
MT,2013,8129.4,421464.0,Malta,19288.480154888675,20831.55856727977,,0.6848
MT,2014,8948.5,428156.0,Malta,20900.092489653303,22572.09988882557,,0.7421
MT,2015,10221.4,438805.0,Malta,23293.7181663837,25157.215619694398,,0.7803
MT,2016,10864.3,449635.0,Malta,24162.487350851246,26095.48633891935,,0.8133
MT,2017,12535.7,459375.0,Malta,27288.598639455784,29471.68653061225,,0.8824
MT,2018,13678.6,474837.0,Malta,28806.937959763036,31111.492996544082,,0.9076
MT,2019,14594.2,492968.0,Malta,29604.761363820777,31973.14227292644,,0.9059
MT,2020,14362.4,514855.0,Malta,27896.009556088607,30127.690320575697,,0.8884
MT,2021,16680.3,516125.0,Malta,32318.33373698232,34903.80043594091,,0.9155
MT,2022,17985.3,520174.0,Malta,34575.54587503412,37341.589545036855,,0.8787
MT,2023,20929.2,542051.0,Malta,38611.12699727516,41700.01715705718,,0.9032
MT,2024,23142.3,563443.0,Malta,41073.0100471565,44358.850850929026,,0.8993
MT,2025,24577.9,574250.0,Malta,42800.0,46224.0,,0.986
NL,1995,346510.0,15424122.0,Netherlands,22465.4602706073,24262.697092255883,,1.6636
NL,1996,355624.3,15493889.0,Netherlands,22952.552454712953,24788.756651089992,,1.6216
NL,1997,368473.6,15567107.0,Netherlands,23670.011390041836,25563.612301245186,,1.5824
NL,1998,392001.0,15654192.0,Netherlands,25041.27967767356,27044.582051887446,,1.5997
NL,1999,420143.0,15760225.0,Netherlands,26658.439203755024,28791.11434005543,,1.6384
NL,2000,452191.0,15863950.0,Netherlands,28504.313238506173,30784.65829758667,,1.7231
NL,2001,482941.0,15987075.0,Netherlands,30208.215073739255,32624.8722796384,,1.7665
NL,2002,502901.0,16105285.0,Netherlands,31225.83673620181,33723.90367509796,,1.7445
NL,2003,514901.0,16192572.0,Netherlands,31798.592589244006,34342.47999638353,,1.7402
NL,2004,531573.0,16258032.0,Netherlands,32696.023725380783,35311.705623411246,,1.6987
NL,2005,553122.0,16305526.0,Netherlands,33922.36472469517,36636.15390267079,,1.6486
NL,2006,587444.0,16334210.0,Netherlands,35964.02886947089,38841.15117902856,,1.6727
NL,2007,622775.0,16357992.0,Netherlands,38071.604387629,41117.33273863932,,1.6511
NL,2008,651299.0,16405399.0,Netherlands,39700.28403454253,42876.30675730593,,1.7381
NL,2009,630173.0,16485787.0,Netherlands,38225.230011767104,41283.248412708475,,1.7935
NL,2010,643022.0,16574989.0,Netherlands,38794.71654551324,41898.2938691543,,1.7222
NL,2011,656013.0,16655799.0,Netherlands,39386.46233663122,42537.37932356173,,1.6647
NL,2012,658232.0,16730348.0,Netherlands,39343.592852940055,42491.080281175266,,1.5981
NL,2013,665567.0,16779575.0,Netherlands,39665.3073751868,42838.53196520175,,1.4081
NL,2014,678627.0,16829289.0,Netherlands,40324.163427225,43550.096501403,,1.4318
NL,2015,699175.0,16900726.0,Netherlands,41369.52459912077,44679.086567050435,,1.3858
NL,2016,720175.0,16979120.0,Netherlands,42415.33130103327,45808.55780511594,,1.4278
NL,2017,750861.0,17081507.0,Netherlands,43957.538406886466,47474.141479437385,,1.4215
NL,2018,787273.0,17181084.0,Netherlands,45822.07967785967,49487.84605208845,,1.4436
NL,2019,829767.0,17282163.0,Netherlands,48012.91366132816,51853.946754234414,,1.4693
NL,2020,816463.0,17407585.0,Netherlands,46902.71510953415,50654.93231829688,,1.4938
NL,2021,891550.0,17475415.0,Netherlands,51017.386425443976,55098.7773394795,,1.4452
NL,2022,993820.0,17590672.0,Netherlands,56496.988858640536,61016.74796733178,,1.4358
NL,2023,1050133.0,17811291.0,Netherlands,58958.836841192475,63675.54378848788,,1.3792
NL,2024,1121543.0,17942942.0,Netherlands,62506.081778562286,67506.56832084728,,1.3686
NL,2025,1179458.0,18044027.0,Netherlands,65365.56390654924,70594.80901907319,,1.5059
NO,1975,26443.9,3997525.0,Norway,6615.0680733703975,7144.27351924003,,1.3119
NO,1976,32048.2,4017101.0,Norway,7977.942302172636,8616.177686346447,,1.3658
NO,1977,36241.7,4035202.0,Norway,8981.384327228228,9699.895073406487,,1.3726
NO,1978,36424.8,4051208.0,Norway,8991.095989146941,9710.383668278697,,1.3138
NO,1979,38643.8,4066134.0,Norway,9503.818614930055,10264.12410412446,,1.2497
NO,1980,46170.3,4078900.0,Norway,11319.301772536714,12224.845914339652,,1.2744
NO,1981,56966.2,4092340.0,Norway,13920.202133742554,15033.81830444196,,1.2883
NO,1982,63849.3,4107063.0,Norway,15546.218794306296,16789.916297850803,,1.2913
NO,1983,69037.3,4122511.0,Norway,16746.419839753005,18086.133426933247,,1.3095
NO,1984,78684.7,4134353.0,Norway,19031.92591440547,20554.47998755791,,1.3196
NO,1985,86106.0,4145845.0,Norway,20769.2279860921,22430.76622497947,,1.3173
NO,1986,79701.4,4159187.0,Norway,19162.735409588462,20695.75424235554,,1.2721
NO,1987,81486.3,4175521.0,Norway,19515.24133156078,21076.460638085646,,1.2443
NO,1988,85898.3,4198289.0,Norway,20460.311331592464,22097.136238119863,,1.1651
NO,1989,92825.3,4220686.0,Norway,21992.941431795683,23752.37674633934,,1.1264
NO,1990,93987.5,4233116.0,Norway,22202.911519552028,23979.14444111619,,1.116
NO,1991,97966.7,4249830.0,Norway,23051.910311706586,24896.063136643115,,1.1964
NO,1992,100459.8,4273634.0,Norway,23506.8796251621,25387.42999517507,,1.2299
NO,1993,102312.9,4299167.0,Norway,23798.307904763875,25702.172537144987,,1.2264
NO,1994,106463.5,4324815.0,Norway,24616.891127134917,26586.24241730571,,1.1994
NO,1995,115517.7,4348410.0,Norway,26565.503252913135,28690.743513146186,,1.9672
NO,1996,127812.1,4369957.0,Norway,29247.907931359507,31587.74056586827,,2.0664
NO,1997,141151.8,4392714.0,Norway,32133.1641440804,34703.81727560684,,2.1482
NO,1998,136319.6,4417599.0,Norway,30858.301081650916,33326.96516818299,,1.9713
NO,1999,151382.2,4445329.0,Norway,34054.217359390044,36778.55474814125,,2.093
NO,2000,185108.4,4478497.0,Norway,41332.70603954854,44639.32252271243,,2.4985
NO,2001,193936.4,4503436.0,Norway,43064.09594807165,46509.22362391738,,2.5182
NO,2002,207723.8,4524066.0,Norway,45915.28947632506,49588.51263443107,,2.5651
NO,2003,202757.6,4552252.0,Norway,44540.06500518864,48103.27020560374,,2.4375
NO,2004,213960.0,4577457.0,Norway,46742.11030272922,50481.47912694756,,2.4285
NO,2005,250500.2,4606363.0,Norway,54381.3416354725,58731.8489663103,,2.6429
NO,2006,278755.5,4640219.0,Norway,60073.78100042261,64879.68348045643,,2.7941
NO,2007,298195.2,4681134.0,Norway,63701.48771643794,68797.60673375298,,2.7627
NO,2008,323749.7,4737171.0,Norway,68342.4136473013,73809.80673908541,,2.9921
NO,2009,285072.6,4799252.0,Norway,59399.38140360206,64151.33191589023,,2.787
NO,2010,332350.4,4858199.0,Norway,68410.20715701436,73883.0237295755,,3.0369
NO,2011,368828.4,4920305.0,Norway,74960.47501120357,80957.31301209985,,3.1682
NO,2012,408646.0,4985870.0,Norway,81960.82128093994,88517.68698341514,,3.3292
NO,2013,406481.2,5051275.0,Norway,80471.00979455683,86908.69057812137,,2.8568
NO,2014,389086.7,5109056.0,Norway,76156.28014255471,82248.78255395908,,2.7041
NO,2015,361028.8,5165802.0,Norway,69888.23807029382,75479.29711591733,,2.3411
NO,2016,346542.3,5213985.0,Norway,66464.0001841202,71781.12019884982,,2.2373
NO,2017,368640.5,5258317.0,Norway,70106.17655801277,75714.6706826538,,2.2671
NO,2018,385198.6,5295619.0,Norway,72739.10755286587,78558.23615709515,,2.2916
NO,2019,378978.5,5328212.0,Norway,71126.76822919208,76816.90968752746,,2.1766
NO,2020,335661.0,5367580.0,Norway,62534.885367335,67537.6761967218,,1.9916
NO,2021,440848.6,5391369.0,Norway,81769.32426624851,88310.8702075484,,2.3163
NO,2022,587476.0,5425270.0,Norway,108285.11760704998,116947.92701561398,,2.752
NO,2023,464330.3,5488984.0,Norway,84593.12324466604,91360.57310423933,,1.9788
NO,2024,462846.4,5550203.0,Norway,83392.69752836067,90064.11333062954,,1.826
NO,2025,470358.7,5594340.0,Norway,84077.60343490027,90803.8117096923,,1.937
PL,1995,109251.2,38580597.0,Poland,2831.765407881065,3058.3066405115505,,0.2097
PL,1996,126689.1,38609399.0,Poland,3281.3020477215923,3543.80621153932,,0.2318
PL,1997,141122.1,38639341.0,Poland,3652.2905501933897,3944.473794208861,,0.2442
PL,1998,155540.9,38659979.0,Poland,4023.3053411643086,4345.169768457454,,0.257
PL,1999,160193.7,38666983.0,Poland,4142.906623979429,4474.339153897784,,0.2546
PL,2000,187532.8,38263303.0,Poland,4901.113738142261,5293.202837193643,,0.2963
PL,2001,213857.2,38253955.0,Poland,5590.4598622547655,6037.696651235147,,0.3269
PL,2002,211220.0,38242197.0,Poland,5523.218239788891,5965.075698972003,,0.3086
PL,2003,193199.6,38218531.0,Poland,5055.128884990373,5459.539195789604,,0.2766
PL,2004,207064.4,38190608.0,Poland,5421.867072658283,5855.616438470946,,0.2817
PL,2005,246903.6,38173835.0,Poland,6467.875182045504,6985.305196609144,,0.3143
PL,2006,275514.0,38157055.0,Poland,7220.525797916008,7798.167861749289,,0.3358
PL,2007,314356.3,38125479.0,Poland,8245.30755403755,8904.932158360554,,0.3576
PL,2008,367420.9,38115641.0,Poland,9639.635864972073,10410.80673416984,,0.422
PL,2009,317876.9,38135876.0,Poland,8335.376903365219,9002.207055634437,,0.3911
PL,2010,360890.7,38022869.0,Poland,9491.411602843542,10250.724531071026,,0.4213
PL,2011,379540.6,38062718.0,Poland,9971.452905701584,10769.169138157711,,0.4214
PL,2012,387660.3,38063792.0,Poland,10184.489763920526,10999.248945034169,,0.4137
PL,2013,390177.0,38062535.0,Poland,10250.946238867169,11071.021937976544,,0.3639
PL,2014,408714.7,38017856.0,Poland,10750.598350417236,11610.646218450616,,0.3817
PL,2015,432485.8,38005614.0,Poland,11379.524088204442,12289.886015260798,,0.3812
PL,2016,427658.6,37967209.0,Poland,11263.893535076544,12165.005017882668,,0.3792
PL,2017,469071.2,37972964.0,Poland,12352.767616454697,13340.989025771074,,0.3995
PL,2018,503951.0,37976687.0,Poland,13270.009571925008,14331.610337679009,,0.4181
PL,2019,538423.5,37972812.0,Poland,14179.184306919382,15313.519051472933,,0.4339
PL,2020,531827.4,37958138.0,Poland,14010.892736624752,15131.764155554732,,0.4462
PL,2021,583001.4,37073357.0,Poland,15725.616647016886,16983.665978778237,,0.4455
PL,2022,661712.3,36889761.0,Poland,17937.55996413205,19372.564761262616,,0.4559
PL,2023,751931.7,36753736.0,Poland,20458.646707371463,22095.33844396118,,0.4786
PL,2024,852229.8,36620970.0,Poland,23271.633711504637,25133.364408425008,,0.5096
PL,2025,922865.5,36497495.0,Poland,25285.721663911456,27308.579397024376,,0.5825
PT,1995,91015.8,10008659.0,Portugal,9093.705760182258,9821.20222099684,,0.6734
PT,1996,96626.8,10043693.0,Portugal,9620.644517907906,10390.296079340538,,0.6797
PT,1997,103306.6,10084196.0,Portugal,10244.406197578865,11063.958693385175,,0.6849
PT,1998,110683.7,10133758.0,Portugal,10922.2758230461,11796.057888889789,,0.6977
PT,1999,119603.3,10186634.0,Portugal,11741.199300966346,12680.495245043654,,0.7216
PT,2000,128414.4,10249022.0,Portugal,12529.429637286368,13531.784008269278,,0.7574
PT,2001,135775.0,10330774.0,Portugal,13142.771296710198,14194.193000447014,,0.7685
PT,2002,142554.3,10394669.0,Portugal,13714.174063647433,14811.307988739229,,0.7662
PT,2003,146067.9,10444592.0,Portugal,13985.026892386031,15103.829043776916,,0.7653
PT,2004,152248.4,10473050.0,Portugal,14537.15966218055,15700.132435154994,,0.7553
PT,2005,158552.7,10494672.0,Portugal,15107.92333481218,16316.557201597156,,0.7342
PT,2006,166260.5,10511988.0,Portugal,15816.275665459283,17081.577718696026,,0.7356
PT,2007,175483.4,10532588.0,Portugal,16660.995379293294,17993.87500963676,,0.7226
PT,2008,179102.8,10553339.0,Portugal,16971.19745703232,18328.893253594906,,0.743
PT,2009,175416.4,10563014.0,Portugal,16606.66169712546,17935.1946328955,,0.7792
PT,2010,179860.4,10573479.0,Portugal,17010.522269917026,18371.36405151039,,0.7551
PT,2011,176318.0,10572721.0,Portugal,16676.69089158789,18010.82616291492,,0.7048
PT,2012,168538.8,10558950.0,Portugal,15961.700737289219,17238.636796272356,,0.6483
PT,2013,170675.6,10503889.0,Portugal,16248.800801303212,17548.70486540747,,0.5768
PT,2014,173186.7,10444092.0,Portugal,16582.26488238518,17908.846072975997,,0.5888
PT,2015,179392.7,10395121.0,Portugal,17257.39411787511,18637.98564730512,,0.5781
PT,2016,186380.7,10368554.0,Portugal,17975.573064479388,19413.61890963774,,0.6051
PT,2017,195509.1,10344478.0,Portugal,18899.851688988078,20411.839824107126,,0.6112
PT,2018,204997.6,10335770.0,Portugal,19833.80048124136,21420.50451974067,,0.6249
PT,2019,214489.9,10333496.0,Portugal,20756.760345191986,22417.301172807347,,0.6352
PT,2020,201032.7,10375395.0,Portugal,19375.90809795675,20925.980745793295,,0.6171
PT,2021,216493.7,10394297.0,Portugal,20828.12334494579,22494.373212541454,,0.59
PT,2022,243957.1,10421117.0,Portugal,23409.880150083718,25282.670562090418,,0.5949
PT,2023,270352.6,10516621.0,Portugal,25707.17343526975,27763.74731009133,,0.6013
PT,2024,289784.3,10639726.0,Portugal,27236.067921297974,29414.953355001813,,0.5964
PT,2025,306741.7,10749635.0,Portugal,28535.08049343071,30817.886932905167,,0.6574
RO,1995,28589.8,22712394.0,Romania,1258.7752748565388,1359.477296845062,,0.0932
RO,1996,29035.4,22656145.0,Romania,1281.5684221653771,1384.0938959386074,,0.0905
RO,1997,31450.5,22581862.0,Romania,1392.7328047616268,1504.151429142557,,0.0931
RO,1998,37063.3,22526093.0,Romania,1645.3496840308703,1776.9776587533402,,0.1051
RO,1999,33726.8,22488595.0,Romania,1499.7290848983675,1619.707411690237,,0.0922
RO,2000,40594.9,22455485.0,Romania,1807.7943985623112,1952.4179504472963,,0.1093
RO,2001,45143.6,22430457.0,Romania,2012.6027748788176,2173.610996869123,,0.1177
RO,2002,48695.7,21833483.0,Romania,2230.3221158071756,2408.74788507175,,0.1246
RO,2003,51108.5,21627509.0,Romania,2363.124666830563,2552.1746401770083,,0.1293
RO,2004,60402.0,21521142.0,Romania,2806.6354471338,3031.166282904504,,0.1458
RO,2005,79223.9,21382354.0,Romania,3705.106556555934,4001.515081080409,,0.1801
RO,2006,97215.6,21257016.0,Romania,4573.341808652729,4939.2091533449475,,0.2127
RO,2007,127632.0,21130503.0,Romania,6040.178030783271,6523.392273245933,,0.262
RO,2008,146589.7,20635460.0,Romania,7103.77670282126,7672.078839046962,,0.311
RO,2009,125219.8,20440290.0,Romania,6126.126390574694,6616.21650182067,,0.2874
RO,2010,128305.3,20294683.0,Romania,6322.114023658315,6827.883145550981,,0.2807
RO,2011,138528.2,20199059.0,Romania,6858.151164368597,7406.803257518085,,0.2899
RO,2012,139307.7,20095996.0,Romania,6932.112247633807,7486.681227444512,,0.2816
RO,2013,142936.0,20020074.0,Romania,7139.633949404983,7710.804665357382,,0.2535
RO,2014,150528.8,19947311.0,Romania,7546.320403787759,8150.02603609078,,0.268
RO,2015,160289.0,19870647.0,Romania,8066.622088349715,8711.951855417694,,0.2702
RO,2016,167497.1,19760585.0,Romania,8476.32294286834,9154.428778297808,,0.2853
RO,2017,186399.2,19643949.0,Romania,9488.886374119582,10247.997284049148,,0.3068
RO,2018,204780.7,19533481.0,Romania,10483.574330658217,11322.260277110876,,0.3303
RO,2019,223341.4,19414458.0,Romania,11503.869950940685,12424.179547015941,,0.352
RO,2020,219839.8,19328838.0,Romania,11373.668712004312,12283.562208964657,,0.3622
RO,2021,240986.6,19201662.0,Romania,12550.299031406761,13554.322953919303,,0.3555
RO,2022,280777.4,19043098.0,Romania,14744.313136444502,15923.858187360063,,0.3747
RO,2023,321577.9,19055228.0,Romania,16876.09825503006,18226.18611543247,,0.3948
RO,2024,353633.1,19067576.0,Romania,18546.306043306187,20030.010526770682,,0.4061
RO,2025,380058.1,19043151.0,Romania,19957.731785039145,21554.350327842276,,0.4598
RS,1999,20747.9,7552850.0,RS,2747.0292670978506,2966.791608465679,,0.1688
RS,2000,30369.9,7527952.0,RS,4034.284490655626,4357.027249908077,,0.2439
RS,2001,15303.4,7504739.0,RS,2039.1648530348623,2202.2980412776515,,0.1192
RS,2002,19024.9,7502126.0,RS,2535.934480439278,2738.8092388744203,,0.1417
RS,2003,20864.2,7490918.0,RS,2785.2661049019625,3008.08739329412,,0.1524
RS,2004,21560.1,7470263.0,RS,2886.1232864224457,3117.0131493362414,,0.15
RS,2005,22777.2,7456050.0,RS,3054.8614883215646,3299.25040738729,,0.1485
RS,2006,26582.1,7425487.0,RS,3579.8460087533654,3866.2336894536347,,0.1665
RS,2007,32813.0,7397651.0,RS,4435.597191595008,4790.444966922609,,0.1924
RS,2008,37099.0,7365507.0,RS,5036.856254430279,5439.804754784701,,0.2205
RS,2009,33776.0,7334937.0,RS,4604.81119333404,4973.196088800763,,0.2161
RS,2010,32841.2,7306677.0,RS,4494.683424489682,4854.258098448857,,0.1995
RS,2011,36865.2,7251549.0,RS,5083.7689988718275,5490.470518781574,,0.2149
RS,2012,35074.4,7216649.0,RS,4860.2058933446815,5249.0223648122565,,0.1974
RS,2013,37978.2,7181505.0,RS,5288.334409013152,5711.401161734205,,0.1877
RS,2014,37014.0,7146759.0,RS,5179.13084798298,5593.461315821619,,0.1839
RS,2015,37219.6,7114393.0,RS,5231.591788645918,5650.119131737592,,0.1753
RS,2016,38164.7,7076372.0,RS,5393.258014134927,5824.718655265722,,0.1815
RS,2017,40828.4,7040272.0,RS,5799.264573868737,6263.205739778236,,0.1875
RS,2018,44710.6,7001444.0,RS,6385.911249165172,6896.7841490983865,,0.2012
RS,2019,48104.5,6963764.0,RS,6907.830305564635,7460.456730009806,,0.2114
RS,2020,49024.2,6926705.0,RS,7077.56429644398,7643.769440159499,,0.2254
RS,2021,55931.3,6871547.0,RS,8139.549944139217,8790.713939670355,,0.2306
RS,2022,63512.8,6797105.0,RS,9344.095758414796,10091.62341908798,,0.2375
RS,2023,75205.2,6641197.0,RS,11324.042939849549,12229.966375037513,,0.2649
RS,2024,83257.9,6605168.0,RS,12604.963265128154,13613.360326338407,,0.276
RS,2025,88672.8,6567783.0,RS,13501.176881148478,14581.271031640357,,0.311
SE,1993,181450.2,8692013.0,Sweden,20875.509505105434,22545.55026551387,,1.0758
SE,1994,192581.3,8745109.0,Sweden,22021.60087427155,23783.328944213274,,1.073
SE,1995,204133.2,8816381.0,Sweden,23153.85417213707,25006.16250590804,,1.7145
SE,1996,229933.4,8837496.0,Sweden,26017.93539708533,28099.37022885216,,1.8382
SE,1997,236737.0,8844499.0,Sweden,26766.581125737026,28907.90761579599,,1.7894
SE,1998,241537.8,8847625.0,Sweden,27299.73297918933,29483.71161752448,,1.744
SE,1999,257340.7,8854322.0,Sweden,29063.851529230582,31388.959651569032,,1.7863
SE,2000,285224.2,8861426.0,Sweden,32187.167166999985,34762.140540359986,,1.9457
SE,2001,270638.2,8882792.0,Sweden,30467.695292200922,32905.110915576995,,1.7816
SE,2002,284182.8,8909128.0,Sweden,31897.93658818237,34449.771515236964,,1.782
SE,2003,296070.9,8940788.0,Sweden,33114.631506753096,35763.80202729334,,1.8122
SE,2004,309720.9,8975670.0,Sweden,34506.71649024529,37267.25380946492,,1.7928
SE,2005,315348.4,9011392.0,Sweden,34994.41595704637,37793.96923361008,,1.7007
SE,2006,336866.7,9047752.0,Sweden,37232.08814742049,40210.65519921413,,1.7317
SE,2007,358064.8,9113257.0,Sweden,39290.54124118304,42433.78454047769,,1.704
SE,2008,352761.6,9182927.0,Sweden,38414.94111844731,41488.13640792309,,1.6818
SE,2009,313033.6,9256347.0,Sweden,33818.265456124325,36523.72669261428,,1.5868
SE,2010,372381.5,9340682.0,Sweden,39866.628582366895,43055.95886895625,,1.7698
SE,2011,410287.8,9415570.0,Sweden,43575.460646567335,47061.49749829272,,1.8417
SE,2012,427901.2,9482855.0,Sweden,45123.667924902365,48733.561358894556,,1.8329
SE,2013,439805.4,9555893.0,Sweden,46024.52120382679,49706.48290013294,,1.6339
SE,2014,435639.5,9644864.0,Sweden,45168.029326281845,48781.471672384396,,1.6038
SE,2015,452337.2,9747355.0,Sweden,46406.14812941562,50118.63997976887,,1.5545
SE,2016,463918.8,9851017.0,Sweden,47093.492986561694,50860.97242548663,,1.5852
SE,2017,474838.2,9995153.0,Sweden,47506.846568531764,51307.39429401431,,1.5362
SE,2018,465753.3,10120242.0,Sweden,46021.9528347247,49703.70906150268,,1.4499
SE,2019,474202.9,10230185.0,Sweden,46353.30641625738,50061.57092955797,,1.4185
SE,2020,478106.9,10327589.0,Sweden,46294.14474181728,49997.67632116267,,1.4744
SE,2021,533953.6,10379295.0,Sweden,51444.1106067416,55559.63945528093,,1.4572
SE,2022,547190.4,10452326.0,Sweden,52351.065207878135,56539.15042450839,,1.3305
SE,2023,535176.8,10521556.0,Sweden,50864.79604347495,54933.979726952944,,1.1898
SE,2024,563572.2,10551707.0,Sweden,53410.52400336742,57683.36592363682,,1.1695
SE,2025,601240.9,10587710.0,Sweden,56786.68002807028,61329.61443031591,,1.3083
SI,1995,16352.0,1989477.0,Slovenia,8219.245560516658,8876.785205357992,,0.6086
SI,1996,16917.3,1990266.0,Slovenia,8500.01959537067,9180.021163000323,,0.6005
SI,1997,18288.8,1986989.0,Slovenia,9204.278433348147,9940.620708015998,,0.6153
SI,1998,19706.3,1984923.0,Slovenia,9927.992168965748,10722.231542483009,,0.6342
SI,1999,21132.4,1978334.0,Slovenia,10681.917209126466,11536.470585856585,,0.6565
SI,2000,21726.2,1987755.0,Slovenia,10930.019041582087,11804.420564908654,,0.6607
SI,2001,23018.1,1990094.0,Slovenia,11566.338072472958,12491.645118270795,,0.6764
SI,2002,24679.7,1994026.0,Slovenia,12376.819560025797,13366.96512482786,,0.6914
SI,2003,26004.7,1995033.0,Slovenia,13034.72173141998,14077.49946993358,,0.7133
SI,2004,27484.3,1996433.0,Slovenia,13766.702914648275,14868.039147820138,,0.7153
SI,2005,28914.4,1997590.0,Slovenia,14474.641943541968,15632.613299025326,,0.7035
SI,2006,31300.2,2003358.0,Slovenia,15623.867526423135,16873.776928536987,,0.7267
SI,2007,34936.9,2010377.0,Slovenia,17378.282779797024,18768.545402180785,,0.7537
SI,2008,37742.1,2010269.0,Slovenia,18774.65155160827,20276.623675736933,,0.822
SI,2009,35830.3,2032362.0,Slovenia,17629.88089720237,19040.27136897856,,0.8272
SI,2010,36050.8,2046976.0,Slovenia,17611.73555527764,19020.674399699852,,0.7818
SI,2011,36782.2,2050189.0,Slovenia,17940.882523513686,19376.153125394783,,0.7583
SI,2012,35933.6,2055496.0,Slovenia,17481.7173081339,18880.254692784612,,0.7101
SI,2013,36041.3,2058821.0,Slovenia,17505.79579283483,18906.259456261618,,0.6215
SI,2014,37270.9,2061085.0,Slovenia,18083.145527719622,19529.797169937192,,0.6421
SI,2015,38493.9,2062874.0,Slovenia,18660.325351911943,20153.1513800649,,0.6251
SI,2016,40013.2,2064188.0,Slovenia,19384.474669942854,20935.232643538286,,0.6525
SI,2017,42625.5,2065895.0,Slovenia,20632.946011292926,22283.581692196363,,0.6672
SI,2018,45462.4,2066880.0,Slovenia,21995.66496361666,23755.318160705992,,0.693
SI,2019,48156.5,2080908.0,Slovenia,23142.06106180571,24993.42594675017,,0.7082
SI,2020,46738.7,2095861.0,Slovenia,22300.476987739166,24084.515146758302,,0.7102
SI,2021,52032.4,2108977.0,Slovenia,24671.866976263846,26645.616334364953,,0.6989
SI,2022,56881.6,2107180.0,Slovenia,26994.1817974734,29153.716341271273,,0.686
SI,2023,64050.0,2116972.0,Slovenia,30255.478107410017,32675.91635600282,,0.7077
SI,2024,67418.1,2123949.0,Slovenia,31741.863858312987,34281.212966978026,,0.695
SI,2025,70486.2,2130850.0,Slovenia,33078.912171199285,35725.22514489523,,0.7621
SK,1995,15524.4,5356207.0,Slovakia,2898.3943301668514,3130.2658765802,,0.2146
SK,1996,17219.8,5367790.0,Slovakia,3207.986899636536,3464.625851607459,,0.2266
SK,1997,19427.8,5378932.0,Slovakia,3611.8322373288975,3900.7788163152095,,0.2415
SK,1998,20415.6,5387650.0,Slovakia,3789.3330116098855,4092.4796525386764,,0.2421
SK,1999,19537.0,5393382.0,Slovakia,3622.402418371256,3912.1946118409564,,0.2226
SK,2000,22368.6,5398657.0,Slovakia,4143.363803256995,4474.832907517555,,0.2505
SK,2001,23869.3,5378783.0,Slovakia,4437.676701216614,4792.690837313943,,0.2595
SK,2002,26300.3,5378951.0,Slovakia,4889.484957197044,5280.643753772808,,0.2732
SK,2003,29924.1,5374873.0,Slovakia,5567.405964754888,6012.79844193528,,0.3047
SK,2004,34623.4,5371875.0,Slovakia,6445.3100639906925,6960.9348691099485,,0.3349
SK,2005,39239.7,5372685.0,Slovakia,7303.554926447391,7887.839320563183,,0.355
SK,2006,45592.0,5372928.0,Slovakia,8485.503621116828,9164.343910806176,,0.3947
SK,2007,56354.7,5373180.0,Slovakia,10488.146684086518,11327.19841881344,,0.4549
SK,2008,66065.4,5376064.0,Slovakia,12288.804597564313,13271.90896536946,,0.538
SK,2009,64055.1,5382401.0,Slovakia,11900.84127882705,12852.908581133215,,0.5584
SK,2010,68726.7,5390410.0,Slovakia,12749.809383701797,13769.794134397942,,0.566
SK,2011,71629.5,5392446.0,Slovakia,13283.304088719664,14345.968415817239,,0.5614
SK,2012,73727.6,5404322.0,Slovakia,13642.340334273198,14733.727561015055,,0.5541
SK,2013,74642.7,5410836.0,Slovakia,13795.040174937847,14898.643388932876,,0.4897
SK,2014,76562.3,5415949.0,Slovakia,14136.451432611348,15267.367547220256,,0.502
SK,2015,80376.3,5421349.0,Slovakia,14825.885586779232,16011.95643372157,,0.4966
SK,2016,81621.6,5426252.0,Slovakia,15041.98478065523,16245.34356310765,,0.5063
SK,2017,84960.4,5435343.0,Slovakia,15631.101845826473,16881.58999349259,,0.5055
SK,2018,90275.9,5443120.0,Slovakia,16585.32238863005,17912.148179720458,,0.5225
SK,2019,94547.5,5450421.0,Slovakia,17346.825135159284,18734.57114597203,,0.5308
SK,2020,94320.6,5457873.0,Slovakia,17281.567379819942,18664.092770205538,,0.5504
SK,2021,101891.6,5459781.0,Slovakia,18662.213740807554,20155.19084007216,,0.5286
SK,2022,109959.8,5434712.0,Slovakia,20232.866065395923,21851.4953506276,,0.5142
SK,2023,123538.7,5428792.0,Slovakia,22756.20432685577,24576.700673004234,,0.5323
SK,2024,130207.5,5424687.0,Slovakia,24002.76734860463,25922.988736493,,0.5256
SK,2025,136754.3,5419451.0,Slovakia,25233.976651878573,27252.69478402886,,0.5814
TR,1995,179629.4,61203584.0,TR,2934.9490382785425,3169.744961340826,,0.2173
TR,1996,197491.5,62337617.0,TR,3168.0951166291775,3421.5427259595117,,0.2238
TR,1997,233205.2,63484661.0,TR,3673.4101801378447,3967.2829945488725,,0.2456
TR,1998,245042.7,64641675.0,TR,3790.7851243025493,4094.0479342467534,,0.2422
TR,1999,240363.8,65786563.0,TR,3653.691408076753,3945.9867207228936,,0.2246
TR,2000,298848.2,66889425.0,TR,4467.794423408483,4825.217977281162,,0.2701
TR,2001,224789.4,64729501.0,TR,3472.7503924369817,3750.5704238319404,,0.2031
TR,2002,252071.2,65603160.0,TR,3842.363691017323,4149.752786298709,,0.2147
TR,2003,279289.9,66401851.0,TR,4206.055942627262,4542.5404180374435,,0.2302
TR,2004,329015.6,67187251.0,TR,4896.994520582483,5288.754082229082,,0.2544
TR,2005,407228.2,68010221.0,TR,5987.749988343664,6466.769987411158,,0.291
TR,2006,441934.6,68860539.0,TR,6417.820807356736,6931.246471945275,,0.2985
TR,2007,499751.2,69729967.0,TR,7166.950186567563,7740.306201492968,,0.3108
TR,2008,529385.7,70586256.0,TR,7499.841045542916,8099.82832918635,,0.3283
TR,2009,468545.3,71517100.0,TR,6551.514253234541,7075.635393493305,,0.3074
TR,2010,589054.8,72561312.0,TR,8118.028516353177,8767.470797661432,,0.3604
TR,2011,604835.5,73722988.0,TR,8204.164215373365,8860.497352603234,,0.3467
TR,2012,687291.7,74724269.0,TR,9197.703894567372,9933.520206132762,,0.3736
TR,2013,723009.3,75627384.0,TR,9560.152179797731,10324.96435418155,,0.3394
TR,2014,709567.6,76667864.0,TR,9255.085024933001,9995.491826927642,,0.3286
TR,2015,778072.8,77695904.0,TR,10014.334861204523,10815.481650100886,,0.3355
TR,2016,786644.3,78741053.0,TR,9990.268989671753,10789.490508845494,,0.3363
TR,2017,764822.9,79814871.0,TR,9582.46114311204,10349.058034561003,,0.3099
TR,2018,666902.5,80810525.0,TR,8252.668820057783,8912.882325662405,,0.26
TR,2019,692385.8,82003882.0,TR,8443.329548715754,9118.795912613015,,0.2584
TR,2020,638349.1,83154997.0,TR,7676.617437674852,8290.746832688841,,0.2445
TR,2021,707145.8,83614362.0,TR,8457.228914812506,9133.807227997506,,0.2396
TR,2022,880351.2,84680273.0,TR,10396.178103960528,11227.87235227737,,0.2642
TR,2023,1051699.7,85279553.0,TR,12332.378196213107,13318.968451910156,,0.2885
TR,2024,1253386.7,85372377.0,TR,14681.408015616105,15855.920656865395,,0.3215
TR,2025,1406211.3,85664944.0,TR,16415.247992224216,17728.467831602156,,0.3782
UA,2000,35062.3,49114950.0,UA,713.8824329455696,770.9930275812152,,0.0432
UA,2001,43915.2,48663609.0,UA,902.4238214637965,974.6177271809003,,0.0528
UA,2002,46469.2,48240902.0,UA,963.273862499503,1040.3357714994634,,0.0538
UA,2003,45961.9,47823108.0,UA,961.0814085943557,1037.9679212819042,,0.0526
UA,2004,54027.9,47442079.0,UA,1138.8181365323387,1229.9235874549258,,0.0592
UA,2005,71835.2,47100462.0,UA,1525.1485218977257,1647.160403649544,,0.0741
UA,2006,89091.3,46749170.0,UA,1905.7300910369104,2058.1884983198634,,0.0886
UA,2007,108496.5,46465691.0,UA,2334.98087868746,2521.779348982457,,0.1013
UA,2008,128508.2,46192309.0,UA,2782.025899592939,3004.587971560374,,0.1218
UA,2009,86946.6,45963359.0,UA,1891.6502599385742,2042.9822807336602,,0.0888
UA,2010,102270.9,45782592.0,UA,2233.8381365563573,2412.545187480866,,0.0992
UA,2011,117384.2,45598179.0,UA,2574.317715626319,2780.2631328764246,,0.1088
UA,2012,136750.4,45453282.0,UA,3008.5924268350964,3249.2798209819043,,0.1222
UA,2013,138021.4,45372692.0,UA,3041.948668154845,3285.304561607233,,0.108
UA,2014,101185.1,45245894.0,UA,2236.337732657023,2415.244751269585,,0.0794
UA,2015,82203.6,42759661.0,UA,1922.4567753238268,2076.253317349733,,0.0644
UA,2016,84254.1,42590879.0,UA,1978.2193271944445,2136.4768733700002,,0.0666
UA,2017,99198.6,42414905.0,UA,2338.767468652824,2525.86886614505,,0.0756
UA,2018,110834.0,42216766.0,UA,2625.3550544350082,2835.383458789809,,0.0827
UA,2019,137528.0,41983564.0,UA,3275.7581038141498,3537.818752119282,,0.1002
UA,2020,136595.3,41732779.0,UA,3273.0937951675824,3534.941298780989,,0.1042
UA,2021,168960.3,41418717.0,UA,4079.322399097973,4405.668191025811,,0.1156
UA,2022,154006.3,40997698.0,UA,3756.4621311177034,4056.97910160712,,0.0955
UK,1975,195121.7,56230680.0,United Kingdom,3470.022059132132,3747.623823862703,,0.6881
UK,1976,208259.6,56220920.0,United Kingdom,3704.3079337726954,4000.652568474511,,0.6342
UK,1977,230711.3,56203016.0,United Kingdom,4104.962979210938,4433.360017547813,,0.6274
UK,1978,263835.5,56183968.0,United Kingdom,4695.921441504452,5071.595156824808,,0.6862
UK,1979,320738.0,56209039.0,United Kingdom,5706.164092220114,6162.657219597723,,0.7503
UK,1980,406183.9,56284863.0,United Kingdom,7216.574374534766,7793.900324497548,,0.8125
UK,1981,486494.5,56343569.0,United Kingdom,8634.428181146992,9325.182435638751,,0.7991
UK,1982,526030.9,56324088.0,United Kingdom,9339.359387408102,10086.50813840075,,0.7757
UK,1983,550247.9,56303194.0,United Kingdom,9772.942899118654,10554.778331048146,,0.7642
UK,1984,587416.8,56362502.0,United Kingdom,10422.120721326388,11255.8903790325,,0.7227
UK,1985,647307.2,56481641.0,United Kingdom,11460.48855060709,12377.327634655658,,0.7269
UK,1986,611000.1,56618895.0,United Kingdom,10791.452217497357,11654.768394897146,,0.7164
UK,1987,647153.6,56743897.0,United Kingdom,11404.814160014424,12317.19929281558,,0.7272
UK,1988,770090.2,56860203.0,United Kingdom,13543.571063226771,14627.056748284913,,0.7712
UK,1989,841396.1,56996450.0,United Kingdom,14762.254491288493,15943.234850591574,,0.7561
UK,1990,862468.3,57156972.0,United Kingdom,15089.468000509194,16296.625440549931,,0.7584
UK,1991,924332.0,57338199.0,United Kingdom,16120.701663475687,17410.357796553744,,0.8366
UK,1992,911231.6,57511594.0,United Kingdom,15844.311322687387,17111.85622850238,,0.829
UK,1993,907362.9,57649210.0,United Kingdom,15739.381337576006,16998.53184458209,,0.8111
UK,1994,960427.9,57788017.0,United Kingdom,16619.845252693132,17949.432872908583,,0.8098
UK,1995,1025809.9,57943472.0,United Kingdom,17703.63191215052,19119.92246512256,,1.3109
UK,1996,1114850.1,58094587.0,United Kingdom,19190.257777372615,20725.478399562428,,1.3558
UK,1997,1374765.3,58239312.0,United Kingdom,23605.452275947217,25493.888458022997,,1.5781
UK,1998,1474279.7,58394596.0,United Kingdom,25246.851609350975,27266.599738099056,,1.6128
UK,1999,1578395.1,58579685.0,United Kingdom,26944.41084823177,29099.963716090315,,1.656
UK,2000,1798090.2,58785246.0,United Kingdom,30587.440256692982,33034.43547722842,,1.849
UK,2001,1830567.5,58999781.0,United Kingdom,31026.682963450323,33508.81760052635,,1.8143
UK,2002,1888699.6,59239564.0,United Kingdom,31882.402105457764,34432.99427389439,,1.7812
UK,2003,1815326.8,59501394.0,United Kingdom,30508.979335845477,32949.697682713115,,1.6696
UK,2004,1941265.1,59793759.0,United Kingdom,32466.01539133875,35063.29662264585,,1.6868
UK,2005,2037200.9,60182050.0,United Kingdom,33850.63985025435,36558.6910382747,,1.6451
UK,2006,2157333.5,60620361.0,United Kingdom,35587.605623133786,38434.61407298449,,1.6552
UK,2007,2259235.2,61073279.0,United Kingdom,36992.20407013025,39951.58039574067,,1.6043
UK,2008,1995854.5,61571647.0,United Kingdom,32415.155306792425,35008.36773133582,,1.4191
UK,2009,1738066.5,62042343.0,United Kingdom,28014.1983032459,30255.334167505574,,1.3144
UK,2010,1872175.5,62510197.0,United Kingdom,29949.92161038942,32345.915339220577,,1.3295
UK,2011,1912869.3,63022532.0,United Kingdom,30352.149291621605,32780.321234951334,,1.2828
UK,2012,2111028.9,63495088.0,United Kingdom,33247.12141512427,35906.89112833421,,1.3505
UK,2013,2096338.0,63905342.0,United Kingdom,32803.79909397872,35428.103021497016,,1.1646
UK,2014,2311080.2,64351203.0,United Kingdom,35913.55083136519,38786.634897874406,,1.2752
UK,2015,2644716.5,64853393.0,United Kingdom,40779.92496090374,44042.31895777604,,1.3661
UK,2016,2434119.2,65379044.0,United Kingdom,37230.87783296434,40209.34805960149,,1.2533
UK,2017,2359789.9,65844142.0,United Kingdom,35839.025740513105,38706.14779975416,,1.1589
UK,2018,2420897.2,66273576.0,United Kingdom,36528.84522181209,39451.15283955706,,1.1508
UK,2019,2526615.2,66647112.0,United Kingdom,37910.34786323524,40943.17569229406,,1.1601
XK,2008,3537.6,2153139.0,XK,1642.9965738394037,1774.4362997465562,,0.0719
XK,2009,3610.4,2180686.0,XK,1655.625798487265,1788.0758623662464,,0.0777
XK,2010,4031.0,2208107.0,XK,1825.5455917670656,1971.589239108431,,0.081
XK,2011,4555.9,1794180.0,XK,2539.2658484655944,2742.407116342842,,0.1073
XK,2016,6037.3,1771604.0,XK,3407.815742118442,3680.4410014879177,,0.1147
XK,2017,6356.5,1783531.0,XK,3563.9974858861437,3849.1172847570356,,0.1153
XK,2018,6671.5,1798506.0,XK,3709.4677471189975,4006.2251668885174,,0.1169
XK,2019,7056.2,1795666.0,XK,3929.5726488110818,4243.938460715968,,0.1203
XK,2020,6771.6,1782115.0,XK,3799.75478574615,4103.735168605842,,0.121
XK,2021,7957.9,1798186.0,XK,4425.515491723326,4779.556731061192,,0.1254
XK,2022,8895.7,1773971.0,XK,5014.56900930173,5415.734530045869,,0.1274
