source,job_title,role_normalized,seniority,salary_eur,country,country_name,year,salary_usd,dataset
Manfred 2026,Backend Engineer,Backend Engineer,Junior,24300.0,ES,Spain,2026,26244.0,Manfred 2026
Manfred 2026,Backend Engineer,Backend Engineer,Junior,28400.0,ES,Spain,2026,30672.0,Manfred 2026
Manfred 2026,Backend Engineer,Backend Engineer,Junior,26300.0,ES,Spain,2026,28404.0,Manfred 2026
Manfred 2026,Backend Engineer,Backend Engineer,Junior,25500.0,ES,Spain,2026,27540.0,Manfred 2026
Manfred 2026,Backend Engineer,Backend Engineer,Junior,22800.0,ES,Spain,2026,24624.0,Manfred 2026
Manfred 2026,Backend Engineer,Backend Engineer,Junior,22800.0,ES,Spain,2026,24624.0,Manfred 2026
Manfred 2026,Backend Engineer,Backend Engineer,Junior,21700.0,ES,Spain,2026,23436.0,Manfred 2026
Manfred 2026,Backend Engineer,Backend Engineer,Junior,27400.0,ES,Spain,2026,29592.0,Manfred 2026
Manfred 2026,Backend Engineer,Backend Engineer,Junior,25500.0,ES,Spain,2026,27540.0,Manfred 2026
Manfred 2026,Backend Engineer,Backend Engineer,Junior,26200.0,ES,Spain,2026,28296.0,Manfred 2026
Manfred 2026,Backend Engineer,Backend Engineer,Junior,21000.0,ES,Spain,2026,22680.0,Manfred 2026
Manfred 2026,Backend Engineer,Backend Engineer,Junior,28800.0,ES,Spain,2026,31104.0,Manfred 2026
Manfred 2026,Backend Engineer,Backend Engineer,Junior,27100.0,ES,Spain,2026,29268.0,Manfred 2026
Manfred 2026,Backend Engineer,Backend Engineer,Junior,23300.0,ES,Spain,2026,25164.0,Manfred 2026
Manfred 2026,Backend Engineer,Backend Engineer,Junior,23000.0,ES,Spain,2026,24840.0,Manfred 2026
Manfred 2026,Backend Engineer,Backend Engineer,Junior,23000.0,ES,Spain,2026,24840.0,Manfred 2026
Manfred 2026,Backend Engineer,Backend Engineer,Junior,23900.0,ES,Spain,2026,25812.0,Manfred 2026
Manfred 2026,Backend Engineer,Backend Engineer,Junior,25100.0,ES,Spain,2026,27108.0,Manfred 2026
Manfred 2026,Backend Engineer,Backend Engineer,Junior,24600.0,ES,Spain,2026,26568.0,Manfred 2026
Manfred 2026,Backend Engineer,Backend Engineer,Junior,23800.0,ES,Spain,2026,25704.0,Manfred 2026
Manfred 2026,Backend Engineer,Backend Engineer,Junior,25600.0,ES,Spain,2026,27648.0,Manfred 2026
Manfred 2026,Backend Engineer,Backend Engineer,Junior,22600.0,ES,Spain,2026,24408.0,Manfred 2026
Manfred 2026,Backend Engineer,Backend Engineer,Junior,23800.0,ES,Spain,2026,25704.0,Manfred 2026
Manfred 2026,Backend Engineer,Backend Engineer,Junior,24300.0,ES,Spain,2026,26244.0,Manfred 2026
Manfred 2026,Backend Engineer,Backend Engineer,Junior,24800.0,ES,Spain,2026,26784.0,Manfred 2026
Manfred 2026,Backend Engineer,Backend Engineer,Junior,26700.0,ES,Spain,2026,28836.0,Manfred 2026
Manfred 2026,Backend Engineer,Backend Engineer,Junior,23200.0,ES,Spain,2026,25056.0,Manfred 2026
Manfred 2026,Backend Engineer,Backend Engineer,Junior,25100.0,ES,Spain,2026,27108.0,Manfred 2026
Manfred 2026,Backend Engineer,Backend Engineer,Junior,25500.0,ES,Spain,2026,27540.0,Manfred 2026
Manfred 2026,Backend Engineer,Backend Engineer,Junior,21500.0,ES,Spain,2026,23220.0,Manfred 2026
Manfred 2026,Backend Engineer,Backend Engineer,Junior,25600.0,ES,Spain,2026,27648.0,Manfred 2026
Manfred 2026,Backend Engineer,Backend Engineer,Junior,22900.0,ES,Spain,2026,24732.0,Manfred 2026
Manfred 2026,Backend Engineer,Backend Engineer,Junior,21800.0,ES,Spain,2026,23544.0,Manfred 2026
Manfred 2026,Backend Engineer,Backend Engineer,Junior,28400.0,ES,Spain,2026,30672.0,Manfred 2026
Manfred 2026,Backend Engineer,Backend Engineer,Junior,28700.0,ES,Spain,2026,30996.0,Manfred 2026
Manfred 2026,Backend Engineer,Backend Engineer,Junior,26900.0,ES,Spain,2026,29052.0,Manfred 2026
Manfred 2026,Backend Engineer,Backend Engineer,Junior,23900.0,ES,Spain,2026,25812.0,Manfred 2026
Manfred 2026,Backend Engineer,Backend Engineer,Junior,22200.0,ES,Spain,2026,23976.0,Manfred 2026
Manfred 2026,Backend Engineer,Backend Engineer,Junior,26000.0,ES,Spain,2026,28080.0,Manfred 2026
Manfred 2026,Backend Engineer,Backend Engineer,Junior,24700.0,ES,Spain,2026,26676.0,Manfred 2026
Manfred 2026,Backend Engineer,Backend Engineer,Junior,22500.0,ES,Spain,2026,24300.0,Manfred 2026
Manfred 2026,Backend Engineer,Backend Engineer,Junior,25000.0,ES,Spain,2026,27000.0,Manfred 2026
Manfred 2026,Backend Engineer,Backend Engineer,Junior,21300.0,ES,Spain,2026,23004.0,Manfred 2026
Manfred 2026,Backend Engineer,Backend Engineer,Junior,27900.0,ES,Spain,2026,30132.0,Manfred 2026
Manfred 2026,Backend Engineer,Backend Engineer,Junior,23600.0,ES,Spain,2026,25488.0,Manfred 2026
Manfred 2026,Backend Engineer,Backend Engineer,Junior,25900.0,ES,Spain,2026,27972.0,Manfred 2026
Manfred 2026,Backend Engineer,Backend Engineer,Junior,23900.0,ES,Spain,2026,25812.0,Manfred 2026
Manfred 2026,Backend Engineer,Backend Engineer,Junior,25100.0,ES,Spain,2026,27108.0,Manfred 2026
Manfred 2026,Backend Engineer,Backend Engineer,Junior,25200.0,ES,Spain,2026,27216.0,Manfred 2026
Manfred 2026,Backend Engineer,Backend Engineer,Junior,23000.0,ES,Spain,2026,24840.0,Manfred 2026
Manfred 2026,Backend Engineer,Backend Engineer,Mid,38900.0,ES,Spain,2026,42012.0,Manfred 2026
Manfred 2026,Backend Engineer,Backend Engineer,Mid,37000.0,ES,Spain,2026,39960.0,Manfred 2026
Manfred 2026,Backend Engineer,Backend Engineer,Mid,38400.0,ES,Spain,2026,41472.0,Manfred 2026
Manfred 2026,Backend Engineer,Backend Engineer,Mid,37900.0,ES,Spain,2026,40932.0,Manfred 2026
Manfred 2026,Backend Engineer,Backend Engineer,Mid,36000.0,ES,Spain,2026,38880.0,Manfred 2026
Manfred 2026,Backend Engineer,Backend Engineer,Mid,38200.0,ES,Spain,2026,41256.0,Manfred 2026
Manfred 2026,Backend Engineer,Backend Engineer,Mid,32900.0,ES,Spain,2026,35532.0,Manfred 2026
Manfred 2026,Backend Engineer,Backend Engineer,Mid,33800.0,ES,Spain,2026,36504.0,Manfred 2026
Manfred 2026,Backend Engineer,Backend Engineer,Mid,32400.0,ES,Spain,2026,34992.0,Manfred 2026
Manfred 2026,Backend Engineer,Backend Engineer,Mid,34600.0,ES,Spain,2026,37368.0,Manfred 2026
Manfred 2026,Backend Engineer,Backend Engineer,Mid,35000.0,ES,Spain,2026,37800.0,Manfred 2026
Manfred 2026,Backend Engineer,Backend Engineer,Mid,34300.0,ES,Spain,2026,37044.0,Manfred 2026
Manfred 2026,Backend Engineer,Backend Engineer,Mid,37400.0,ES,Spain,2026,40392.0,Manfred 2026
Manfred 2026,Backend Engineer,Backend Engineer,Mid,34800.0,ES,Spain,2026,37584.0,Manfred 2026
Manfred 2026,Backend Engineer,Backend Engineer,Mid,34400.0,ES,Spain,2026,37152.0,Manfred 2026
Manfred 2026,Backend Engineer,Backend Engineer,Mid,35700.0,ES,Spain,2026,38556.0,Manfred 2026
Manfred 2026,Backend Engineer,Backend Engineer,Mid,33400.0,ES,Spain,2026,36072.0,Manfred 2026
Manfred 2026,Backend Engineer,Backend Engineer,Mid,37200.0,ES,Spain,2026,40176.0,Manfred 2026
Manfred 2026,Backend Engineer,Backend Engineer,Mid,32700.0,ES,Spain,2026,35316.0,Manfred 2026
Manfred 2026,Backend Engineer,Backend Engineer,Mid,39300.0,ES,Spain,2026,42444.0,Manfred 2026
Manfred 2026,Backend Engineer,Backend Engineer,Mid,37000.0,ES,Spain,2026,39960.0,Manfred 2026
Manfred 2026,Backend Engineer,Backend Engineer,Mid,33800.0,ES,Spain,2026,36504.0,Manfred 2026
Manfred 2026,Backend Engineer,Backend Engineer,Mid,31500.0,ES,Spain,2026,34020.0,Manfred 2026
Manfred 2026,Backend Engineer,Backend Engineer,Mid,37300.0,ES,Spain,2026,40284.0,Manfred 2026
Manfred 2026,Backend Engineer,Backend Engineer,Mid,36600.0,ES,Spain,2026,39528.0,Manfred 2026
Manfred 2026,Backend Engineer,Backend Engineer,Mid,36700.0,ES,Spain,2026,39636.0,Manfred 2026
Manfred 2026,Backend Engineer,Backend Engineer,Mid,37000.0,ES,Spain,2026,39960.0,Manfred 2026
Manfred 2026,Backend Engineer,Backend Engineer,Mid,32700.0,ES,Spain,2026,35316.0,Manfred 2026
Manfred 2026,Backend Engineer,Backend Engineer,Mid,34800.0,ES,Spain,2026,37584.0,Manfred 2026
Manfred 2026,Backend Engineer,Backend Engineer,Mid,33200.0,ES,Spain,2026,35856.0,Manfred 2026
Manfred 2026,Backend Engineer,Backend Engineer,Mid,37600.0,ES,Spain,2026,40608.0,Manfred 2026
Manfred 2026,Backend Engineer,Backend Engineer,Mid,36100.0,ES,Spain,2026,38988.0,Manfred 2026
Manfred 2026,Backend Engineer,Backend Engineer,Mid,34700.0,ES,Spain,2026,37476.0,Manfred 2026
Manfred 2026,Backend Engineer,Backend Engineer,Mid,32600.0,ES,Spain,2026,35208.0,Manfred 2026
Manfred 2026,Backend Engineer,Backend Engineer,Mid,34500.0,ES,Spain,2026,37260.0,Manfred 2026
Manfred 2026,Backend Engineer,Backend Engineer,Mid,34600.0,ES,Spain,2026,37368.0,Manfred 2026
Manfred 2026,Backend Engineer,Backend Engineer,Mid,36700.0,ES,Spain,2026,39636.0,Manfred 2026
Manfred 2026,Backend Engineer,Backend Engineer,Mid,36200.0,ES,Spain,2026,39096.0,Manfred 2026
Manfred 2026,Backend Engineer,Backend Engineer,Mid,37900.0,ES,Spain,2026,40932.0,Manfred 2026
Manfred 2026,Backend Engineer,Backend Engineer,Mid,35400.0,ES,Spain,2026,38232.0,Manfred 2026
Manfred 2026,Backend Engineer,Backend Engineer,Mid,33200.0,ES,Spain,2026,35856.0,Manfred 2026
Manfred 2026,Backend Engineer,Backend Engineer,Mid,36600.0,ES,Spain,2026,39528.0,Manfred 2026
Manfred 2026,Backend Engineer,Backend Engineer,Mid,36900.0,ES,Spain,2026,39852.0,Manfred 2026
Manfred 2026,Backend Engineer,Backend Engineer,Mid,35800.0,ES,Spain,2026,38664.0,Manfred 2026
Manfred 2026,Backend Engineer,Backend Engineer,Mid,37000.0,ES,Spain,2026,39960.0,Manfred 2026
Manfred 2026,Backend Engineer,Backend Engineer,Mid,35500.0,ES,Spain,2026,38340.0,Manfred 2026
Manfred 2026,Backend Engineer,Backend Engineer,Mid,35600.0,ES,Spain,2026,38448.0,Manfred 2026
Manfred 2026,Backend Engineer,Backend Engineer,Mid,35200.0,ES,Spain,2026,38016.0,Manfred 2026
Manfred 2026,Backend Engineer,Backend Engineer,Mid,32000.0,ES,Spain,2026,34560.0,Manfred 2026
Manfred 2026,Backend Engineer,Backend Engineer,Mid,33100.0,ES,Spain,2026,35748.0,Manfred 2026
Manfred 2026,Backend Engineer,Backend Engineer,Mid,32100.0,ES,Spain,2026,34668.0,Manfred 2026
Manfred 2026,Backend Engineer,Backend Engineer,Mid,36200.0,ES,Spain,2026,39096.0,Manfred 2026
Manfred 2026,Backend Engineer,Backend Engineer,Mid,34600.0,ES,Spain,2026,37368.0,Manfred 2026
Manfred 2026,Backend Engineer,Backend Engineer,Mid,35500.0,ES,Spain,2026,38340.0,Manfred 2026
Manfred 2026,Backend Engineer,Backend Engineer,Mid,38100.0,ES,Spain,2026,41148.0,Manfred 2026
Manfred 2026,Backend Engineer,Backend Engineer,Mid,34200.0,ES,Spain,2026,36936.0,Manfred 2026
Manfred 2026,Backend Engineer,Backend Engineer,Mid,35100.0,ES,Spain,2026,37908.0,Manfred 2026
Manfred 2026,Backend Engineer,Backend Engineer,Mid,36900.0,ES,Spain,2026,39852.0,Manfred 2026
Manfred 2026,Backend Engineer,Backend Engineer,Mid,34000.0,ES,Spain,2026,36720.0,Manfred 2026
Manfred 2026,Backend Engineer,Backend Engineer,Mid,32800.0,ES,Spain,2026,35424.0,Manfred 2026
Manfred 2026,Backend Engineer,Backend Engineer,Mid,34400.0,ES,Spain,2026,37152.0,Manfred 2026
Manfred 2026,Backend Engineer,Backend Engineer,Mid,33600.0,ES,Spain,2026,36288.0,Manfred 2026
Manfred 2026,Backend Engineer,Backend Engineer,Mid,38300.0,ES,Spain,2026,41364.0,Manfred 2026
Manfred 2026,Backend Engineer,Backend Engineer,Mid,37200.0,ES,Spain,2026,40176.0,Manfred 2026
Manfred 2026,Backend Engineer,Backend Engineer,Mid,36100.0,ES,Spain,2026,38988.0,Manfred 2026
Manfred 2026,Backend Engineer,Backend Engineer,Mid,37700.0,ES,Spain,2026,40716.0,Manfred 2026
Manfred 2026,Backend Engineer,Backend Engineer,Mid,37200.0,ES,Spain,2026,40176.0,Manfred 2026
Manfred 2026,Backend Engineer,Backend Engineer,Mid,33700.0,ES,Spain,2026,36396.0,Manfred 2026
Manfred 2026,Backend Engineer,Backend Engineer,Mid,37900.0,ES,Spain,2026,40932.0,Manfred 2026
Manfred 2026,Backend Engineer,Backend Engineer,Mid,35700.0,ES,Spain,2026,38556.0,Manfred 2026
Manfred 2026,Backend Engineer,Backend Engineer,Senior,47200.0,ES,Spain,2026,50976.0,Manfred 2026
Manfred 2026,Backend Engineer,Backend Engineer,Senior,47900.0,ES,Spain,2026,51732.0,Manfred 2026
Manfred 2026,Backend Engineer,Backend Engineer,Senior,44600.0,ES,Spain,2026,48168.0,Manfred 2026
Manfred 2026,Backend Engineer,Backend Engineer,Senior,43100.0,ES,Spain,2026,46548.0,Manfred 2026
Manfred 2026,Backend Engineer,Backend Engineer,Senior,44000.0,ES,Spain,2026,47520.0,Manfred 2026
Manfred 2026,Backend Engineer,Backend Engineer,Senior,45200.0,ES,Spain,2026,48816.0,Manfred 2026
Manfred 2026,Backend Engineer,Backend Engineer,Senior,47300.0,ES,Spain,2026,51084.0,Manfred 2026
Manfred 2026,Backend Engineer,Backend Engineer,Senior,47600.0,ES,Spain,2026,51408.0,Manfred 2026
Manfred 2026,Backend Engineer,Backend Engineer,Senior,41500.0,ES,Spain,2026,44820.0,Manfred 2026
Manfred 2026,Backend Engineer,Backend Engineer,Senior,45500.0,ES,Spain,2026,49140.0,Manfred 2026
Manfred 2026,Backend Engineer,Backend Engineer,Senior,45100.0,ES,Spain,2026,48708.0,Manfred 2026
Manfred 2026,Backend Engineer,Backend Engineer,Senior,44000.0,ES,Spain,2026,47520.0,Manfred 2026
Manfred 2026,Backend Engineer,Backend Engineer,Senior,43200.0,ES,Spain,2026,46656.0,Manfred 2026
Manfred 2026,Backend Engineer,Backend Engineer,Senior,44700.0,ES,Spain,2026,48276.0,Manfred 2026
Manfred 2026,Backend Engineer,Backend Engineer,Senior,48500.0,ES,Spain,2026,52380.0,Manfred 2026
Manfred 2026,Backend Engineer,Backend Engineer,Senior,44600.0,ES,Spain,2026,48168.0,Manfred 2026
Manfred 2026,Backend Engineer,Backend Engineer,Senior,45600.0,ES,Spain,2026,49248.0,Manfred 2026
Manfred 2026,Backend Engineer,Backend Engineer,Senior,46500.0,ES,Spain,2026,50220.0,Manfred 2026
Manfred 2026,Backend Engineer,Backend Engineer,Senior,44800.0,ES,Spain,2026,48384.0,Manfred 2026
Manfred 2026,Backend Engineer,Backend Engineer,Senior,48900.0,ES,Spain,2026,52812.0,Manfred 2026
Manfred 2026,Backend Engineer,Backend Engineer,Senior,48800.0,ES,Spain,2026,52704.0,Manfred 2026
Manfred 2026,Backend Engineer,Backend Engineer,Senior,44200.0,ES,Spain,2026,47736.0,Manfred 2026
Manfred 2026,Backend Engineer,Backend Engineer,Senior,45500.0,ES,Spain,2026,49140.0,Manfred 2026
Manfred 2026,Backend Engineer,Backend Engineer,Senior,44500.0,ES,Spain,2026,48060.0,Manfred 2026
Manfred 2026,Backend Engineer,Backend Engineer,Senior,44400.0,ES,Spain,2026,47952.0,Manfred 2026
Manfred 2026,Backend Engineer,Backend Engineer,Senior,42200.0,ES,Spain,2026,45576.0,Manfred 2026
Manfred 2026,Backend Engineer,Backend Engineer,Senior,46000.0,ES,Spain,2026,49680.0,Manfred 2026
Manfred 2026,Backend Engineer,Backend Engineer,Senior,45500.0,ES,Spain,2026,49140.0,Manfred 2026
Manfred 2026,Backend Engineer,Backend Engineer,Senior,42400.0,ES,Spain,2026,45792.0,Manfred 2026
Manfred 2026,Backend Engineer,Backend Engineer,Senior,44400.0,ES,Spain,2026,47952.0,Manfred 2026
Manfred 2026,Backend Engineer,Backend Engineer,Senior,48100.0,ES,Spain,2026,51948.0,Manfred 2026
Manfred 2026,Backend Engineer,Backend Engineer,Senior,44100.0,ES,Spain,2026,47628.0,Manfred 2026
Manfred 2026,Backend Engineer,Backend Engineer,Senior,43400.0,ES,Spain,2026,46872.0,Manfred 2026
Manfred 2026,Backend Engineer,Backend Engineer,Senior,45500.0,ES,Spain,2026,49140.0,Manfred 2026
Manfred 2026,Backend Engineer,Backend Engineer,Senior,49200.0,ES,Spain,2026,53136.0,Manfred 2026
Manfred 2026,Backend Engineer,Backend Engineer,Senior,44100.0,ES,Spain,2026,47628.0,Manfred 2026
Manfred 2026,Backend Engineer,Backend Engineer,Senior,46400.0,ES,Spain,2026,50112.0,Manfred 2026
Manfred 2026,Backend Engineer,Backend Engineer,Senior,46900.0,ES,Spain,2026,50652.0,Manfred 2026
Manfred 2026,Backend Engineer,Backend Engineer,Senior,44100.0,ES,Spain,2026,47628.0,Manfred 2026
Manfred 2026,Backend Engineer,Backend Engineer,Senior,46700.0,ES,Spain,2026,50436.0,Manfred 2026
Manfred 2026,Backend Engineer,Backend Engineer,Senior,44900.0,ES,Spain,2026,48492.0,Manfred 2026
Manfred 2026,Backend Engineer,Backend Engineer,Senior,46100.0,ES,Spain,2026,49788.0,Manfred 2026
Manfred 2026,Backend Engineer,Backend Engineer,Senior,46100.0,ES,Spain,2026,49788.0,Manfred 2026
Manfred 2026,Backend Engineer,Backend Engineer,Senior,45700.0,ES,Spain,2026,49356.0,Manfred 2026
Manfred 2026,Backend Engineer,Backend Engineer,Senior,42900.0,ES,Spain,2026,46332.0,Manfred 2026
Manfred 2026,Backend Engineer,Backend Engineer,Senior,47400.0,ES,Spain,2026,51192.0,Manfred 2026
Manfred 2026,Backend Engineer,Backend Engineer,Senior,44600.0,ES,Spain,2026,48168.0,Manfred 2026
Manfred 2026,Backend Engineer,Backend Engineer,Senior,43700.0,ES,Spain,2026,47196.0,Manfred 2026
Manfred 2026,Backend Engineer,Backend Engineer,Senior,42300.0,ES,Spain,2026,45684.0,Manfred 2026
Manfred 2026,Backend Engineer,Backend Engineer,Senior,45900.0,ES,Spain,2026,49572.0,Manfred 2026
Manfred 2026,Backend Engineer,Backend Engineer,Senior,46400.0,ES,Spain,2026,50112.0,Manfred 2026
Manfred 2026,Backend Engineer,Backend Engineer,Senior,41800.0,ES,Spain,2026,45144.0,Manfred 2026
Manfred 2026,Backend Engineer,Backend Engineer,Senior,45600.0,ES,Spain,2026,49248.0,Manfred 2026
Manfred 2026,Backend Engineer,Backend Engineer,Senior,44000.0,ES,Spain,2026,47520.0,Manfred 2026
Manfred 2026,Backend Engineer,Backend Engineer,Senior,46200.0,ES,Spain,2026,49896.0,Manfred 2026
Manfred 2026,Backend Engineer,Backend Engineer,Senior,43700.0,ES,Spain,2026,47196.0,Manfred 2026
Manfred 2026,Backend Engineer,Backend Engineer,Senior,46500.0,ES,Spain,2026,50220.0,Manfred 2026
Manfred 2026,Backend Engineer,Backend Engineer,Senior,45000.0,ES,Spain,2026,48600.0,Manfred 2026
Manfred 2026,Backend Engineer,Backend Engineer,Senior,48400.0,ES,Spain,2026,52272.0,Manfred 2026
Manfred 2026,Backend Engineer,Backend Engineer,Senior,43400.0,ES,Spain,2026,46872.0,Manfred 2026
Manfred 2026,Backend Engineer,Backend Engineer,Lead,52700.0,ES,Spain,2026,56916.0,Manfred 2026
Manfred 2026,Backend Engineer,Backend Engineer,Lead,52000.0,ES,Spain,2026,56160.0,Manfred 2026
Manfred 2026,Backend Engineer,Backend Engineer,Lead,54200.0,ES,Spain,2026,58536.0,Manfred 2026
Manfred 2026,Backend Engineer,Backend Engineer,Lead,54000.0,ES,Spain,2026,58320.0,Manfred 2026
Manfred 2026,Backend Engineer,Backend Engineer,Lead,52400.0,ES,Spain,2026,56592.0,Manfred 2026
Manfred 2026,Backend Engineer,Backend Engineer,Lead,53400.0,ES,Spain,2026,57672.0,Manfred 2026
Manfred 2026,Backend Engineer,Backend Engineer,Lead,53800.0,ES,Spain,2026,58104.0,Manfred 2026
Manfred 2026,Backend Engineer,Backend Engineer,Lead,53100.0,ES,Spain,2026,57348.0,Manfred 2026
Manfred 2026,Backend Engineer,Backend Engineer,Lead,53100.0,ES,Spain,2026,57348.0,Manfred 2026
Manfred 2026,Backend Engineer,Backend Engineer,Lead,52400.0,ES,Spain,2026,56592.0,Manfred 2026
Manfred 2026,Backend Engineer,Backend Engineer,Lead,51900.0,ES,Spain,2026,56052.0,Manfred 2026
Manfred 2026,Backend Engineer,Backend Engineer,Lead,54100.0,ES,Spain,2026,58428.0,Manfred 2026
Manfred 2026,Backend Engineer,Backend Engineer,Lead,54100.0,ES,Spain,2026,58428.0,Manfred 2026
Manfred 2026,Backend Engineer,Backend Engineer,Lead,53300.0,ES,Spain,2026,57564.0,Manfred 2026
Manfred 2026,Backend Engineer,Backend Engineer,Lead,52600.0,ES,Spain,2026,56808.0,Manfred 2026
Manfred 2026,Backend Engineer,Backend Engineer,Lead,52700.0,ES,Spain,2026,56916.0,Manfred 2026
Manfred 2026,Backend Engineer,Backend Engineer,Lead,53500.0,ES,Spain,2026,57780.0,Manfred 2026
Manfred 2026,Backend Engineer,Backend Engineer,Lead,54100.0,ES,Spain,2026,58428.0,Manfred 2026
Manfred 2026,Backend Engineer,Backend Engineer,Lead,54000.0,ES,Spain,2026,58320.0,Manfred 2026
Manfred 2026,Backend Engineer,Backend Engineer,Lead,53700.0,ES,Spain,2026,57996.0,Manfred 2026
Manfred 2026,Frontend Engineer,Frontend Engineer,Junior,25800.0,ES,Spain,2026,27864.0,Manfred 2026
Manfred 2026,Frontend Engineer,Frontend Engineer,Junior,22100.0,ES,Spain,2026,23868.0,Manfred 2026
Manfred 2026,Frontend Engineer,Frontend Engineer,Junior,22800.0,ES,Spain,2026,24624.0,Manfred 2026
Manfred 2026,Frontend Engineer,Frontend Engineer,Junior,27700.0,ES,Spain,2026,29916.0,Manfred 2026
Manfred 2026,Frontend Engineer,Frontend Engineer,Junior,25600.0,ES,Spain,2026,27648.0,Manfred 2026
Manfred 2026,Frontend Engineer,Frontend Engineer,Junior,20700.0,ES,Spain,2026,22356.0,Manfred 2026
Manfred 2026,Frontend Engineer,Frontend Engineer,Junior,22300.0,ES,Spain,2026,24084.0,Manfred 2026
Manfred 2026,Frontend Engineer,Frontend Engineer,Junior,25900.0,ES,Spain,2026,27972.0,Manfred 2026
Manfred 2026,Frontend Engineer,Frontend Engineer,Junior,20500.0,ES,Spain,2026,22140.0,Manfred 2026
Manfred 2026,Frontend Engineer,Frontend Engineer,Junior,22800.0,ES,Spain,2026,24624.0,Manfred 2026
Manfred 2026,Frontend Engineer,Frontend Engineer,Junior,25200.0,ES,Spain,2026,27216.0,Manfred 2026
Manfred 2026,Frontend Engineer,Frontend Engineer,Junior,26100.0,ES,Spain,2026,28188.0,Manfred 2026
Manfred 2026,Frontend Engineer,Frontend Engineer,Junior,25800.0,ES,Spain,2026,27864.0,Manfred 2026
Manfred 2026,Frontend Engineer,Frontend Engineer,Junior,23300.0,ES,Spain,2026,25164.0,Manfred 2026
Manfred 2026,Frontend Engineer,Frontend Engineer,Junior,26200.0,ES,Spain,2026,28296.0,Manfred 2026
Manfred 2026,Frontend Engineer,Frontend Engineer,Junior,23400.0,ES,Spain,2026,25272.0,Manfred 2026
Manfred 2026,Frontend Engineer,Frontend Engineer,Junior,24000.0,ES,Spain,2026,25920.0,Manfred 2026
Manfred 2026,Frontend Engineer,Frontend Engineer,Junior,26400.0,ES,Spain,2026,28512.0,Manfred 2026
Manfred 2026,Frontend Engineer,Frontend Engineer,Junior,25800.0,ES,Spain,2026,27864.0,Manfred 2026
Manfred 2026,Frontend Engineer,Frontend Engineer,Junior,27300.0,ES,Spain,2026,29484.0,Manfred 2026
Manfred 2026,Frontend Engineer,Frontend Engineer,Junior,25900.0,ES,Spain,2026,27972.0,Manfred 2026
Manfred 2026,Frontend Engineer,Frontend Engineer,Junior,25400.0,ES,Spain,2026,27432.0,Manfred 2026
Manfred 2026,Frontend Engineer,Frontend Engineer,Junior,22200.0,ES,Spain,2026,23976.0,Manfred 2026
Manfred 2026,Frontend Engineer,Frontend Engineer,Junior,24300.0,ES,Spain,2026,26244.0,Manfred 2026
Manfred 2026,Frontend Engineer,Frontend Engineer,Junior,23600.0,ES,Spain,2026,25488.0,Manfred 2026
Manfred 2026,Frontend Engineer,Frontend Engineer,Junior,23500.0,ES,Spain,2026,25380.0,Manfred 2026
Manfred 2026,Frontend Engineer,Frontend Engineer,Junior,28800.0,ES,Spain,2026,31104.0,Manfred 2026
Manfred 2026,Frontend Engineer,Frontend Engineer,Junior,24400.0,ES,Spain,2026,26352.0,Manfred 2026
Manfred 2026,Frontend Engineer,Frontend Engineer,Junior,27700.0,ES,Spain,2026,29916.0,Manfred 2026
Manfred 2026,Frontend Engineer,Frontend Engineer,Junior,25700.0,ES,Spain,2026,27756.0,Manfred 2026
Manfred 2026,Frontend Engineer,Frontend Engineer,Junior,26800.0,ES,Spain,2026,28944.0,Manfred 2026
Manfred 2026,Frontend Engineer,Frontend Engineer,Junior,25000.0,ES,Spain,2026,27000.0,Manfred 2026
Manfred 2026,Frontend Engineer,Frontend Engineer,Junior,25400.0,ES,Spain,2026,27432.0,Manfred 2026
Manfred 2026,Frontend Engineer,Frontend Engineer,Junior,25000.0,ES,Spain,2026,27000.0,Manfred 2026
Manfred 2026,Frontend Engineer,Frontend Engineer,Junior,23100.0,ES,Spain,2026,24948.0,Manfred 2026
Manfred 2026,Frontend Engineer,Frontend Engineer,Junior,26300.0,ES,Spain,2026,28404.0,Manfred 2026
Manfred 2026,Frontend Engineer,Frontend Engineer,Junior,23700.0,ES,Spain,2026,25596.0,Manfred 2026
Manfred 2026,Frontend Engineer,Frontend Engineer,Junior,21100.0,ES,Spain,2026,22788.0,Manfred 2026
Manfred 2026,Frontend Engineer,Frontend Engineer,Junior,25800.0,ES,Spain,2026,27864.0,Manfred 2026
Manfred 2026,Frontend Engineer,Frontend Engineer,Junior,23000.0,ES,Spain,2026,24840.0,Manfred 2026
Manfred 2026,Frontend Engineer,Frontend Engineer,Junior,28300.0,ES,Spain,2026,30564.0,Manfred 2026
Manfred 2026,Frontend Engineer,Frontend Engineer,Junior,28500.0,ES,Spain,2026,30780.0,Manfred 2026
Manfred 2026,Frontend Engineer,Frontend Engineer,Junior,27900.0,ES,Spain,2026,30132.0,Manfred 2026
Manfred 2026,Frontend Engineer,Frontend Engineer,Junior,24300.0,ES,Spain,2026,26244.0,Manfred 2026
Manfred 2026,Frontend Engineer,Frontend Engineer,Junior,20900.0,ES,Spain,2026,22572.0,Manfred 2026
Manfred 2026,Frontend Engineer,Frontend Engineer,Junior,28100.0,ES,Spain,2026,30348.0,Manfred 2026
Manfred 2026,Frontend Engineer,Frontend Engineer,Junior,24600.0,ES,Spain,2026,26568.0,Manfred 2026
Manfred 2026,Frontend Engineer,Frontend Engineer,Junior,28700.0,ES,Spain,2026,30996.0,Manfred 2026
Manfred 2026,Frontend Engineer,Frontend Engineer,Junior,28700.0,ES,Spain,2026,30996.0,Manfred 2026
Manfred 2026,Frontend Engineer,Frontend Engineer,Junior,27300.0,ES,Spain,2026,29484.0,Manfred 2026
Manfred 2026,Frontend Engineer,Frontend Engineer,Mid,32500.0,ES,Spain,2026,35100.0,Manfred 2026
Manfred 2026,Frontend Engineer,Frontend Engineer,Mid,32800.0,ES,Spain,2026,35424.0,Manfred 2026
Manfred 2026,Frontend Engineer,Frontend Engineer,Mid,33900.0,ES,Spain,2026,36612.0,Manfred 2026
Manfred 2026,Frontend Engineer,Frontend Engineer,Mid,32600.0,ES,Spain,2026,35208.0,Manfred 2026
Manfred 2026,Frontend Engineer,Frontend Engineer,Mid,32200.0,ES,Spain,2026,34776.0,Manfred 2026
Manfred 2026,Frontend Engineer,Frontend Engineer,Mid,33100.0,ES,Spain,2026,35748.0,Manfred 2026
Manfred 2026,Frontend Engineer,Frontend Engineer,Mid,34300.0,ES,Spain,2026,37044.0,Manfred 2026
Manfred 2026,Frontend Engineer,Frontend Engineer,Mid,33400.0,ES,Spain,2026,36072.0,Manfred 2026
Manfred 2026,Frontend Engineer,Frontend Engineer,Mid,33100.0,ES,Spain,2026,35748.0,Manfred 2026
Manfred 2026,Frontend Engineer,Frontend Engineer,Mid,31900.0,ES,Spain,2026,34452.0,Manfred 2026
Manfred 2026,Frontend Engineer,Frontend Engineer,Mid,33200.0,ES,Spain,2026,35856.0,Manfred 2026
Manfred 2026,Frontend Engineer,Frontend Engineer,Mid,34700.0,ES,Spain,2026,37476.0,Manfred 2026
Manfred 2026,Frontend Engineer,Frontend Engineer,Mid,32100.0,ES,Spain,2026,34668.0,Manfred 2026
Manfred 2026,Frontend Engineer,Frontend Engineer,Mid,33000.0,ES,Spain,2026,35640.0,Manfred 2026
Manfred 2026,Frontend Engineer,Frontend Engineer,Mid,34000.0,ES,Spain,2026,36720.0,Manfred 2026
Manfred 2026,Frontend Engineer,Frontend Engineer,Mid,33600.0,ES,Spain,2026,36288.0,Manfred 2026
Manfred 2026,Frontend Engineer,Frontend Engineer,Mid,33400.0,ES,Spain,2026,36072.0,Manfred 2026
Manfred 2026,Frontend Engineer,Frontend Engineer,Mid,33500.0,ES,Spain,2026,36180.0,Manfred 2026
Manfred 2026,Frontend Engineer,Frontend Engineer,Mid,32700.0,ES,Spain,2026,35316.0,Manfred 2026
Manfred 2026,Frontend Engineer,Frontend Engineer,Mid,32500.0,ES,Spain,2026,35100.0,Manfred 2026
Manfred 2026,Frontend Engineer,Frontend Engineer,Mid,33800.0,ES,Spain,2026,36504.0,Manfred 2026
Manfred 2026,Frontend Engineer,Frontend Engineer,Mid,33800.0,ES,Spain,2026,36504.0,Manfred 2026
Manfred 2026,Frontend Engineer,Frontend Engineer,Mid,34000.0,ES,Spain,2026,36720.0,Manfred 2026
Manfred 2026,Frontend Engineer,Frontend Engineer,Mid,34200.0,ES,Spain,2026,36936.0,Manfred 2026
Manfred 2026,Frontend Engineer,Frontend Engineer,Mid,33000.0,ES,Spain,2026,35640.0,Manfred 2026
Manfred 2026,Frontend Engineer,Frontend Engineer,Mid,33000.0,ES,Spain,2026,35640.0,Manfred 2026
Manfred 2026,Frontend Engineer,Frontend Engineer,Mid,33700.0,ES,Spain,2026,36396.0,Manfred 2026
Manfred 2026,Frontend Engineer,Frontend Engineer,Mid,33300.0,ES,Spain,2026,35964.0,Manfred 2026
Manfred 2026,Frontend Engineer,Frontend Engineer,Mid,33500.0,ES,Spain,2026,36180.0,Manfred 2026
Manfred 2026,Frontend Engineer,Frontend Engineer,Mid,33700.0,ES,Spain,2026,36396.0,Manfred 2026
Manfred 2026,Frontend Engineer,Frontend Engineer,Mid,34100.0,ES,Spain,2026,36828.0,Manfred 2026
Manfred 2026,Frontend Engineer,Frontend Engineer,Mid,32600.0,ES,Spain,2026,35208.0,Manfred 2026
Manfred 2026,Frontend Engineer,Frontend Engineer,Mid,32700.0,ES,Spain,2026,35316.0,Manfred 2026
Manfred 2026,Frontend Engineer,Frontend Engineer,Mid,31900.0,ES,Spain,2026,34452.0,Manfred 2026
Manfred 2026,Frontend Engineer,Frontend Engineer,Mid,33200.0,ES,Spain,2026,35856.0,Manfred 2026
Manfred 2026,Frontend Engineer,Frontend Engineer,Mid,31500.0,ES,Spain,2026,34020.0,Manfred 2026
Manfred 2026,Frontend Engineer,Frontend Engineer,Mid,32900.0,ES,Spain,2026,35532.0,Manfred 2026
Manfred 2026,Frontend Engineer,Frontend Engineer,Mid,33100.0,ES,Spain,2026,35748.0,Manfred 2026
Manfred 2026,Frontend Engineer,Frontend Engineer,Mid,32500.0,ES,Spain,2026,35100.0,Manfred 2026
Manfred 2026,Frontend Engineer,Frontend Engineer,Mid,33200.0,ES,Spain,2026,35856.0,Manfred 2026
Manfred 2026,Frontend Engineer,Frontend Engineer,Mid,31500.0,ES,Spain,2026,34020.0,Manfred 2026
Manfred 2026,Frontend Engineer,Frontend Engineer,Mid,31500.0,ES,Spain,2026,34020.0,Manfred 2026
Manfred 2026,Frontend Engineer,Frontend Engineer,Mid,33800.0,ES,Spain,2026,36504.0,Manfred 2026
Manfred 2026,Frontend Engineer,Frontend Engineer,Mid,32700.0,ES,Spain,2026,35316.0,Manfred 2026
Manfred 2026,Frontend Engineer,Frontend Engineer,Mid,32000.0,ES,Spain,2026,34560.0,Manfred 2026
Manfred 2026,Frontend Engineer,Frontend Engineer,Mid,33000.0,ES,Spain,2026,35640.0,Manfred 2026
Manfred 2026,Frontend Engineer,Frontend Engineer,Mid,33600.0,ES,Spain,2026,36288.0,Manfred 2026
Manfred 2026,Frontend Engineer,Frontend Engineer,Mid,32300.0,ES,Spain,2026,34884.0,Manfred 2026
Manfred 2026,Frontend Engineer,Frontend Engineer,Mid,33300.0,ES,Spain,2026,35964.0,Manfred 2026
Manfred 2026,Frontend Engineer,Frontend Engineer,Mid,31800.0,ES,Spain,2026,34344.0,Manfred 2026
Manfred 2026,Frontend Engineer,Frontend Engineer,Mid,31600.0,ES,Spain,2026,34128.0,Manfred 2026
Manfred 2026,Frontend Engineer,Frontend Engineer,Mid,33100.0,ES,Spain,2026,35748.0,Manfred 2026
Manfred 2026,Frontend Engineer,Frontend Engineer,Mid,33100.0,ES,Spain,2026,35748.0,Manfred 2026
Manfred 2026,Frontend Engineer,Frontend Engineer,Mid,33300.0,ES,Spain,2026,35964.0,Manfred 2026
Manfred 2026,Frontend Engineer,Frontend Engineer,Mid,33500.0,ES,Spain,2026,36180.0,Manfred 2026
Manfred 2026,Frontend Engineer,Frontend Engineer,Mid,34600.0,ES,Spain,2026,37368.0,Manfred 2026
Manfred 2026,Frontend Engineer,Frontend Engineer,Mid,33000.0,ES,Spain,2026,35640.0,Manfred 2026
Manfred 2026,Frontend Engineer,Frontend Engineer,Mid,32600.0,ES,Spain,2026,35208.0,Manfred 2026
Manfred 2026,Frontend Engineer,Frontend Engineer,Mid,33700.0,ES,Spain,2026,36396.0,Manfred 2026
Manfred 2026,Frontend Engineer,Frontend Engineer,Mid,32500.0,ES,Spain,2026,35100.0,Manfred 2026
Manfred 2026,Frontend Engineer,Frontend Engineer,Mid,32900.0,ES,Spain,2026,35532.0,Manfred 2026
Manfred 2026,Frontend Engineer,Frontend Engineer,Mid,31800.0,ES,Spain,2026,34344.0,Manfred 2026
Manfred 2026,Frontend Engineer,Frontend Engineer,Mid,31500.0,ES,Spain,2026,34020.0,Manfred 2026
Manfred 2026,Frontend Engineer,Frontend Engineer,Mid,34500.0,ES,Spain,2026,37260.0,Manfred 2026
Manfred 2026,Frontend Engineer,Frontend Engineer,Mid,33900.0,ES,Spain,2026,36612.0,Manfred 2026
Manfred 2026,Frontend Engineer,Frontend Engineer,Mid,33400.0,ES,Spain,2026,36072.0,Manfred 2026
Manfred 2026,Frontend Engineer,Frontend Engineer,Mid,32800.0,ES,Spain,2026,35424.0,Manfred 2026
Manfred 2026,Frontend Engineer,Frontend Engineer,Mid,32200.0,ES,Spain,2026,34776.0,Manfred 2026
Manfred 2026,Frontend Engineer,Frontend Engineer,Mid,32100.0,ES,Spain,2026,34668.0,Manfred 2026
Manfred 2026,Frontend Engineer,Frontend Engineer,Mid,32400.0,ES,Spain,2026,34992.0,Manfred 2026
Manfred 2026,Frontend Engineer,Frontend Engineer,Senior,37600.0,ES,Spain,2026,40608.0,Manfred 2026
Manfred 2026,Frontend Engineer,Frontend Engineer,Senior,38100.0,ES,Spain,2026,41148.0,Manfred 2026
Manfred 2026,Frontend Engineer,Frontend Engineer,Senior,37900.0,ES,Spain,2026,40932.0,Manfred 2026
Manfred 2026,Frontend Engineer,Frontend Engineer,Senior,36900.0,ES,Spain,2026,39852.0,Manfred 2026
Manfred 2026,Frontend Engineer,Frontend Engineer,Senior,39200.0,ES,Spain,2026,42336.0,Manfred 2026
Manfred 2026,Frontend Engineer,Frontend Engineer,Senior,38200.0,ES,Spain,2026,41256.0,Manfred 2026
Manfred 2026,Frontend Engineer,Frontend Engineer,Senior,37600.0,ES,Spain,2026,40608.0,Manfred 2026
Manfred 2026,Frontend Engineer,Frontend Engineer,Senior,37800.0,ES,Spain,2026,40824.0,Manfred 2026
Manfred 2026,Frontend Engineer,Frontend Engineer,Senior,37300.0,ES,Spain,2026,40284.0,Manfred 2026
Manfred 2026,Frontend Engineer,Frontend Engineer,Senior,36800.0,ES,Spain,2026,39744.0,Manfred 2026
Manfred 2026,Frontend Engineer,Frontend Engineer,Senior,37100.0,ES,Spain,2026,40068.0,Manfred 2026
Manfred 2026,Frontend Engineer,Frontend Engineer,Senior,38300.0,ES,Spain,2026,41364.0,Manfred 2026
Manfred 2026,Frontend Engineer,Frontend Engineer,Senior,35400.0,ES,Spain,2026,38232.0,Manfred 2026
Manfred 2026,Frontend Engineer,Frontend Engineer,Senior,36200.0,ES,Spain,2026,39096.0,Manfred 2026
Manfred 2026,Frontend Engineer,Frontend Engineer,Senior,35800.0,ES,Spain,2026,38664.0,Manfred 2026
Manfred 2026,Frontend Engineer,Frontend Engineer,Senior,35700.0,ES,Spain,2026,38556.0,Manfred 2026
Manfred 2026,Frontend Engineer,Frontend Engineer,Senior,38700.0,ES,Spain,2026,41796.0,Manfred 2026
Manfred 2026,Frontend Engineer,Frontend Engineer,Senior,38100.0,ES,Spain,2026,41148.0,Manfred 2026
Manfred 2026,Frontend Engineer,Frontend Engineer,Senior,37400.0,ES,Spain,2026,40392.0,Manfred 2026
Manfred 2026,Frontend Engineer,Frontend Engineer,Senior,36100.0,ES,Spain,2026,38988.0,Manfred 2026
Manfred 2026,Frontend Engineer,Frontend Engineer,Senior,37500.0,ES,Spain,2026,40500.0,Manfred 2026
Manfred 2026,Frontend Engineer,Frontend Engineer,Senior,37400.0,ES,Spain,2026,40392.0,Manfred 2026
Manfred 2026,Frontend Engineer,Frontend Engineer,Senior,36500.0,ES,Spain,2026,39420.0,Manfred 2026
Manfred 2026,Frontend Engineer,Frontend Engineer,Senior,37300.0,ES,Spain,2026,40284.0,Manfred 2026
Manfred 2026,Frontend Engineer,Frontend Engineer,Senior,37200.0,ES,Spain,2026,40176.0,Manfred 2026
Manfred 2026,Frontend Engineer,Frontend Engineer,Senior,37800.0,ES,Spain,2026,40824.0,Manfred 2026
Manfred 2026,Frontend Engineer,Frontend Engineer,Senior,37900.0,ES,Spain,2026,40932.0,Manfred 2026
Manfred 2026,Frontend Engineer,Frontend Engineer,Senior,35800.0,ES,Spain,2026,38664.0,Manfred 2026
Manfred 2026,Frontend Engineer,Frontend Engineer,Senior,37200.0,ES,Spain,2026,40176.0,Manfred 2026
Manfred 2026,Frontend Engineer,Frontend Engineer,Senior,37800.0,ES,Spain,2026,40824.0,Manfred 2026
Manfred 2026,Frontend Engineer,Frontend Engineer,Senior,37500.0,ES,Spain,2026,40500.0,Manfred 2026
Manfred 2026,Frontend Engineer,Frontend Engineer,Senior,38700.0,ES,Spain,2026,41796.0,Manfred 2026
Manfred 2026,Frontend Engineer,Frontend Engineer,Senior,37900.0,ES,Spain,2026,40932.0,Manfred 2026
Manfred 2026,Frontend Engineer,Frontend Engineer,Senior,36400.0,ES,Spain,2026,39312.0,Manfred 2026
Manfred 2026,Frontend Engineer,Frontend Engineer,Senior,35900.0,ES,Spain,2026,38772.0,Manfred 2026
Manfred 2026,Frontend Engineer,Frontend Engineer,Senior,37900.0,ES,Spain,2026,40932.0,Manfred 2026
Manfred 2026,Frontend Engineer,Frontend Engineer,Senior,35600.0,ES,Spain,2026,38448.0,Manfred 2026
Manfred 2026,Frontend Engineer,Frontend Engineer,Senior,37700.0,ES,Spain,2026,40716.0,Manfred 2026
Manfred 2026,Frontend Engineer,Frontend Engineer,Senior,39100.0,ES,Spain,2026,42228.0,Manfred 2026
Manfred 2026,Frontend Engineer,Frontend Engineer,Senior,37700.0,ES,Spain,2026,40716.0,Manfred 2026
Manfred 2026,Frontend Engineer,Frontend Engineer,Senior,37200.0,ES,Spain,2026,40176.0,Manfred 2026
Manfred 2026,Frontend Engineer,Frontend Engineer,Senior,37900.0,ES,Spain,2026,40932.0,Manfred 2026
Manfred 2026,Frontend Engineer,Frontend Engineer,Senior,37400.0,ES,Spain,2026,40392.0,Manfred 2026
Manfred 2026,Frontend Engineer,Frontend Engineer,Senior,37600.0,ES,Spain,2026,40608.0,Manfred 2026
Manfred 2026,Frontend Engineer,Frontend Engineer,Senior,39100.0,ES,Spain,2026,42228.0,Manfred 2026
Manfred 2026,Frontend Engineer,Frontend Engineer,Senior,37200.0,ES,Spain,2026,40176.0,Manfred 2026
Manfred 2026,Frontend Engineer,Frontend Engineer,Senior,39300.0,ES,Spain,2026,42444.0,Manfred 2026
Manfred 2026,Frontend Engineer,Frontend Engineer,Senior,38900.0,ES,Spain,2026,42012.0,Manfred 2026
Manfred 2026,Frontend Engineer,Frontend Engineer,Senior,36600.0,ES,Spain,2026,39528.0,Manfred 2026
Manfred 2026,Frontend Engineer,Frontend Engineer,Senior,35900.0,ES,Spain,2026,38772.0,Manfred 2026
Manfred 2026,Frontend Engineer,Frontend Engineer,Senior,36100.0,ES,Spain,2026,38988.0,Manfred 2026
Manfred 2026,Frontend Engineer,Frontend Engineer,Senior,35500.0,ES,Spain,2026,38340.0,Manfred 2026
Manfred 2026,Frontend Engineer,Frontend Engineer,Senior,36100.0,ES,Spain,2026,38988.0,Manfred 2026
Manfred 2026,Frontend Engineer,Frontend Engineer,Senior,38000.0,ES,Spain,2026,41040.0,Manfred 2026
Manfred 2026,Frontend Engineer,Frontend Engineer,Senior,35900.0,ES,Spain,2026,38772.0,Manfred 2026
Manfred 2026,Frontend Engineer,Frontend Engineer,Senior,37000.0,ES,Spain,2026,39960.0,Manfred 2026
Manfred 2026,Frontend Engineer,Frontend Engineer,Senior,38600.0,ES,Spain,2026,41688.0,Manfred 2026
Manfred 2026,Frontend Engineer,Frontend Engineer,Senior,35500.0,ES,Spain,2026,38340.0,Manfred 2026
Manfred 2026,Frontend Engineer,Frontend Engineer,Senior,38500.0,ES,Spain,2026,41580.0,Manfred 2026
Manfred 2026,Frontend Engineer,Frontend Engineer,Senior,36900.0,ES,Spain,2026,39852.0,Manfred 2026
Manfred 2026,Frontend Engineer,Frontend Engineer,Lead,42400.0,ES,Spain,2026,45792.0,Manfred 2026
Manfred 2026,Frontend Engineer,Frontend Engineer,Lead,46100.0,ES,Spain,2026,49788.0,Manfred 2026
Manfred 2026,Frontend Engineer,Frontend Engineer,Lead,45700.0,ES,Spain,2026,49356.0,Manfred 2026
Manfred 2026,Frontend Engineer,Frontend Engineer,Lead,47500.0,ES,Spain,2026,51300.0,Manfred 2026
Manfred 2026,Frontend Engineer,Frontend Engineer,Lead,46400.0,ES,Spain,2026,50112.0,Manfred 2026
Manfred 2026,Frontend Engineer,Frontend Engineer,Lead,46900.0,ES,Spain,2026,50652.0,Manfred 2026
Manfred 2026,Frontend Engineer,Frontend Engineer,Lead,43800.0,ES,Spain,2026,47304.0,Manfred 2026
Manfred 2026,Frontend Engineer,Frontend Engineer,Lead,43000.0,ES,Spain,2026,46440.0,Manfred 2026
Manfred 2026,Frontend Engineer,Frontend Engineer,Lead,46500.0,ES,Spain,2026,50220.0,Manfred 2026
Manfred 2026,Frontend Engineer,Frontend Engineer,Lead,46900.0,ES,Spain,2026,50652.0,Manfred 2026
Manfred 2026,Frontend Engineer,Frontend Engineer,Lead,49300.0,ES,Spain,2026,53244.0,Manfred 2026
Manfred 2026,Frontend Engineer,Frontend Engineer,Lead,44500.0,ES,Spain,2026,48060.0,Manfred 2026
Manfred 2026,Frontend Engineer,Frontend Engineer,Lead,44300.0,ES,Spain,2026,47844.0,Manfred 2026
Manfred 2026,Frontend Engineer,Frontend Engineer,Lead,46700.0,ES,Spain,2026,50436.0,Manfred 2026
Manfred 2026,Frontend Engineer,Frontend Engineer,Lead,44100.0,ES,Spain,2026,47628.0,Manfred 2026
Manfred 2026,Frontend Engineer,Frontend Engineer,Lead,48100.0,ES,Spain,2026,51948.0,Manfred 2026
Manfred 2026,Frontend Engineer,Frontend Engineer,Lead,47300.0,ES,Spain,2026,51084.0,Manfred 2026
Manfred 2026,Frontend Engineer,Frontend Engineer,Lead,44600.0,ES,Spain,2026,48168.0,Manfred 2026
Manfred 2026,Frontend Engineer,Frontend Engineer,Lead,46500.0,ES,Spain,2026,50220.0,Manfred 2026
Manfred 2026,Frontend Engineer,Frontend Engineer,Lead,46500.0,ES,Spain,2026,50220.0,Manfred 2026
Manfred 2026,Fullstack Engineer,Fullstack Engineer,Junior,22300.0,ES,Spain,2026,24084.0,Manfred 2026
Manfred 2026,Fullstack Engineer,Fullstack Engineer,Junior,27800.0,ES,Spain,2026,30024.0,Manfred 2026
Manfred 2026,Fullstack Engineer,Fullstack Engineer,Junior,25000.0,ES,Spain,2026,27000.0,Manfred 2026
Manfred 2026,Fullstack Engineer,Fullstack Engineer,Junior,27100.0,ES,Spain,2026,29268.0,Manfred 2026
Manfred 2026,Fullstack Engineer,Fullstack Engineer,Junior,24000.0,ES,Spain,2026,25920.0,Manfred 2026
Manfred 2026,Fullstack Engineer,Fullstack Engineer,Junior,27700.0,ES,Spain,2026,29916.0,Manfred 2026
Manfred 2026,Fullstack Engineer,Fullstack Engineer,Junior,24400.0,ES,Spain,2026,26352.0,Manfred 2026
Manfred 2026,Fullstack Engineer,Fullstack Engineer,Junior,20700.0,ES,Spain,2026,22356.0,Manfred 2026
Manfred 2026,Fullstack Engineer,Fullstack Engineer,Junior,27800.0,ES,Spain,2026,30024.0,Manfred 2026
Manfred 2026,Fullstack Engineer,Fullstack Engineer,Junior,22100.0,ES,Spain,2026,23868.0,Manfred 2026
Manfred 2026,Fullstack Engineer,Fullstack Engineer,Junior,24000.0,ES,Spain,2026,25920.0,Manfred 2026
Manfred 2026,Fullstack Engineer,Fullstack Engineer,Junior,28400.0,ES,Spain,2026,30672.0,Manfred 2026
Manfred 2026,Fullstack Engineer,Fullstack Engineer,Junior,28400.0,ES,Spain,2026,30672.0,Manfred 2026
Manfred 2026,Fullstack Engineer,Fullstack Engineer,Junior,25400.0,ES,Spain,2026,27432.0,Manfred 2026
Manfred 2026,Fullstack Engineer,Fullstack Engineer,Junior,25700.0,ES,Spain,2026,27756.0,Manfred 2026
Manfred 2026,Fullstack Engineer,Fullstack Engineer,Junior,24700.0,ES,Spain,2026,26676.0,Manfred 2026
Manfred 2026,Fullstack Engineer,Fullstack Engineer,Junior,23800.0,ES,Spain,2026,25704.0,Manfred 2026
Manfred 2026,Fullstack Engineer,Fullstack Engineer,Junior,24100.0,ES,Spain,2026,26028.0,Manfred 2026
Manfred 2026,Fullstack Engineer,Fullstack Engineer,Junior,26000.0,ES,Spain,2026,28080.0,Manfred 2026
Manfred 2026,Fullstack Engineer,Fullstack Engineer,Junior,26500.0,ES,Spain,2026,28620.0,Manfred 2026
Manfred 2026,Fullstack Engineer,Fullstack Engineer,Junior,26800.0,ES,Spain,2026,28944.0,Manfred 2026
Manfred 2026,Fullstack Engineer,Fullstack Engineer,Junior,26800.0,ES,Spain,2026,28944.0,Manfred 2026
Manfred 2026,Fullstack Engineer,Fullstack Engineer,Junior,22100.0,ES,Spain,2026,23868.0,Manfred 2026
Manfred 2026,Fullstack Engineer,Fullstack Engineer,Junior,25000.0,ES,Spain,2026,27000.0,Manfred 2026
Manfred 2026,Fullstack Engineer,Fullstack Engineer,Junior,21700.0,ES,Spain,2026,23436.0,Manfred 2026
Manfred 2026,Fullstack Engineer,Fullstack Engineer,Junior,25300.0,ES,Spain,2026,27324.0,Manfred 2026
Manfred 2026,Fullstack Engineer,Fullstack Engineer,Junior,24700.0,ES,Spain,2026,26676.0,Manfred 2026
Manfred 2026,Fullstack Engineer,Fullstack Engineer,Junior,27600.0,ES,Spain,2026,29808.0,Manfred 2026
Manfred 2026,Fullstack Engineer,Fullstack Engineer,Junior,24200.0,ES,Spain,2026,26136.0,Manfred 2026
Manfred 2026,Fullstack Engineer,Fullstack Engineer,Junior,22400.0,ES,Spain,2026,24192.0,Manfred 2026
Manfred 2026,Fullstack Engineer,Fullstack Engineer,Junior,22700.0,ES,Spain,2026,24516.0,Manfred 2026
Manfred 2026,Fullstack Engineer,Fullstack Engineer,Junior,26500.0,ES,Spain,2026,28620.0,Manfred 2026
Manfred 2026,Fullstack Engineer,Fullstack Engineer,Junior,25600.0,ES,Spain,2026,27648.0,Manfred 2026
Manfred 2026,Fullstack Engineer,Fullstack Engineer,Junior,22200.0,ES,Spain,2026,23976.0,Manfred 2026
Manfred 2026,Fullstack Engineer,Fullstack Engineer,Junior,22100.0,ES,Spain,2026,23868.0,Manfred 2026
Manfred 2026,Fullstack Engineer,Fullstack Engineer,Junior,26100.0,ES,Spain,2026,28188.0,Manfred 2026
Manfred 2026,Fullstack Engineer,Fullstack Engineer,Junior,21900.0,ES,Spain,2026,23652.0,Manfred 2026
Manfred 2026,Fullstack Engineer,Fullstack Engineer,Junior,27000.0,ES,Spain,2026,29160.0,Manfred 2026
Manfred 2026,Fullstack Engineer,Fullstack Engineer,Junior,26200.0,ES,Spain,2026,28296.0,Manfred 2026
Manfred 2026,Fullstack Engineer,Fullstack Engineer,Junior,22000.0,ES,Spain,2026,23760.0,Manfred 2026
Manfred 2026,Fullstack Engineer,Fullstack Engineer,Junior,22100.0,ES,Spain,2026,23868.0,Manfred 2026
Manfred 2026,Fullstack Engineer,Fullstack Engineer,Junior,29200.0,ES,Spain,2026,31536.0,Manfred 2026
Manfred 2026,Fullstack Engineer,Fullstack Engineer,Junior,24300.0,ES,Spain,2026,26244.0,Manfred 2026
Manfred 2026,Fullstack Engineer,Fullstack Engineer,Junior,24300.0,ES,Spain,2026,26244.0,Manfred 2026
Manfred 2026,Fullstack Engineer,Fullstack Engineer,Junior,26900.0,ES,Spain,2026,29052.0,Manfred 2026
Manfred 2026,Fullstack Engineer,Fullstack Engineer,Junior,28400.0,ES,Spain,2026,30672.0,Manfred 2026
Manfred 2026,Fullstack Engineer,Fullstack Engineer,Junior,29200.0,ES,Spain,2026,31536.0,Manfred 2026
Manfred 2026,Fullstack Engineer,Fullstack Engineer,Junior,26500.0,ES,Spain,2026,28620.0,Manfred 2026
Manfred 2026,Fullstack Engineer,Fullstack Engineer,Junior,24300.0,ES,Spain,2026,26244.0,Manfred 2026
Manfred 2026,Fullstack Engineer,Fullstack Engineer,Junior,22000.0,ES,Spain,2026,23760.0,Manfred 2026
Manfred 2026,Fullstack Engineer,Fullstack Engineer,Mid,37000.0,ES,Spain,2026,39960.0,Manfred 2026
Manfred 2026,Fullstack Engineer,Fullstack Engineer,Mid,35800.0,ES,Spain,2026,38664.0,Manfred 2026
Manfred 2026,Fullstack Engineer,Fullstack Engineer,Mid,35100.0,ES,Spain,2026,37908.0,Manfred 2026
Manfred 2026,Fullstack Engineer,Fullstack Engineer,Mid,38100.0,ES,Spain,2026,41148.0,Manfred 2026
Manfred 2026,Fullstack Engineer,Fullstack Engineer,Mid,33100.0,ES,Spain,2026,35748.0,Manfred 2026
Manfred 2026,Fullstack Engineer,Fullstack Engineer,Mid,35500.0,ES,Spain,2026,38340.0,Manfred 2026
Manfred 2026,Fullstack Engineer,Fullstack Engineer,Mid,31700.0,ES,Spain,2026,34236.0,Manfred 2026
Manfred 2026,Fullstack Engineer,Fullstack Engineer,Mid,35400.0,ES,Spain,2026,38232.0,Manfred 2026
Manfred 2026,Fullstack Engineer,Fullstack Engineer,Mid,32500.0,ES,Spain,2026,35100.0,Manfred 2026
Manfred 2026,Fullstack Engineer,Fullstack Engineer,Mid,33200.0,ES,Spain,2026,35856.0,Manfred 2026
Manfred 2026,Fullstack Engineer,Fullstack Engineer,Mid,33200.0,ES,Spain,2026,35856.0,Manfred 2026
Manfred 2026,Fullstack Engineer,Fullstack Engineer,Mid,36200.0,ES,Spain,2026,39096.0,Manfred 2026
Manfred 2026,Fullstack Engineer,Fullstack Engineer,Mid,36800.0,ES,Spain,2026,39744.0,Manfred 2026
Manfred 2026,Fullstack Engineer,Fullstack Engineer,Mid,35900.0,ES,Spain,2026,38772.0,Manfred 2026
Manfred 2026,Fullstack Engineer,Fullstack Engineer,Mid,38800.0,ES,Spain,2026,41904.0,Manfred 2026
Manfred 2026,Fullstack Engineer,Fullstack Engineer,Mid,34900.0,ES,Spain,2026,37692.0,Manfred 2026
Manfred 2026,Fullstack Engineer,Fullstack Engineer,Mid,34400.0,ES,Spain,2026,37152.0,Manfred 2026
Manfred 2026,Fullstack Engineer,Fullstack Engineer,Mid,37700.0,ES,Spain,2026,40716.0,Manfred 2026
Manfred 2026,Fullstack Engineer,Fullstack Engineer,Mid,34000.0,ES,Spain,2026,36720.0,Manfred 2026
Manfred 2026,Fullstack Engineer,Fullstack Engineer,Mid,38800.0,ES,Spain,2026,41904.0,Manfred 2026
Manfred 2026,Fullstack Engineer,Fullstack Engineer,Mid,31700.0,ES,Spain,2026,34236.0,Manfred 2026
Manfred 2026,Fullstack Engineer,Fullstack Engineer,Mid,38900.0,ES,Spain,2026,42012.0,Manfred 2026
Manfred 2026,Fullstack Engineer,Fullstack Engineer,Mid,32300.0,ES,Spain,2026,34884.0,Manfred 2026
Manfred 2026,Fullstack Engineer,Fullstack Engineer,Mid,37900.0,ES,Spain,2026,40932.0,Manfred 2026
Manfred 2026,Fullstack Engineer,Fullstack Engineer,Mid,35600.0,ES,Spain,2026,38448.0,Manfred 2026
Manfred 2026,Fullstack Engineer,Fullstack Engineer,Mid,39500.0,ES,Spain,2026,42660.0,Manfred 2026
Manfred 2026,Fullstack Engineer,Fullstack Engineer,Mid,32700.0,ES,Spain,2026,35316.0,Manfred 2026
Manfred 2026,Fullstack Engineer,Fullstack Engineer,Mid,35700.0,ES,Spain,2026,38556.0,Manfred 2026
Manfred 2026,Fullstack Engineer,Fullstack Engineer,Mid,38900.0,ES,Spain,2026,42012.0,Manfred 2026
Manfred 2026,Fullstack Engineer,Fullstack Engineer,Mid,35600.0,ES,Spain,2026,38448.0,Manfred 2026
Manfred 2026,Fullstack Engineer,Fullstack Engineer,Mid,36100.0,ES,Spain,2026,38988.0,Manfred 2026
Manfred 2026,Fullstack Engineer,Fullstack Engineer,Mid,36500.0,ES,Spain,2026,39420.0,Manfred 2026
Manfred 2026,Fullstack Engineer,Fullstack Engineer,Mid,35300.0,ES,Spain,2026,38124.0,Manfred 2026
Manfred 2026,Fullstack Engineer,Fullstack Engineer,Mid,36100.0,ES,Spain,2026,38988.0,Manfred 2026
Manfred 2026,Fullstack Engineer,Fullstack Engineer,Mid,35900.0,ES,Spain,2026,38772.0,Manfred 2026
Manfred 2026,Fullstack Engineer,Fullstack Engineer,Mid,38000.0,ES,Spain,2026,41040.0,Manfred 2026
Manfred 2026,Fullstack Engineer,Fullstack Engineer,Mid,32400.0,ES,Spain,2026,34992.0,Manfred 2026
Manfred 2026,Fullstack Engineer,Fullstack Engineer,Mid,34400.0,ES,Spain,2026,37152.0,Manfred 2026
Manfred 2026,Fullstack Engineer,Fullstack Engineer,Mid,38600.0,ES,Spain,2026,41688.0,Manfred 2026
Manfred 2026,Fullstack Engineer,Fullstack Engineer,Mid,37900.0,ES,Spain,2026,40932.0,Manfred 2026
Manfred 2026,Fullstack Engineer,Fullstack Engineer,Mid,35300.0,ES,Spain,2026,38124.0,Manfred 2026
Manfred 2026,Fullstack Engineer,Fullstack Engineer,Mid,36100.0,ES,Spain,2026,38988.0,Manfred 2026
Manfred 2026,Fullstack Engineer,Fullstack Engineer,Mid,34400.0,ES,Spain,2026,37152.0,Manfred 2026
Manfred 2026,Fullstack Engineer,Fullstack Engineer,Mid,33800.0,ES,Spain,2026,36504.0,Manfred 2026
Manfred 2026,Fullstack Engineer,Fullstack Engineer,Mid,35300.0,ES,Spain,2026,38124.0,Manfred 2026
Manfred 2026,Fullstack Engineer,Fullstack Engineer,Mid,34800.0,ES,Spain,2026,37584.0,Manfred 2026
Manfred 2026,Fullstack Engineer,Fullstack Engineer,Mid,35900.0,ES,Spain,2026,38772.0,Manfred 2026
Manfred 2026,Fullstack Engineer,Fullstack Engineer,Mid,32800.0,ES,Spain,2026,35424.0,Manfred 2026
Manfred 2026,Fullstack Engineer,Fullstack Engineer,Mid,39000.0,ES,Spain,2026,42120.0,Manfred 2026
Manfred 2026,Fullstack Engineer,Fullstack Engineer,Mid,39300.0,ES,Spain,2026,42444.0,Manfred 2026
Manfred 2026,Fullstack Engineer,Fullstack Engineer,Mid,36500.0,ES,Spain,2026,39420.0,Manfred 2026
Manfred 2026,Fullstack Engineer,Fullstack Engineer,Mid,35700.0,ES,Spain,2026,38556.0,Manfred 2026
Manfred 2026,Fullstack Engineer,Fullstack Engineer,Mid,34500.0,ES,Spain,2026,37260.0,Manfred 2026
Manfred 2026,Fullstack Engineer,Fullstack Engineer,Mid,37300.0,ES,Spain,2026,40284.0,Manfred 2026
Manfred 2026,Fullstack Engineer,Fullstack Engineer,Mid,36400.0,ES,Spain,2026,39312.0,Manfred 2026
Manfred 2026,Fullstack Engineer,Fullstack Engineer,Mid,33600.0,ES,Spain,2026,36288.0,Manfred 2026
Manfred 2026,Fullstack Engineer,Fullstack Engineer,Mid,38100.0,ES,Spain,2026,41148.0,Manfred 2026
Manfred 2026,Fullstack Engineer,Fullstack Engineer,Mid,37300.0,ES,Spain,2026,40284.0,Manfred 2026
Manfred 2026,Fullstack Engineer,Fullstack Engineer,Mid,38600.0,ES,Spain,2026,41688.0,Manfred 2026
Manfred 2026,Fullstack Engineer,Fullstack Engineer,Mid,36700.0,ES,Spain,2026,39636.0,Manfred 2026
Manfred 2026,Fullstack Engineer,Fullstack Engineer,Mid,36000.0,ES,Spain,2026,38880.0,Manfred 2026
Manfred 2026,Fullstack Engineer,Fullstack Engineer,Mid,35100.0,ES,Spain,2026,37908.0,Manfred 2026
Manfred 2026,Fullstack Engineer,Fullstack Engineer,Mid,38300.0,ES,Spain,2026,41364.0,Manfred 2026
Manfred 2026,Fullstack Engineer,Fullstack Engineer,Mid,37700.0,ES,Spain,2026,40716.0,Manfred 2026
Manfred 2026,Fullstack Engineer,Fullstack Engineer,Mid,32400.0,ES,Spain,2026,34992.0,Manfred 2026
Manfred 2026,Fullstack Engineer,Fullstack Engineer,Mid,32000.0,ES,Spain,2026,34560.0,Manfred 2026
Manfred 2026,Fullstack Engineer,Fullstack Engineer,Mid,34900.0,ES,Spain,2026,37692.0,Manfred 2026
Manfred 2026,Fullstack Engineer,Fullstack Engineer,Mid,37200.0,ES,Spain,2026,40176.0,Manfred 2026
Manfred 2026,Fullstack Engineer,Fullstack Engineer,Mid,39300.0,ES,Spain,2026,42444.0,Manfred 2026
Manfred 2026,Fullstack Engineer,Fullstack Engineer,Mid,33500.0,ES,Spain,2026,36180.0,Manfred 2026
Manfred 2026,Fullstack Engineer,Fullstack Engineer,Senior,45900.0,ES,Spain,2026,49572.0,Manfred 2026
Manfred 2026,Fullstack Engineer,Fullstack Engineer,Senior,44900.0,ES,Spain,2026,48492.0,Manfred 2026
Manfred 2026,Fullstack Engineer,Fullstack Engineer,Senior,48900.0,ES,Spain,2026,52812.0,Manfred 2026
Manfred 2026,Fullstack Engineer,Fullstack Engineer,Senior,47500.0,ES,Spain,2026,51300.0,Manfred 2026
Manfred 2026,Fullstack Engineer,Fullstack Engineer,Senior,47400.0,ES,Spain,2026,51192.0,Manfred 2026
Manfred 2026,Fullstack Engineer,Fullstack Engineer,Senior,45400.0,ES,Spain,2026,49032.0,Manfred 2026
Manfred 2026,Fullstack Engineer,Fullstack Engineer,Senior,45100.0,ES,Spain,2026,48708.0,Manfred 2026
Manfred 2026,Fullstack Engineer,Fullstack Engineer,Senior,44300.0,ES,Spain,2026,47844.0,Manfred 2026
Manfred 2026,Fullstack Engineer,Fullstack Engineer,Senior,42500.0,ES,Spain,2026,45900.0,Manfred 2026
Manfred 2026,Fullstack Engineer,Fullstack Engineer,Senior,47700.0,ES,Spain,2026,51516.0,Manfred 2026
Manfred 2026,Fullstack Engineer,Fullstack Engineer,Senior,47200.0,ES,Spain,2026,50976.0,Manfred 2026
Manfred 2026,Fullstack Engineer,Fullstack Engineer,Senior,49900.0,ES,Spain,2026,53892.0,Manfred 2026
Manfred 2026,Fullstack Engineer,Fullstack Engineer,Senior,49600.0,ES,Spain,2026,53568.0,Manfred 2026
Manfred 2026,Fullstack Engineer,Fullstack Engineer,Senior,45800.0,ES,Spain,2026,49464.0,Manfred 2026
Manfred 2026,Fullstack Engineer,Fullstack Engineer,Senior,46900.0,ES,Spain,2026,50652.0,Manfred 2026
Manfred 2026,Fullstack Engineer,Fullstack Engineer,Senior,48500.0,ES,Spain,2026,52380.0,Manfred 2026
Manfred 2026,Fullstack Engineer,Fullstack Engineer,Senior,47500.0,ES,Spain,2026,51300.0,Manfred 2026
Manfred 2026,Fullstack Engineer,Fullstack Engineer,Senior,44200.0,ES,Spain,2026,47736.0,Manfred 2026
Manfred 2026,Fullstack Engineer,Fullstack Engineer,Senior,45300.0,ES,Spain,2026,48924.0,Manfred 2026
Manfred 2026,Fullstack Engineer,Fullstack Engineer,Senior,43300.0,ES,Spain,2026,46764.0,Manfred 2026
Manfred 2026,Fullstack Engineer,Fullstack Engineer,Senior,48600.0,ES,Spain,2026,52488.0,Manfred 2026
Manfred 2026,Fullstack Engineer,Fullstack Engineer,Senior,46000.0,ES,Spain,2026,49680.0,Manfred 2026
Manfred 2026,Fullstack Engineer,Fullstack Engineer,Senior,44000.0,ES,Spain,2026,47520.0,Manfred 2026
Manfred 2026,Fullstack Engineer,Fullstack Engineer,Senior,46400.0,ES,Spain,2026,50112.0,Manfred 2026
Manfred 2026,Fullstack Engineer,Fullstack Engineer,Senior,46100.0,ES,Spain,2026,49788.0,Manfred 2026
Manfred 2026,Fullstack Engineer,Fullstack Engineer,Senior,44800.0,ES,Spain,2026,48384.0,Manfred 2026
Manfred 2026,Fullstack Engineer,Fullstack Engineer,Senior,43100.0,ES,Spain,2026,46548.0,Manfred 2026
Manfred 2026,Fullstack Engineer,Fullstack Engineer,Senior,46400.0,ES,Spain,2026,50112.0,Manfred 2026
Manfred 2026,Fullstack Engineer,Fullstack Engineer,Senior,45600.0,ES,Spain,2026,49248.0,Manfred 2026
Manfred 2026,Fullstack Engineer,Fullstack Engineer,Senior,47000.0,ES,Spain,2026,50760.0,Manfred 2026
Manfred 2026,Fullstack Engineer,Fullstack Engineer,Senior,45600.0,ES,Spain,2026,49248.0,Manfred 2026
Manfred 2026,Fullstack Engineer,Fullstack Engineer,Senior,47600.0,ES,Spain,2026,51408.0,Manfred 2026
Manfred 2026,Fullstack Engineer,Fullstack Engineer,Senior,45700.0,ES,Spain,2026,49356.0,Manfred 2026
Manfred 2026,Fullstack Engineer,Fullstack Engineer,Senior,45800.0,ES,Spain,2026,49464.0,Manfred 2026
Manfred 2026,Fullstack Engineer,Fullstack Engineer,Senior,47800.0,ES,Spain,2026,51624.0,Manfred 2026
Manfred 2026,Fullstack Engineer,Fullstack Engineer,Senior,45000.0,ES,Spain,2026,48600.0,Manfred 2026
Manfred 2026,Fullstack Engineer,Fullstack Engineer,Senior,43300.0,ES,Spain,2026,46764.0,Manfred 2026
Manfred 2026,Fullstack Engineer,Fullstack Engineer,Senior,42100.0,ES,Spain,2026,45468.0,Manfred 2026
Manfred 2026,Fullstack Engineer,Fullstack Engineer,Senior,46900.0,ES,Spain,2026,50652.0,Manfred 2026
Manfred 2026,Fullstack Engineer,Fullstack Engineer,Senior,46100.0,ES,Spain,2026,49788.0,Manfred 2026
Manfred 2026,Fullstack Engineer,Fullstack Engineer,Senior,46500.0,ES,Spain,2026,50220.0,Manfred 2026
Manfred 2026,Fullstack Engineer,Fullstack Engineer,Senior,43900.0,ES,Spain,2026,47412.0,Manfred 2026
Manfred 2026,Fullstack Engineer,Fullstack Engineer,Senior,43400.0,ES,Spain,2026,46872.0,Manfred 2026
Manfred 2026,Fullstack Engineer,Fullstack Engineer,Senior,41800.0,ES,Spain,2026,45144.0,Manfred 2026
Manfred 2026,Fullstack Engineer,Fullstack Engineer,Senior,44800.0,ES,Spain,2026,48384.0,Manfred 2026
Manfred 2026,Fullstack Engineer,Fullstack Engineer,Senior,45900.0,ES,Spain,2026,49572.0,Manfred 2026
Manfred 2026,Fullstack Engineer,Fullstack Engineer,Senior,45000.0,ES,Spain,2026,48600.0,Manfred 2026
Manfred 2026,Fullstack Engineer,Fullstack Engineer,Senior,45200.0,ES,Spain,2026,48816.0,Manfred 2026
Manfred 2026,Fullstack Engineer,Fullstack Engineer,Senior,48000.0,ES,Spain,2026,51840.0,Manfred 2026
Manfred 2026,Fullstack Engineer,Fullstack Engineer,Senior,44800.0,ES,Spain,2026,48384.0,Manfred 2026
Manfred 2026,Fullstack Engineer,Fullstack Engineer,Senior,45600.0,ES,Spain,2026,49248.0,Manfred 2026
Manfred 2026,Fullstack Engineer,Fullstack Engineer,Senior,47000.0,ES,Spain,2026,50760.0,Manfred 2026
Manfred 2026,Fullstack Engineer,Fullstack Engineer,Senior,45000.0,ES,Spain,2026,48600.0,Manfred 2026
Manfred 2026,Fullstack Engineer,Fullstack Engineer,Senior,46100.0,ES,Spain,2026,49788.0,Manfred 2026
Manfred 2026,Fullstack Engineer,Fullstack Engineer,Senior,47600.0,ES,Spain,2026,51408.0,Manfred 2026
Manfred 2026,Fullstack Engineer,Fullstack Engineer,Senior,48600.0,ES,Spain,2026,52488.0,Manfred 2026
Manfred 2026,Fullstack Engineer,Fullstack Engineer,Senior,43400.0,ES,Spain,2026,46872.0,Manfred 2026
Manfred 2026,Fullstack Engineer,Fullstack Engineer,Senior,48300.0,ES,Spain,2026,52164.0,Manfred 2026
Manfred 2026,Fullstack Engineer,Fullstack Engineer,Senior,45500.0,ES,Spain,2026,49140.0,Manfred 2026
Manfred 2026,Fullstack Engineer,Fullstack Engineer,Senior,44200.0,ES,Spain,2026,47736.0,Manfred 2026
Manfred 2026,Fullstack Engineer,Fullstack Engineer,Lead,55300.0,ES,Spain,2026,59724.0,Manfred 2026
Manfred 2026,Fullstack Engineer,Fullstack Engineer,Lead,59100.0,ES,Spain,2026,63828.0,Manfred 2026
Manfred 2026,Fullstack Engineer,Fullstack Engineer,Lead,55500.0,ES,Spain,2026,59940.0,Manfred 2026
Manfred 2026,Fullstack Engineer,Fullstack Engineer,Lead,54600.0,ES,Spain,2026,58968.0,Manfred 2026
Manfred 2026,Fullstack Engineer,Fullstack Engineer,Lead,56100.0,ES,Spain,2026,60588.0,Manfred 2026
Manfred 2026,Fullstack Engineer,Fullstack Engineer,Lead,54100.0,ES,Spain,2026,58428.0,Manfred 2026
Manfred 2026,Fullstack Engineer,Fullstack Engineer,Lead,52800.0,ES,Spain,2026,57024.0,Manfred 2026
Manfred 2026,Fullstack Engineer,Fullstack Engineer,Lead,53300.0,ES,Spain,2026,57564.0,Manfred 2026
Manfred 2026,Fullstack Engineer,Fullstack Engineer,Lead,53300.0,ES,Spain,2026,57564.0,Manfred 2026
Manfred 2026,Fullstack Engineer,Fullstack Engineer,Lead,53500.0,ES,Spain,2026,57780.0,Manfred 2026
Manfred 2026,Fullstack Engineer,Fullstack Engineer,Lead,53400.0,ES,Spain,2026,57672.0,Manfred 2026
Manfred 2026,Fullstack Engineer,Fullstack Engineer,Lead,56200.0,ES,Spain,2026,60696.0,Manfred 2026
Manfred 2026,Fullstack Engineer,Fullstack Engineer,Lead,53700.0,ES,Spain,2026,57996.0,Manfred 2026
Manfred 2026,Fullstack Engineer,Fullstack Engineer,Lead,54700.0,ES,Spain,2026,59076.0,Manfred 2026
Manfred 2026,Fullstack Engineer,Fullstack Engineer,Lead,58000.0,ES,Spain,2026,62640.0,Manfred 2026
Manfred 2026,Fullstack Engineer,Fullstack Engineer,Lead,55400.0,ES,Spain,2026,59832.0,Manfred 2026
Manfred 2026,Fullstack Engineer,Fullstack Engineer,Lead,56300.0,ES,Spain,2026,60804.0,Manfred 2026
Manfred 2026,Fullstack Engineer,Fullstack Engineer,Lead,53600.0,ES,Spain,2026,57888.0,Manfred 2026
Manfred 2026,Fullstack Engineer,Fullstack Engineer,Lead,53800.0,ES,Spain,2026,58104.0,Manfred 2026
Manfred 2026,Fullstack Engineer,Fullstack Engineer,Lead,52300.0,ES,Spain,2026,56484.0,Manfred 2026
Manfred 2026,AI Engineer,AI Engineer,Junior,27900.0,ES,Spain,2026,30132.0,Manfred 2026
Manfred 2026,AI Engineer,AI Engineer,Junior,28700.0,ES,Spain,2026,30996.0,Manfred 2026
Manfred 2026,AI Engineer,AI Engineer,Junior,28000.0,ES,Spain,2026,30240.0,Manfred 2026
Manfred 2026,AI Engineer,AI Engineer,Junior,27100.0,ES,Spain,2026,29268.0,Manfred 2026
Manfred 2026,AI Engineer,AI Engineer,Junior,27500.0,ES,Spain,2026,29700.0,Manfred 2026
Manfred 2026,AI Engineer,AI Engineer,Junior,29800.0,ES,Spain,2026,32184.0,Manfred 2026
Manfred 2026,AI Engineer,AI Engineer,Junior,28200.0,ES,Spain,2026,30456.0,Manfred 2026
Manfred 2026,AI Engineer,AI Engineer,Junior,29300.0,ES,Spain,2026,31644.0,Manfred 2026
Manfred 2026,AI Engineer,AI Engineer,Junior,30000.0,ES,Spain,2026,32400.0,Manfred 2026
Manfred 2026,AI Engineer,AI Engineer,Junior,31100.0,ES,Spain,2026,33588.0,Manfred 2026
Manfred 2026,AI Engineer,AI Engineer,Junior,26400.0,ES,Spain,2026,28512.0,Manfred 2026
Manfred 2026,AI Engineer,AI Engineer,Junior,31800.0,ES,Spain,2026,34344.0,Manfred 2026
Manfred 2026,AI Engineer,AI Engineer,Junior,30700.0,ES,Spain,2026,33156.0,Manfred 2026
Manfred 2026,AI Engineer,AI Engineer,Junior,27000.0,ES,Spain,2026,29160.0,Manfred 2026
Manfred 2026,AI Engineer,AI Engineer,Junior,32500.0,ES,Spain,2026,35100.0,Manfred 2026
Manfred 2026,AI Engineer,AI Engineer,Junior,33000.0,ES,Spain,2026,35640.0,Manfred 2026
Manfred 2026,AI Engineer,AI Engineer,Junior,26700.0,ES,Spain,2026,28836.0,Manfred 2026
Manfred 2026,AI Engineer,AI Engineer,Junior,28700.0,ES,Spain,2026,30996.0,Manfred 2026
Manfred 2026,AI Engineer,AI Engineer,Junior,31900.0,ES,Spain,2026,34452.0,Manfred 2026
Manfred 2026,AI Engineer,AI Engineer,Junior,31500.0,ES,Spain,2026,34020.0,Manfred 2026
Manfred 2026,AI Engineer,AI Engineer,Junior,28000.0,ES,Spain,2026,30240.0,Manfred 2026
Manfred 2026,AI Engineer,AI Engineer,Junior,28200.0,ES,Spain,2026,30456.0,Manfred 2026
Manfred 2026,AI Engineer,AI Engineer,Junior,29300.0,ES,Spain,2026,31644.0,Manfred 2026
Manfred 2026,AI Engineer,AI Engineer,Junior,29900.0,ES,Spain,2026,32292.0,Manfred 2026
Manfred 2026,AI Engineer,AI Engineer,Junior,30600.0,ES,Spain,2026,33048.0,Manfred 2026
Manfred 2026,AI Engineer,AI Engineer,Junior,29300.0,ES,Spain,2026,31644.0,Manfred 2026
Manfred 2026,AI Engineer,AI Engineer,Junior,29800.0,ES,Spain,2026,32184.0,Manfred 2026
Manfred 2026,AI Engineer,AI Engineer,Junior,31400.0,ES,Spain,2026,33912.0,Manfred 2026
Manfred 2026,AI Engineer,AI Engineer,Junior,26400.0,ES,Spain,2026,28512.0,Manfred 2026
Manfred 2026,AI Engineer,AI Engineer,Junior,28600.0,ES,Spain,2026,30888.0,Manfred 2026
Manfred 2026,AI Engineer,AI Engineer,Junior,31200.0,ES,Spain,2026,33696.0,Manfred 2026
Manfred 2026,AI Engineer,AI Engineer,Junior,32700.0,ES,Spain,2026,35316.0,Manfred 2026
Manfred 2026,AI Engineer,AI Engineer,Junior,30100.0,ES,Spain,2026,32508.0,Manfred 2026
Manfred 2026,AI Engineer,AI Engineer,Junior,30200.0,ES,Spain,2026,32616.0,Manfred 2026
Manfred 2026,AI Engineer,AI Engineer,Junior,27300.0,ES,Spain,2026,29484.0,Manfred 2026
Manfred 2026,AI Engineer,AI Engineer,Junior,29700.0,ES,Spain,2026,32076.0,Manfred 2026
Manfred 2026,AI Engineer,AI Engineer,Junior,30200.0,ES,Spain,2026,32616.0,Manfred 2026
Manfred 2026,AI Engineer,AI Engineer,Junior,28500.0,ES,Spain,2026,30780.0,Manfred 2026
Manfred 2026,AI Engineer,AI Engineer,Junior,28700.0,ES,Spain,2026,30996.0,Manfred 2026
Manfred 2026,AI Engineer,AI Engineer,Junior,29300.0,ES,Spain,2026,31644.0,Manfred 2026
Manfred 2026,AI Engineer,AI Engineer,Junior,26000.0,ES,Spain,2026,28080.0,Manfred 2026
Manfred 2026,AI Engineer,AI Engineer,Junior,29000.0,ES,Spain,2026,31320.0,Manfred 2026
Manfred 2026,AI Engineer,AI Engineer,Junior,28300.0,ES,Spain,2026,30564.0,Manfred 2026
Manfred 2026,AI Engineer,AI Engineer,Junior,29000.0,ES,Spain,2026,31320.0,Manfred 2026
Manfred 2026,AI Engineer,AI Engineer,Junior,27400.0,ES,Spain,2026,29592.0,Manfred 2026
Manfred 2026,AI Engineer,AI Engineer,Junior,32700.0,ES,Spain,2026,35316.0,Manfred 2026
Manfred 2026,AI Engineer,AI Engineer,Junior,30500.0,ES,Spain,2026,32940.0,Manfred 2026
Manfred 2026,AI Engineer,AI Engineer,Junior,31000.0,ES,Spain,2026,33480.0,Manfred 2026
Manfred 2026,AI Engineer,AI Engineer,Junior,31800.0,ES,Spain,2026,34344.0,Manfred 2026
Manfred 2026,AI Engineer,AI Engineer,Junior,30000.0,ES,Spain,2026,32400.0,Manfred 2026
Manfred 2026,AI Engineer,AI Engineer,Mid,38900.0,ES,Spain,2026,42012.0,Manfred 2026
Manfred 2026,AI Engineer,AI Engineer,Mid,43300.0,ES,Spain,2026,46764.0,Manfred 2026
Manfred 2026,AI Engineer,AI Engineer,Mid,43600.0,ES,Spain,2026,47088.0,Manfred 2026
Manfred 2026,AI Engineer,AI Engineer,Mid,45000.0,ES,Spain,2026,48600.0,Manfred 2026
Manfred 2026,AI Engineer,AI Engineer,Mid,42500.0,ES,Spain,2026,45900.0,Manfred 2026
Manfred 2026,AI Engineer,AI Engineer,Mid,39500.0,ES,Spain,2026,42660.0,Manfred 2026
Manfred 2026,AI Engineer,AI Engineer,Mid,41300.0,ES,Spain,2026,44604.0,Manfred 2026
Manfred 2026,AI Engineer,AI Engineer,Mid,42000.0,ES,Spain,2026,45360.0,Manfred 2026
Manfred 2026,AI Engineer,AI Engineer,Mid,44100.0,ES,Spain,2026,47628.0,Manfred 2026
Manfred 2026,AI Engineer,AI Engineer,Mid,43500.0,ES,Spain,2026,46980.0,Manfred 2026
Manfred 2026,AI Engineer,AI Engineer,Mid,41900.0,ES,Spain,2026,45252.0,Manfred 2026
Manfred 2026,AI Engineer,AI Engineer,Mid,48900.0,ES,Spain,2026,52812.0,Manfred 2026
Manfred 2026,AI Engineer,AI Engineer,Mid,43800.0,ES,Spain,2026,47304.0,Manfred 2026
Manfred 2026,AI Engineer,AI Engineer,Mid,40800.0,ES,Spain,2026,44064.0,Manfred 2026
Manfred 2026,AI Engineer,AI Engineer,Mid,39200.0,ES,Spain,2026,42336.0,Manfred 2026
Manfred 2026,AI Engineer,AI Engineer,Mid,39900.0,ES,Spain,2026,43092.0,Manfred 2026
Manfred 2026,AI Engineer,AI Engineer,Mid,40900.0,ES,Spain,2026,44172.0,Manfred 2026
Manfred 2026,AI Engineer,AI Engineer,Mid,40000.0,ES,Spain,2026,43200.0,Manfred 2026
Manfred 2026,AI Engineer,AI Engineer,Mid,40300.0,ES,Spain,2026,43524.0,Manfred 2026
Manfred 2026,AI Engineer,AI Engineer,Mid,41300.0,ES,Spain,2026,44604.0,Manfred 2026
Manfred 2026,AI Engineer,AI Engineer,Mid,40100.0,ES,Spain,2026,43308.0,Manfred 2026
Manfred 2026,AI Engineer,AI Engineer,Mid,46800.0,ES,Spain,2026,50544.0,Manfred 2026
Manfred 2026,AI Engineer,AI Engineer,Mid,38800.0,ES,Spain,2026,41904.0,Manfred 2026
Manfred 2026,AI Engineer,AI Engineer,Mid,43200.0,ES,Spain,2026,46656.0,Manfred 2026
Manfred 2026,AI Engineer,AI Engineer,Mid,42300.0,ES,Spain,2026,45684.0,Manfred 2026
Manfred 2026,AI Engineer,AI Engineer,Mid,48700.0,ES,Spain,2026,52596.0,Manfred 2026
Manfred 2026,AI Engineer,AI Engineer,Mid,39300.0,ES,Spain,2026,42444.0,Manfred 2026
Manfred 2026,AI Engineer,AI Engineer,Mid,42200.0,ES,Spain,2026,45576.0,Manfred 2026
Manfred 2026,AI Engineer,AI Engineer,Mid,48300.0,ES,Spain,2026,52164.0,Manfred 2026
Manfred 2026,AI Engineer,AI Engineer,Mid,46400.0,ES,Spain,2026,50112.0,Manfred 2026
Manfred 2026,AI Engineer,AI Engineer,Mid,45800.0,ES,Spain,2026,49464.0,Manfred 2026
Manfred 2026,AI Engineer,AI Engineer,Mid,41000.0,ES,Spain,2026,44280.0,Manfred 2026
Manfred 2026,AI Engineer,AI Engineer,Mid,40100.0,ES,Spain,2026,43308.0,Manfred 2026
Manfred 2026,AI Engineer,AI Engineer,Mid,44300.0,ES,Spain,2026,47844.0,Manfred 2026
Manfred 2026,AI Engineer,AI Engineer,Mid,47400.0,ES,Spain,2026,51192.0,Manfred 2026
Manfred 2026,AI Engineer,AI Engineer,Mid,43400.0,ES,Spain,2026,46872.0,Manfred 2026
Manfred 2026,AI Engineer,AI Engineer,Mid,43500.0,ES,Spain,2026,46980.0,Manfred 2026
Manfred 2026,AI Engineer,AI Engineer,Mid,41200.0,ES,Spain,2026,44496.0,Manfred 2026
Manfred 2026,AI Engineer,AI Engineer,Mid,45200.0,ES,Spain,2026,48816.0,Manfred 2026
Manfred 2026,AI Engineer,AI Engineer,Mid,40300.0,ES,Spain,2026,43524.0,Manfred 2026
Manfred 2026,AI Engineer,AI Engineer,Mid,41600.0,ES,Spain,2026,44928.0,Manfred 2026
Manfred 2026,AI Engineer,AI Engineer,Mid,42500.0,ES,Spain,2026,45900.0,Manfred 2026
Manfred 2026,AI Engineer,AI Engineer,Mid,43100.0,ES,Spain,2026,46548.0,Manfred 2026
Manfred 2026,AI Engineer,AI Engineer,Mid,40900.0,ES,Spain,2026,44172.0,Manfred 2026
Manfred 2026,AI Engineer,AI Engineer,Mid,39400.0,ES,Spain,2026,42552.0,Manfred 2026
Manfred 2026,AI Engineer,AI Engineer,Mid,43800.0,ES,Spain,2026,47304.0,Manfred 2026
Manfred 2026,AI Engineer,AI Engineer,Mid,41300.0,ES,Spain,2026,44604.0,Manfred 2026
Manfred 2026,AI Engineer,AI Engineer,Mid,43600.0,ES,Spain,2026,47088.0,Manfred 2026
Manfred 2026,AI Engineer,AI Engineer,Mid,39900.0,ES,Spain,2026,43092.0,Manfred 2026
Manfred 2026,AI Engineer,AI Engineer,Mid,42900.0,ES,Spain,2026,46332.0,Manfred 2026
Manfred 2026,AI Engineer,AI Engineer,Mid,43200.0,ES,Spain,2026,46656.0,Manfred 2026
Manfred 2026,AI Engineer,AI Engineer,Mid,38300.0,ES,Spain,2026,41364.0,Manfred 2026
Manfred 2026,AI Engineer,AI Engineer,Mid,41700.0,ES,Spain,2026,45036.0,Manfred 2026
Manfred 2026,AI Engineer,AI Engineer,Mid,39600.0,ES,Spain,2026,42768.0,Manfred 2026
Manfred 2026,AI Engineer,AI Engineer,Mid,38500.0,ES,Spain,2026,41580.0,Manfred 2026
Manfred 2026,AI Engineer,AI Engineer,Mid,49000.0,ES,Spain,2026,52920.0,Manfred 2026
Manfred 2026,AI Engineer,AI Engineer,Mid,41600.0,ES,Spain,2026,44928.0,Manfred 2026
Manfred 2026,AI Engineer,AI Engineer,Mid,45700.0,ES,Spain,2026,49356.0,Manfred 2026
Manfred 2026,AI Engineer,AI Engineer,Mid,41000.0,ES,Spain,2026,44280.0,Manfred 2026
Manfred 2026,AI Engineer,AI Engineer,Mid,44400.0,ES,Spain,2026,47952.0,Manfred 2026
Manfred 2026,AI Engineer,AI Engineer,Mid,45200.0,ES,Spain,2026,48816.0,Manfred 2026
Manfred 2026,AI Engineer,AI Engineer,Mid,43700.0,ES,Spain,2026,47196.0,Manfred 2026
Manfred 2026,AI Engineer,AI Engineer,Mid,42800.0,ES,Spain,2026,46224.0,Manfred 2026
Manfred 2026,AI Engineer,AI Engineer,Mid,42400.0,ES,Spain,2026,45792.0,Manfred 2026
Manfred 2026,AI Engineer,AI Engineer,Mid,41800.0,ES,Spain,2026,45144.0,Manfred 2026
Manfred 2026,AI Engineer,AI Engineer,Mid,47400.0,ES,Spain,2026,51192.0,Manfred 2026
Manfred 2026,AI Engineer,AI Engineer,Mid,45900.0,ES,Spain,2026,49572.0,Manfred 2026
Manfred 2026,AI Engineer,AI Engineer,Mid,48100.0,ES,Spain,2026,51948.0,Manfred 2026
Manfred 2026,AI Engineer,AI Engineer,Mid,39500.0,ES,Spain,2026,42660.0,Manfred 2026
Manfred 2026,AI Engineer,AI Engineer,Mid,44900.0,ES,Spain,2026,48492.0,Manfred 2026
Manfred 2026,AI Engineer,AI Engineer,Senior,66700.0,ES,Spain,2026,72036.0,Manfred 2026
Manfred 2026,AI Engineer,AI Engineer,Senior,56700.0,ES,Spain,2026,61236.0,Manfred 2026
Manfred 2026,AI Engineer,AI Engineer,Senior,54500.0,ES,Spain,2026,58860.0,Manfred 2026
Manfred 2026,AI Engineer,AI Engineer,Senior,63200.0,ES,Spain,2026,68256.0,Manfred 2026
Manfred 2026,AI Engineer,AI Engineer,Senior,61200.0,ES,Spain,2026,66096.0,Manfred 2026
Manfred 2026,AI Engineer,AI Engineer,Senior,64700.0,ES,Spain,2026,69876.0,Manfred 2026
Manfred 2026,AI Engineer,AI Engineer,Senior,56000.0,ES,Spain,2026,60480.0,Manfred 2026
Manfred 2026,AI Engineer,AI Engineer,Senior,63900.0,ES,Spain,2026,69012.0,Manfred 2026
Manfred 2026,AI Engineer,AI Engineer,Senior,57000.0,ES,Spain,2026,61560.0,Manfred 2026
Manfred 2026,AI Engineer,AI Engineer,Senior,56400.0,ES,Spain,2026,60912.0,Manfred 2026
Manfred 2026,AI Engineer,AI Engineer,Senior,56400.0,ES,Spain,2026,60912.0,Manfred 2026
Manfred 2026,AI Engineer,AI Engineer,Senior,64200.0,ES,Spain,2026,69336.0,Manfred 2026
Manfred 2026,AI Engineer,AI Engineer,Senior,62200.0,ES,Spain,2026,67176.0,Manfred 2026
Manfred 2026,AI Engineer,AI Engineer,Senior,60700.0,ES,Spain,2026,65556.0,Manfred 2026
Manfred 2026,AI Engineer,AI Engineer,Senior,59000.0,ES,Spain,2026,63720.0,Manfred 2026
Manfred 2026,AI Engineer,AI Engineer,Senior,65300.0,ES,Spain,2026,70524.0,Manfred 2026
Manfred 2026,AI Engineer,AI Engineer,Senior,59400.0,ES,Spain,2026,64152.0,Manfred 2026
Manfred 2026,AI Engineer,AI Engineer,Senior,64200.0,ES,Spain,2026,69336.0,Manfred 2026
Manfred 2026,AI Engineer,AI Engineer,Senior,59900.0,ES,Spain,2026,64692.0,Manfred 2026
Manfred 2026,AI Engineer,AI Engineer,Senior,59200.0,ES,Spain,2026,63936.0,Manfred 2026
Manfred 2026,AI Engineer,AI Engineer,Senior,60100.0,ES,Spain,2026,64908.0,Manfred 2026
Manfred 2026,AI Engineer,AI Engineer,Senior,58400.0,ES,Spain,2026,63072.0,Manfred 2026
Manfred 2026,AI Engineer,AI Engineer,Senior,63300.0,ES,Spain,2026,68364.0,Manfred 2026
Manfred 2026,AI Engineer,AI Engineer,Senior,60500.0,ES,Spain,2026,65340.0,Manfred 2026
Manfred 2026,AI Engineer,AI Engineer,Senior,57500.0,ES,Spain,2026,62100.0,Manfred 2026
Manfred 2026,AI Engineer,AI Engineer,Senior,65700.0,ES,Spain,2026,70956.0,Manfred 2026
Manfred 2026,AI Engineer,AI Engineer,Senior,59300.0,ES,Spain,2026,64044.0,Manfred 2026
Manfred 2026,AI Engineer,AI Engineer,Senior,60900.0,ES,Spain,2026,65772.0,Manfred 2026
Manfred 2026,AI Engineer,AI Engineer,Senior,65900.0,ES,Spain,2026,71172.0,Manfred 2026
Manfred 2026,AI Engineer,AI Engineer,Senior,61800.0,ES,Spain,2026,66744.0,Manfred 2026
Manfred 2026,AI Engineer,AI Engineer,Senior,55600.0,ES,Spain,2026,60048.0,Manfred 2026
Manfred 2026,AI Engineer,AI Engineer,Senior,66700.0,ES,Spain,2026,72036.0,Manfred 2026
Manfred 2026,AI Engineer,AI Engineer,Senior,61800.0,ES,Spain,2026,66744.0,Manfred 2026
Manfred 2026,AI Engineer,AI Engineer,Senior,58800.0,ES,Spain,2026,63504.0,Manfred 2026
Manfred 2026,AI Engineer,AI Engineer,Senior,56000.0,ES,Spain,2026,60480.0,Manfred 2026
Manfred 2026,AI Engineer,AI Engineer,Senior,63900.0,ES,Spain,2026,69012.0,Manfred 2026
Manfred 2026,AI Engineer,AI Engineer,Senior,61700.0,ES,Spain,2026,66636.0,Manfred 2026
Manfred 2026,AI Engineer,AI Engineer,Senior,60800.0,ES,Spain,2026,65664.0,Manfred 2026
Manfred 2026,AI Engineer,AI Engineer,Senior,65600.0,ES,Spain,2026,70848.0,Manfred 2026
Manfred 2026,AI Engineer,AI Engineer,Senior,63800.0,ES,Spain,2026,68904.0,Manfred 2026
Manfred 2026,AI Engineer,AI Engineer,Senior,56200.0,ES,Spain,2026,60696.0,Manfred 2026
Manfred 2026,AI Engineer,AI Engineer,Senior,58500.0,ES,Spain,2026,63180.0,Manfred 2026
Manfred 2026,AI Engineer,AI Engineer,Senior,57700.0,ES,Spain,2026,62316.0,Manfred 2026
Manfred 2026,AI Engineer,AI Engineer,Senior,63200.0,ES,Spain,2026,68256.0,Manfred 2026
Manfred 2026,AI Engineer,AI Engineer,Senior,53500.0,ES,Spain,2026,57780.0,Manfred 2026
Manfred 2026,AI Engineer,AI Engineer,Senior,61200.0,ES,Spain,2026,66096.0,Manfred 2026
Manfred 2026,AI Engineer,AI Engineer,Senior,63500.0,ES,Spain,2026,68580.0,Manfred 2026
Manfred 2026,AI Engineer,AI Engineer,Senior,65300.0,ES,Spain,2026,70524.0,Manfred 2026
Manfred 2026,AI Engineer,AI Engineer,Senior,58900.0,ES,Spain,2026,63612.0,Manfred 2026
Manfred 2026,AI Engineer,AI Engineer,Senior,64300.0,ES,Spain,2026,69444.0,Manfred 2026
Manfred 2026,AI Engineer,AI Engineer,Senior,55500.0,ES,Spain,2026,59940.0,Manfred 2026
Manfred 2026,AI Engineer,AI Engineer,Senior,64700.0,ES,Spain,2026,69876.0,Manfred 2026
Manfred 2026,AI Engineer,AI Engineer,Senior,55800.0,ES,Spain,2026,60264.0,Manfred 2026
Manfred 2026,AI Engineer,AI Engineer,Senior,59500.0,ES,Spain,2026,64260.0,Manfred 2026
Manfred 2026,AI Engineer,AI Engineer,Senior,64000.0,ES,Spain,2026,69120.0,Manfred 2026
Manfred 2026,AI Engineer,AI Engineer,Senior,56200.0,ES,Spain,2026,60696.0,Manfred 2026
Manfred 2026,AI Engineer,AI Engineer,Senior,57400.0,ES,Spain,2026,61992.0,Manfred 2026
Manfred 2026,AI Engineer,AI Engineer,Senior,62900.0,ES,Spain,2026,67932.0,Manfred 2026
Manfred 2026,AI Engineer,AI Engineer,Senior,62900.0,ES,Spain,2026,67932.0,Manfred 2026
Manfred 2026,AI Engineer,AI Engineer,Senior,62000.0,ES,Spain,2026,66960.0,Manfred 2026
Manfred 2026,AI Engineer,AI Engineer,Lead,82600.0,ES,Spain,2026,89208.0,Manfred 2026
Manfred 2026,AI Engineer,AI Engineer,Lead,80900.0,ES,Spain,2026,87372.0,Manfred 2026
Manfred 2026,AI Engineer,AI Engineer,Lead,77700.0,ES,Spain,2026,83916.0,Manfred 2026
Manfred 2026,AI Engineer,AI Engineer,Lead,78900.0,ES,Spain,2026,85212.0,Manfred 2026
Manfred 2026,AI Engineer,AI Engineer,Lead,76700.0,ES,Spain,2026,82836.0,Manfred 2026
Manfred 2026,AI Engineer,AI Engineer,Lead,85900.0,ES,Spain,2026,92772.0,Manfred 2026
Manfred 2026,AI Engineer,AI Engineer,Lead,81300.0,ES,Spain,2026,87804.0,Manfred 2026
Manfred 2026,AI Engineer,AI Engineer,Lead,79500.0,ES,Spain,2026,85860.0,Manfred 2026
Manfred 2026,AI Engineer,AI Engineer,Lead,80100.0,ES,Spain,2026,86508.0,Manfred 2026
Manfred 2026,AI Engineer,AI Engineer,Lead,86900.0,ES,Spain,2026,93852.0,Manfred 2026
Manfred 2026,AI Engineer,AI Engineer,Lead,76300.0,ES,Spain,2026,82404.0,Manfred 2026
Manfred 2026,AI Engineer,AI Engineer,Lead,81400.0,ES,Spain,2026,87912.0,Manfred 2026
Manfred 2026,AI Engineer,AI Engineer,Lead,80600.0,ES,Spain,2026,87048.0,Manfred 2026
Manfred 2026,AI Engineer,AI Engineer,Lead,81600.0,ES,Spain,2026,88128.0,Manfred 2026
Manfred 2026,AI Engineer,AI Engineer,Lead,72800.0,ES,Spain,2026,78624.0,Manfred 2026
Manfred 2026,AI Engineer,AI Engineer,Lead,85200.0,ES,Spain,2026,92016.0,Manfred 2026
Manfred 2026,AI Engineer,AI Engineer,Lead,86500.0,ES,Spain,2026,93420.0,Manfred 2026
Manfred 2026,AI Engineer,AI Engineer,Lead,81100.0,ES,Spain,2026,87588.0,Manfred 2026
Manfred 2026,AI Engineer,AI Engineer,Lead,82600.0,ES,Spain,2026,89208.0,Manfred 2026
Manfred 2026,AI Engineer,AI Engineer,Lead,86300.0,ES,Spain,2026,93204.0,Manfred 2026
Manfred 2026,Mobile Engineer,Mobile Engineer,Junior,26200.0,ES,Spain,2026,28296.0,Manfred 2026
Manfred 2026,Mobile Engineer,Mobile Engineer,Junior,22800.0,ES,Spain,2026,24624.0,Manfred 2026
Manfred 2026,Mobile Engineer,Mobile Engineer,Junior,25400.0,ES,Spain,2026,27432.0,Manfred 2026
Manfred 2026,Mobile Engineer,Mobile Engineer,Junior,25600.0,ES,Spain,2026,27648.0,Manfred 2026
Manfred 2026,Mobile Engineer,Mobile Engineer,Junior,24600.0,ES,Spain,2026,26568.0,Manfred 2026
Manfred 2026,Mobile Engineer,Mobile Engineer,Junior,26400.0,ES,Spain,2026,28512.0,Manfred 2026
Manfred 2026,Mobile Engineer,Mobile Engineer,Junior,28200.0,ES,Spain,2026,30456.0,Manfred 2026
Manfred 2026,Mobile Engineer,Mobile Engineer,Junior,28100.0,ES,Spain,2026,30348.0,Manfred 2026
Manfred 2026,Mobile Engineer,Mobile Engineer,Junior,24700.0,ES,Spain,2026,26676.0,Manfred 2026
Manfred 2026,Mobile Engineer,Mobile Engineer,Junior,22400.0,ES,Spain,2026,24192.0,Manfred 2026
Manfred 2026,Mobile Engineer,Mobile Engineer,Junior,29100.0,ES,Spain,2026,31428.0,Manfred 2026
Manfred 2026,Mobile Engineer,Mobile Engineer,Junior,27200.0,ES,Spain,2026,29376.0,Manfred 2026
Manfred 2026,Mobile Engineer,Mobile Engineer,Junior,22500.0,ES,Spain,2026,24300.0,Manfred 2026
Manfred 2026,Mobile Engineer,Mobile Engineer,Junior,28000.0,ES,Spain,2026,30240.0,Manfred 2026
Manfred 2026,Mobile Engineer,Mobile Engineer,Junior,27400.0,ES,Spain,2026,29592.0,Manfred 2026
Manfred 2026,Mobile Engineer,Mobile Engineer,Junior,25100.0,ES,Spain,2026,27108.0,Manfred 2026
Manfred 2026,Mobile Engineer,Mobile Engineer,Junior,25500.0,ES,Spain,2026,27540.0,Manfred 2026
Manfred 2026,Mobile Engineer,Mobile Engineer,Junior,24500.0,ES,Spain,2026,26460.0,Manfred 2026
Manfred 2026,Mobile Engineer,Mobile Engineer,Junior,21700.0,ES,Spain,2026,23436.0,Manfred 2026
Manfred 2026,Mobile Engineer,Mobile Engineer,Junior,24100.0,ES,Spain,2026,26028.0,Manfred 2026
Manfred 2026,Mobile Engineer,Mobile Engineer,Junior,26900.0,ES,Spain,2026,29052.0,Manfred 2026
Manfred 2026,Mobile Engineer,Mobile Engineer,Junior,20500.0,ES,Spain,2026,22140.0,Manfred 2026
Manfred 2026,Mobile Engineer,Mobile Engineer,Junior,24100.0,ES,Spain,2026,26028.0,Manfred 2026
Manfred 2026,Mobile Engineer,Mobile Engineer,Junior,24500.0,ES,Spain,2026,26460.0,Manfred 2026
Manfred 2026,Mobile Engineer,Mobile Engineer,Junior,25200.0,ES,Spain,2026,27216.0,Manfred 2026
Manfred 2026,Mobile Engineer,Mobile Engineer,Junior,28000.0,ES,Spain,2026,30240.0,Manfred 2026
Manfred 2026,Mobile Engineer,Mobile Engineer,Junior,24200.0,ES,Spain,2026,26136.0,Manfred 2026
Manfred 2026,Mobile Engineer,Mobile Engineer,Junior,24200.0,ES,Spain,2026,26136.0,Manfred 2026
Manfred 2026,Mobile Engineer,Mobile Engineer,Junior,26400.0,ES,Spain,2026,28512.0,Manfred 2026
Manfred 2026,Mobile Engineer,Mobile Engineer,Junior,24800.0,ES,Spain,2026,26784.0,Manfred 2026
Manfred 2026,Mobile Engineer,Mobile Engineer,Junior,23400.0,ES,Spain,2026,25272.0,Manfred 2026
Manfred 2026,Mobile Engineer,Mobile Engineer,Junior,24800.0,ES,Spain,2026,26784.0,Manfred 2026
Manfred 2026,Mobile Engineer,Mobile Engineer,Junior,22700.0,ES,Spain,2026,24516.0,Manfred 2026
Manfred 2026,Mobile Engineer,Mobile Engineer,Junior,23000.0,ES,Spain,2026,24840.0,Manfred 2026
Manfred 2026,Mobile Engineer,Mobile Engineer,Junior,25000.0,ES,Spain,2026,27000.0,Manfred 2026
Manfred 2026,Mobile Engineer,Mobile Engineer,Junior,24600.0,ES,Spain,2026,26568.0,Manfred 2026
Manfred 2026,Mobile Engineer,Mobile Engineer,Junior,27900.0,ES,Spain,2026,30132.0,Manfred 2026
Manfred 2026,Mobile Engineer,Mobile Engineer,Junior,24300.0,ES,Spain,2026,26244.0,Manfred 2026
Manfred 2026,Mobile Engineer,Mobile Engineer,Junior,25400.0,ES,Spain,2026,27432.0,Manfred 2026
Manfred 2026,Mobile Engineer,Mobile Engineer,Junior,25700.0,ES,Spain,2026,27756.0,Manfred 2026
Manfred 2026,Mobile Engineer,Mobile Engineer,Junior,20800.0,ES,Spain,2026,22464.0,Manfred 2026
Manfred 2026,Mobile Engineer,Mobile Engineer,Junior,25900.0,ES,Spain,2026,27972.0,Manfred 2026
Manfred 2026,Mobile Engineer,Mobile Engineer,Junior,23000.0,ES,Spain,2026,24840.0,Manfred 2026
Manfred 2026,Mobile Engineer,Mobile Engineer,Junior,28600.0,ES,Spain,2026,30888.0,Manfred 2026
Manfred 2026,Mobile Engineer,Mobile Engineer,Junior,22700.0,ES,Spain,2026,24516.0,Manfred 2026
Manfred 2026,Mobile Engineer,Mobile Engineer,Junior,24600.0,ES,Spain,2026,26568.0,Manfred 2026
Manfred 2026,Mobile Engineer,Mobile Engineer,Junior,22100.0,ES,Spain,2026,23868.0,Manfred 2026
Manfred 2026,Mobile Engineer,Mobile Engineer,Junior,29600.0,ES,Spain,2026,31968.0,Manfred 2026
Manfred 2026,Mobile Engineer,Mobile Engineer,Junior,25000.0,ES,Spain,2026,27000.0,Manfred 2026
Manfred 2026,Mobile Engineer,Mobile Engineer,Junior,25500.0,ES,Spain,2026,27540.0,Manfred 2026
Manfred 2026,Mobile Engineer,Mobile Engineer,Mid,32600.0,ES,Spain,2026,35208.0,Manfred 2026
Manfred 2026,Mobile Engineer,Mobile Engineer,Mid,36800.0,ES,Spain,2026,39744.0,Manfred 2026
Manfred 2026,Mobile Engineer,Mobile Engineer,Mid,33900.0,ES,Spain,2026,36612.0,Manfred 2026
Manfred 2026,Mobile Engineer,Mobile Engineer,Mid,38000.0,ES,Spain,2026,41040.0,Manfred 2026
Manfred 2026,Mobile Engineer,Mobile Engineer,Mid,33900.0,ES,Spain,2026,36612.0,Manfred 2026
Manfred 2026,Mobile Engineer,Mobile Engineer,Mid,33800.0,ES,Spain,2026,36504.0,Manfred 2026
Manfred 2026,Mobile Engineer,Mobile Engineer,Mid,32200.0,ES,Spain,2026,34776.0,Manfred 2026
Manfred 2026,Mobile Engineer,Mobile Engineer,Mid,35400.0,ES,Spain,2026,38232.0,Manfred 2026
Manfred 2026,Mobile Engineer,Mobile Engineer,Mid,35800.0,ES,Spain,2026,38664.0,Manfred 2026
Manfred 2026,Mobile Engineer,Mobile Engineer,Mid,32600.0,ES,Spain,2026,35208.0,Manfred 2026
Manfred 2026,Mobile Engineer,Mobile Engineer,Mid,37000.0,ES,Spain,2026,39960.0,Manfred 2026
Manfred 2026,Mobile Engineer,Mobile Engineer,Mid,35300.0,ES,Spain,2026,38124.0,Manfred 2026
Manfred 2026,Mobile Engineer,Mobile Engineer,Mid,35600.0,ES,Spain,2026,38448.0,Manfred 2026
Manfred 2026,Mobile Engineer,Mobile Engineer,Mid,35200.0,ES,Spain,2026,38016.0,Manfred 2026
Manfred 2026,Mobile Engineer,Mobile Engineer,Mid,35000.0,ES,Spain,2026,37800.0,Manfred 2026
Manfred 2026,Mobile Engineer,Mobile Engineer,Mid,35800.0,ES,Spain,2026,38664.0,Manfred 2026
Manfred 2026,Mobile Engineer,Mobile Engineer,Mid,33500.0,ES,Spain,2026,36180.0,Manfred 2026
Manfred 2026,Mobile Engineer,Mobile Engineer,Mid,33700.0,ES,Spain,2026,36396.0,Manfred 2026
Manfred 2026,Mobile Engineer,Mobile Engineer,Mid,37600.0,ES,Spain,2026,40608.0,Manfred 2026
Manfred 2026,Mobile Engineer,Mobile Engineer,Mid,38500.0,ES,Spain,2026,41580.0,Manfred 2026
Manfred 2026,Mobile Engineer,Mobile Engineer,Mid,34900.0,ES,Spain,2026,37692.0,Manfred 2026
Manfred 2026,Mobile Engineer,Mobile Engineer,Mid,34300.0,ES,Spain,2026,37044.0,Manfred 2026
Manfred 2026,Mobile Engineer,Mobile Engineer,Mid,36200.0,ES,Spain,2026,39096.0,Manfred 2026
Manfred 2026,Mobile Engineer,Mobile Engineer,Mid,35100.0,ES,Spain,2026,37908.0,Manfred 2026
Manfred 2026,Mobile Engineer,Mobile Engineer,Mid,32000.0,ES,Spain,2026,34560.0,Manfred 2026
Manfred 2026,Mobile Engineer,Mobile Engineer,Mid,33500.0,ES,Spain,2026,36180.0,Manfred 2026
Manfred 2026,Mobile Engineer,Mobile Engineer,Mid,36600.0,ES,Spain,2026,39528.0,Manfred 2026
Manfred 2026,Mobile Engineer,Mobile Engineer,Mid,36300.0,ES,Spain,2026,39204.0,Manfred 2026
Manfred 2026,Mobile Engineer,Mobile Engineer,Mid,32000.0,ES,Spain,2026,34560.0,Manfred 2026
Manfred 2026,Mobile Engineer,Mobile Engineer,Mid,34000.0,ES,Spain,2026,36720.0,Manfred 2026
Manfred 2026,Mobile Engineer,Mobile Engineer,Mid,34100.0,ES,Spain,2026,36828.0,Manfred 2026
Manfred 2026,Mobile Engineer,Mobile Engineer,Mid,36400.0,ES,Spain,2026,39312.0,Manfred 2026
Manfred 2026,Mobile Engineer,Mobile Engineer,Mid,31900.0,ES,Spain,2026,34452.0,Manfred 2026
Manfred 2026,Mobile Engineer,Mobile Engineer,Mid,33100.0,ES,Spain,2026,35748.0,Manfred 2026
Manfred 2026,Mobile Engineer,Mobile Engineer,Mid,37200.0,ES,Spain,2026,40176.0,Manfred 2026
Manfred 2026,Mobile Engineer,Mobile Engineer,Mid,33700.0,ES,Spain,2026,36396.0,Manfred 2026
Manfred 2026,Mobile Engineer,Mobile Engineer,Mid,36200.0,ES,Spain,2026,39096.0,Manfred 2026
Manfred 2026,Mobile Engineer,Mobile Engineer,Mid,34100.0,ES,Spain,2026,36828.0,Manfred 2026
Manfred 2026,Mobile Engineer,Mobile Engineer,Mid,33000.0,ES,Spain,2026,35640.0,Manfred 2026
Manfred 2026,Mobile Engineer,Mobile Engineer,Mid,34100.0,ES,Spain,2026,36828.0,Manfred 2026
Manfred 2026,Mobile Engineer,Mobile Engineer,Mid,36600.0,ES,Spain,2026,39528.0,Manfred 2026
Manfred 2026,Mobile Engineer,Mobile Engineer,Mid,37600.0,ES,Spain,2026,40608.0,Manfred 2026
Manfred 2026,Mobile Engineer,Mobile Engineer,Mid,37400.0,ES,Spain,2026,40392.0,Manfred 2026
Manfred 2026,Mobile Engineer,Mobile Engineer,Mid,35000.0,ES,Spain,2026,37800.0,Manfred 2026
Manfred 2026,Mobile Engineer,Mobile Engineer,Mid,36300.0,ES,Spain,2026,39204.0,Manfred 2026
Manfred 2026,Mobile Engineer,Mobile Engineer,Mid,33900.0,ES,Spain,2026,36612.0,Manfred 2026
Manfred 2026,Mobile Engineer,Mobile Engineer,Mid,34400.0,ES,Spain,2026,37152.0,Manfred 2026
Manfred 2026,Mobile Engineer,Mobile Engineer,Mid,38000.0,ES,Spain,2026,41040.0,Manfred 2026
Manfred 2026,Mobile Engineer,Mobile Engineer,Mid,31700.0,ES,Spain,2026,34236.0,Manfred 2026
Manfred 2026,Mobile Engineer,Mobile Engineer,Mid,32900.0,ES,Spain,2026,35532.0,Manfred 2026
Manfred 2026,Mobile Engineer,Mobile Engineer,Mid,33900.0,ES,Spain,2026,36612.0,Manfred 2026
Manfred 2026,Mobile Engineer,Mobile Engineer,Mid,32000.0,ES,Spain,2026,34560.0,Manfred 2026
Manfred 2026,Mobile Engineer,Mobile Engineer,Mid,33700.0,ES,Spain,2026,36396.0,Manfred 2026
Manfred 2026,Mobile Engineer,Mobile Engineer,Mid,35900.0,ES,Spain,2026,38772.0,Manfred 2026
Manfred 2026,Mobile Engineer,Mobile Engineer,Mid,35100.0,ES,Spain,2026,37908.0,Manfred 2026
Manfred 2026,Mobile Engineer,Mobile Engineer,Mid,37900.0,ES,Spain,2026,40932.0,Manfred 2026
Manfred 2026,Mobile Engineer,Mobile Engineer,Mid,37300.0,ES,Spain,2026,40284.0,Manfred 2026
Manfred 2026,Mobile Engineer,Mobile Engineer,Mid,34700.0,ES,Spain,2026,37476.0,Manfred 2026
Manfred 2026,Mobile Engineer,Mobile Engineer,Mid,34200.0,ES,Spain,2026,36936.0,Manfred 2026
Manfred 2026,Mobile Engineer,Mobile Engineer,Mid,34900.0,ES,Spain,2026,37692.0,Manfred 2026
Manfred 2026,Mobile Engineer,Mobile Engineer,Mid,35900.0,ES,Spain,2026,38772.0,Manfred 2026
Manfred 2026,Mobile Engineer,Mobile Engineer,Mid,34300.0,ES,Spain,2026,37044.0,Manfred 2026
Manfred 2026,Mobile Engineer,Mobile Engineer,Mid,36100.0,ES,Spain,2026,38988.0,Manfred 2026
Manfred 2026,Mobile Engineer,Mobile Engineer,Mid,35100.0,ES,Spain,2026,37908.0,Manfred 2026
Manfred 2026,Mobile Engineer,Mobile Engineer,Mid,35700.0,ES,Spain,2026,38556.0,Manfred 2026
Manfred 2026,Mobile Engineer,Mobile Engineer,Mid,35200.0,ES,Spain,2026,38016.0,Manfred 2026
Manfred 2026,Mobile Engineer,Mobile Engineer,Mid,34500.0,ES,Spain,2026,37260.0,Manfred 2026
Manfred 2026,Mobile Engineer,Mobile Engineer,Mid,38600.0,ES,Spain,2026,41688.0,Manfred 2026
Manfred 2026,Mobile Engineer,Mobile Engineer,Mid,36900.0,ES,Spain,2026,39852.0,Manfred 2026
Manfred 2026,Mobile Engineer,Mobile Engineer,Mid,33400.0,ES,Spain,2026,36072.0,Manfred 2026
Manfred 2026,Mobile Engineer,Mobile Engineer,Senior,44000.0,ES,Spain,2026,47520.0,Manfred 2026
Manfred 2026,Mobile Engineer,Mobile Engineer,Senior,43000.0,ES,Spain,2026,46440.0,Manfred 2026
Manfred 2026,Mobile Engineer,Mobile Engineer,Senior,44100.0,ES,Spain,2026,47628.0,Manfred 2026
Manfred 2026,Mobile Engineer,Mobile Engineer,Senior,43700.0,ES,Spain,2026,47196.0,Manfred 2026
Manfred 2026,Mobile Engineer,Mobile Engineer,Senior,42800.0,ES,Spain,2026,46224.0,Manfred 2026
Manfred 2026,Mobile Engineer,Mobile Engineer,Senior,41400.0,ES,Spain,2026,44712.0,Manfred 2026
Manfred 2026,Mobile Engineer,Mobile Engineer,Senior,42500.0,ES,Spain,2026,45900.0,Manfred 2026
Manfred 2026,Mobile Engineer,Mobile Engineer,Senior,43100.0,ES,Spain,2026,46548.0,Manfred 2026
Manfred 2026,Mobile Engineer,Mobile Engineer,Senior,43300.0,ES,Spain,2026,46764.0,Manfred 2026
Manfred 2026,Mobile Engineer,Mobile Engineer,Senior,42400.0,ES,Spain,2026,45792.0,Manfred 2026
Manfred 2026,Mobile Engineer,Mobile Engineer,Senior,42100.0,ES,Spain,2026,45468.0,Manfred 2026
Manfred 2026,Mobile Engineer,Mobile Engineer,Senior,43900.0,ES,Spain,2026,47412.0,Manfred 2026
Manfred 2026,Mobile Engineer,Mobile Engineer,Senior,44600.0,ES,Spain,2026,48168.0,Manfred 2026
Manfred 2026,Mobile Engineer,Mobile Engineer,Senior,43100.0,ES,Spain,2026,46548.0,Manfred 2026
Manfred 2026,Mobile Engineer,Mobile Engineer,Senior,42200.0,ES,Spain,2026,45576.0,Manfred 2026
Manfred 2026,Mobile Engineer,Mobile Engineer,Senior,42500.0,ES,Spain,2026,45900.0,Manfred 2026
Manfred 2026,Mobile Engineer,Mobile Engineer,Senior,41400.0,ES,Spain,2026,44712.0,Manfred 2026
Manfred 2026,Mobile Engineer,Mobile Engineer,Senior,44200.0,ES,Spain,2026,47736.0,Manfred 2026
Manfred 2026,Mobile Engineer,Mobile Engineer,Senior,42000.0,ES,Spain,2026,45360.0,Manfred 2026
Manfred 2026,Mobile Engineer,Mobile Engineer,Senior,43200.0,ES,Spain,2026,46656.0,Manfred 2026
Manfred 2026,Mobile Engineer,Mobile Engineer,Senior,42500.0,ES,Spain,2026,45900.0,Manfred 2026
Manfred 2026,Mobile Engineer,Mobile Engineer,Senior,43100.0,ES,Spain,2026,46548.0,Manfred 2026
Manfred 2026,Mobile Engineer,Mobile Engineer,Senior,43300.0,ES,Spain,2026,46764.0,Manfred 2026
Manfred 2026,Mobile Engineer,Mobile Engineer,Senior,43800.0,ES,Spain,2026,47304.0,Manfred 2026
Manfred 2026,Mobile Engineer,Mobile Engineer,Senior,42300.0,ES,Spain,2026,45684.0,Manfred 2026
Manfred 2026,Mobile Engineer,Mobile Engineer,Senior,41300.0,ES,Spain,2026,44604.0,Manfred 2026
Manfred 2026,Mobile Engineer,Mobile Engineer,Senior,42000.0,ES,Spain,2026,45360.0,Manfred 2026
Manfred 2026,Mobile Engineer,Mobile Engineer,Senior,44100.0,ES,Spain,2026,47628.0,Manfred 2026
Manfred 2026,Mobile Engineer,Mobile Engineer,Senior,44000.0,ES,Spain,2026,47520.0,Manfred 2026
Manfred 2026,Mobile Engineer,Mobile Engineer,Senior,43200.0,ES,Spain,2026,46656.0,Manfred 2026
Manfred 2026,Mobile Engineer,Mobile Engineer,Senior,43200.0,ES,Spain,2026,46656.0,Manfred 2026
Manfred 2026,Mobile Engineer,Mobile Engineer,Senior,43400.0,ES,Spain,2026,46872.0,Manfred 2026
Manfred 2026,Mobile Engineer,Mobile Engineer,Senior,42200.0,ES,Spain,2026,45576.0,Manfred 2026
Manfred 2026,Mobile Engineer,Mobile Engineer,Senior,44200.0,ES,Spain,2026,47736.0,Manfred 2026
Manfred 2026,Mobile Engineer,Mobile Engineer,Senior,42800.0,ES,Spain,2026,46224.0,Manfred 2026
Manfred 2026,Mobile Engineer,Mobile Engineer,Senior,42800.0,ES,Spain,2026,46224.0,Manfred 2026
Manfred 2026,Mobile Engineer,Mobile Engineer,Senior,43000.0,ES,Spain,2026,46440.0,Manfred 2026
Manfred 2026,Mobile Engineer,Mobile Engineer,Senior,41600.0,ES,Spain,2026,44928.0,Manfred 2026
Manfred 2026,Mobile Engineer,Mobile Engineer,Senior,42200.0,ES,Spain,2026,45576.0,Manfred 2026
Manfred 2026,Mobile Engineer,Mobile Engineer,Senior,43600.0,ES,Spain,2026,47088.0,Manfred 2026
Manfred 2026,Mobile Engineer,Mobile Engineer,Senior,41800.0,ES,Spain,2026,45144.0,Manfred 2026
Manfred 2026,Mobile Engineer,Mobile Engineer,Senior,43200.0,ES,Spain,2026,46656.0,Manfred 2026
Manfred 2026,Mobile Engineer,Mobile Engineer,Senior,42400.0,ES,Spain,2026,45792.0,Manfred 2026
Manfred 2026,Mobile Engineer,Mobile Engineer,Senior,42800.0,ES,Spain,2026,46224.0,Manfred 2026
Manfred 2026,Mobile Engineer,Mobile Engineer,Senior,42500.0,ES,Spain,2026,45900.0,Manfred 2026
Manfred 2026,Mobile Engineer,Mobile Engineer,Senior,42700.0,ES,Spain,2026,46116.0,Manfred 2026
Manfred 2026,Mobile Engineer,Mobile Engineer,Senior,43500.0,ES,Spain,2026,46980.0,Manfred 2026
Manfred 2026,Mobile Engineer,Mobile Engineer,Senior,42500.0,ES,Spain,2026,45900.0,Manfred 2026
Manfred 2026,Mobile Engineer,Mobile Engineer,Senior,43100.0,ES,Spain,2026,46548.0,Manfred 2026
Manfred 2026,Mobile Engineer,Mobile Engineer,Senior,43000.0,ES,Spain,2026,46440.0,Manfred 2026
Manfred 2026,Mobile Engineer,Mobile Engineer,Senior,43400.0,ES,Spain,2026,46872.0,Manfred 2026
Manfred 2026,Mobile Engineer,Mobile Engineer,Senior,44300.0,ES,Spain,2026,47844.0,Manfred 2026
Manfred 2026,Mobile Engineer,Mobile Engineer,Senior,43500.0,ES,Spain,2026,46980.0,Manfred 2026
Manfred 2026,Mobile Engineer,Mobile Engineer,Senior,42300.0,ES,Spain,2026,45684.0,Manfred 2026
Manfred 2026,Mobile Engineer,Mobile Engineer,Senior,41500.0,ES,Spain,2026,44820.0,Manfred 2026
Manfred 2026,Mobile Engineer,Mobile Engineer,Senior,42400.0,ES,Spain,2026,45792.0,Manfred 2026
Manfred 2026,Mobile Engineer,Mobile Engineer,Senior,43200.0,ES,Spain,2026,46656.0,Manfred 2026
Manfred 2026,Mobile Engineer,Mobile Engineer,Senior,41600.0,ES,Spain,2026,44928.0,Manfred 2026
Manfred 2026,Mobile Engineer,Mobile Engineer,Senior,43000.0,ES,Spain,2026,46440.0,Manfred 2026
Manfred 2026,Mobile Engineer,Mobile Engineer,Senior,43200.0,ES,Spain,2026,46656.0,Manfred 2026
Manfred 2026,Mobile Engineer,Mobile Engineer,Lead,47600.0,ES,Spain,2026,51408.0,Manfred 2026
Manfred 2026,Mobile Engineer,Mobile Engineer,Lead,48600.0,ES,Spain,2026,52488.0,Manfred 2026
Manfred 2026,Mobile Engineer,Mobile Engineer,Lead,46900.0,ES,Spain,2026,50652.0,Manfred 2026
Manfred 2026,Mobile Engineer,Mobile Engineer,Lead,46800.0,ES,Spain,2026,50544.0,Manfred 2026
Manfred 2026,Mobile Engineer,Mobile Engineer,Lead,48500.0,ES,Spain,2026,52380.0,Manfred 2026
Manfred 2026,Mobile Engineer,Mobile Engineer,Lead,48000.0,ES,Spain,2026,51840.0,Manfred 2026
Manfred 2026,Mobile Engineer,Mobile Engineer,Lead,48400.0,ES,Spain,2026,52272.0,Manfred 2026
Manfred 2026,Mobile Engineer,Mobile Engineer,Lead,47900.0,ES,Spain,2026,51732.0,Manfred 2026
Manfred 2026,Mobile Engineer,Mobile Engineer,Lead,47400.0,ES,Spain,2026,51192.0,Manfred 2026
Manfred 2026,Mobile Engineer,Mobile Engineer,Lead,48800.0,ES,Spain,2026,52704.0,Manfred 2026
Manfred 2026,Mobile Engineer,Mobile Engineer,Lead,48700.0,ES,Spain,2026,52596.0,Manfred 2026
Manfred 2026,Mobile Engineer,Mobile Engineer,Lead,48400.0,ES,Spain,2026,52272.0,Manfred 2026
Manfred 2026,Mobile Engineer,Mobile Engineer,Lead,47500.0,ES,Spain,2026,51300.0,Manfred 2026
Manfred 2026,Mobile Engineer,Mobile Engineer,Lead,48200.0,ES,Spain,2026,52056.0,Manfred 2026
Manfred 2026,Mobile Engineer,Mobile Engineer,Lead,47700.0,ES,Spain,2026,51516.0,Manfred 2026
Manfred 2026,Mobile Engineer,Mobile Engineer,Lead,46900.0,ES,Spain,2026,50652.0,Manfred 2026
Manfred 2026,Mobile Engineer,Mobile Engineer,Lead,49200.0,ES,Spain,2026,53136.0,Manfred 2026
Manfred 2026,Mobile Engineer,Mobile Engineer,Lead,47000.0,ES,Spain,2026,50760.0,Manfred 2026
Manfred 2026,Mobile Engineer,Mobile Engineer,Lead,49400.0,ES,Spain,2026,53352.0,Manfred 2026
Manfred 2026,Mobile Engineer,Mobile Engineer,Lead,47900.0,ES,Spain,2026,51732.0,Manfred 2026
Manfred 2026,QA Engineer,QA Engineer,Junior,21500.0,ES,Spain,2026,23220.0,Manfred 2026
Manfred 2026,QA Engineer,QA Engineer,Junior,22600.0,ES,Spain,2026,24408.0,Manfred 2026
Manfred 2026,QA Engineer,QA Engineer,Junior,23700.0,ES,Spain,2026,25596.0,Manfred 2026
Manfred 2026,QA Engineer,QA Engineer,Junior,23200.0,ES,Spain,2026,25056.0,Manfred 2026
Manfred 2026,QA Engineer,QA Engineer,Junior,23400.0,ES,Spain,2026,25272.0,Manfred 2026
Manfred 2026,QA Engineer,QA Engineer,Junior,22900.0,ES,Spain,2026,24732.0,Manfred 2026
Manfred 2026,QA Engineer,QA Engineer,Junior,23000.0,ES,Spain,2026,24840.0,Manfred 2026
Manfred 2026,QA Engineer,QA Engineer,Junior,23600.0,ES,Spain,2026,25488.0,Manfred 2026
Manfred 2026,QA Engineer,QA Engineer,Junior,21800.0,ES,Spain,2026,23544.0,Manfred 2026
Manfred 2026,QA Engineer,QA Engineer,Junior,22500.0,ES,Spain,2026,24300.0,Manfred 2026
Manfred 2026,QA Engineer,QA Engineer,Junior,21700.0,ES,Spain,2026,23436.0,Manfred 2026
Manfred 2026,QA Engineer,QA Engineer,Junior,24600.0,ES,Spain,2026,26568.0,Manfred 2026
Manfred 2026,QA Engineer,QA Engineer,Junior,24200.0,ES,Spain,2026,26136.0,Manfred 2026
Manfred 2026,QA Engineer,QA Engineer,Junior,20700.0,ES,Spain,2026,22356.0,Manfred 2026
Manfred 2026,QA Engineer,QA Engineer,Junior,23100.0,ES,Spain,2026,24948.0,Manfred 2026
Manfred 2026,QA Engineer,QA Engineer,Junior,24000.0,ES,Spain,2026,25920.0,Manfred 2026
Manfred 2026,QA Engineer,QA Engineer,Junior,21500.0,ES,Spain,2026,23220.0,Manfred 2026
Manfred 2026,QA Engineer,QA Engineer,Junior,22700.0,ES,Spain,2026,24516.0,Manfred 2026
Manfred 2026,QA Engineer,QA Engineer,Junior,24000.0,ES,Spain,2026,25920.0,Manfred 2026
Manfred 2026,QA Engineer,QA Engineer,Junior,20700.0,ES,Spain,2026,22356.0,Manfred 2026
Manfred 2026,QA Engineer,QA Engineer,Junior,23100.0,ES,Spain,2026,24948.0,Manfred 2026
Manfred 2026,QA Engineer,QA Engineer,Junior,21900.0,ES,Spain,2026,23652.0,Manfred 2026
Manfred 2026,QA Engineer,QA Engineer,Junior,24000.0,ES,Spain,2026,25920.0,Manfred 2026
Manfred 2026,QA Engineer,QA Engineer,Junior,24400.0,ES,Spain,2026,26352.0,Manfred 2026
Manfred 2026,QA Engineer,QA Engineer,Junior,24200.0,ES,Spain,2026,26136.0,Manfred 2026
Manfred 2026,QA Engineer,QA Engineer,Junior,22400.0,ES,Spain,2026,24192.0,Manfred 2026
Manfred 2026,QA Engineer,QA Engineer,Junior,23700.0,ES,Spain,2026,25596.0,Manfred 2026
Manfred 2026,QA Engineer,QA Engineer,Junior,23600.0,ES,Spain,2026,25488.0,Manfred 2026
Manfred 2026,QA Engineer,QA Engineer,Junior,22000.0,ES,Spain,2026,23760.0,Manfred 2026
Manfred 2026,QA Engineer,QA Engineer,Junior,23500.0,ES,Spain,2026,25380.0,Manfred 2026
Manfred 2026,QA Engineer,QA Engineer,Junior,20700.0,ES,Spain,2026,22356.0,Manfred 2026
Manfred 2026,QA Engineer,QA Engineer,Junior,22800.0,ES,Spain,2026,24624.0,Manfred 2026
Manfred 2026,QA Engineer,QA Engineer,Junior,21700.0,ES,Spain,2026,23436.0,Manfred 2026
Manfred 2026,QA Engineer,QA Engineer,Junior,21200.0,ES,Spain,2026,22896.0,Manfred 2026
Manfred 2026,QA Engineer,QA Engineer,Junior,21000.0,ES,Spain,2026,22680.0,Manfred 2026
Manfred 2026,QA Engineer,QA Engineer,Junior,23100.0,ES,Spain,2026,24948.0,Manfred 2026
Manfred 2026,QA Engineer,QA Engineer,Junior,22100.0,ES,Spain,2026,23868.0,Manfred 2026
Manfred 2026,QA Engineer,QA Engineer,Junior,23100.0,ES,Spain,2026,24948.0,Manfred 2026
Manfred 2026,QA Engineer,QA Engineer,Junior,20900.0,ES,Spain,2026,22572.0,Manfred 2026
Manfred 2026,QA Engineer,QA Engineer,Junior,22000.0,ES,Spain,2026,23760.0,Manfred 2026
Manfred 2026,QA Engineer,QA Engineer,Junior,22600.0,ES,Spain,2026,24408.0,Manfred 2026
Manfred 2026,QA Engineer,QA Engineer,Junior,23400.0,ES,Spain,2026,25272.0,Manfred 2026
Manfred 2026,QA Engineer,QA Engineer,Junior,22000.0,ES,Spain,2026,23760.0,Manfred 2026
Manfred 2026,QA Engineer,QA Engineer,Junior,22800.0,ES,Spain,2026,24624.0,Manfred 2026
Manfred 2026,QA Engineer,QA Engineer,Junior,23800.0,ES,Spain,2026,25704.0,Manfred 2026
Manfred 2026,QA Engineer,QA Engineer,Junior,22800.0,ES,Spain,2026,24624.0,Manfred 2026
Manfred 2026,QA Engineer,QA Engineer,Junior,21700.0,ES,Spain,2026,23436.0,Manfred 2026
Manfred 2026,QA Engineer,QA Engineer,Junior,20600.0,ES,Spain,2026,22248.0,Manfred 2026
Manfred 2026,QA Engineer,QA Engineer,Junior,23700.0,ES,Spain,2026,25596.0,Manfred 2026
Manfred 2026,QA Engineer,QA Engineer,Junior,20500.0,ES,Spain,2026,22140.0,Manfred 2026
Manfred 2026,QA Engineer,QA Engineer,Mid,30500.0,ES,Spain,2026,32940.0,Manfred 2026
Manfred 2026,QA Engineer,QA Engineer,Mid,29100.0,ES,Spain,2026,31428.0,Manfred 2026
Manfred 2026,QA Engineer,QA Engineer,Mid,31000.0,ES,Spain,2026,33480.0,Manfred 2026
Manfred 2026,QA Engineer,QA Engineer,Mid,30100.0,ES,Spain,2026,32508.0,Manfred 2026
Manfred 2026,QA Engineer,QA Engineer,Mid,31800.0,ES,Spain,2026,34344.0,Manfred 2026
Manfred 2026,QA Engineer,QA Engineer,Mid,28500.0,ES,Spain,2026,30780.0,Manfred 2026
Manfred 2026,QA Engineer,QA Engineer,Mid,30000.0,ES,Spain,2026,32400.0,Manfred 2026
Manfred 2026,QA Engineer,QA Engineer,Mid,28700.0,ES,Spain,2026,30996.0,Manfred 2026
Manfred 2026,QA Engineer,QA Engineer,Mid,28900.0,ES,Spain,2026,31212.0,Manfred 2026
Manfred 2026,QA Engineer,QA Engineer,Mid,29400.0,ES,Spain,2026,31752.0,Manfred 2026
Manfred 2026,QA Engineer,QA Engineer,Mid,30500.0,ES,Spain,2026,32940.0,Manfred 2026
Manfred 2026,QA Engineer,QA Engineer,Mid,31500.0,ES,Spain,2026,34020.0,Manfred 2026
Manfred 2026,QA Engineer,QA Engineer,Mid,30000.0,ES,Spain,2026,32400.0,Manfred 2026
Manfred 2026,QA Engineer,QA Engineer,Mid,28700.0,ES,Spain,2026,30996.0,Manfred 2026
Manfred 2026,QA Engineer,QA Engineer,Mid,28800.0,ES,Spain,2026,31104.0,Manfred 2026
Manfred 2026,QA Engineer,QA Engineer,Mid,29800.0,ES,Spain,2026,32184.0,Manfred 2026
Manfred 2026,QA Engineer,QA Engineer,Mid,28100.0,ES,Spain,2026,30348.0,Manfred 2026
Manfred 2026,QA Engineer,QA Engineer,Mid,27400.0,ES,Spain,2026,29592.0,Manfred 2026
Manfred 2026,QA Engineer,QA Engineer,Mid,28500.0,ES,Spain,2026,30780.0,Manfred 2026
Manfred 2026,QA Engineer,QA Engineer,Mid,28300.0,ES,Spain,2026,30564.0,Manfred 2026
Manfred 2026,QA Engineer,QA Engineer,Mid,28300.0,ES,Spain,2026,30564.0,Manfred 2026
Manfred 2026,QA Engineer,QA Engineer,Mid,28100.0,ES,Spain,2026,30348.0,Manfred 2026
Manfred 2026,QA Engineer,QA Engineer,Mid,26900.0,ES,Spain,2026,29052.0,Manfred 2026
Manfred 2026,QA Engineer,QA Engineer,Mid,26600.0,ES,Spain,2026,28728.0,Manfred 2026
Manfred 2026,QA Engineer,QA Engineer,Mid,31500.0,ES,Spain,2026,34020.0,Manfred 2026
Manfred 2026,QA Engineer,QA Engineer,Mid,28800.0,ES,Spain,2026,31104.0,Manfred 2026
Manfred 2026,QA Engineer,QA Engineer,Mid,28600.0,ES,Spain,2026,30888.0,Manfred 2026
Manfred 2026,QA Engineer,QA Engineer,Mid,29600.0,ES,Spain,2026,31968.0,Manfred 2026
Manfred 2026,QA Engineer,QA Engineer,Mid,28000.0,ES,Spain,2026,30240.0,Manfred 2026
Manfred 2026,QA Engineer,QA Engineer,Mid,31100.0,ES,Spain,2026,33588.0,Manfred 2026
Manfred 2026,QA Engineer,QA Engineer,Mid,30000.0,ES,Spain,2026,32400.0,Manfred 2026
Manfred 2026,QA Engineer,QA Engineer,Mid,27300.0,ES,Spain,2026,29484.0,Manfred 2026
Manfred 2026,QA Engineer,QA Engineer,Mid,28700.0,ES,Spain,2026,30996.0,Manfred 2026
Manfred 2026,QA Engineer,QA Engineer,Mid,30500.0,ES,Spain,2026,32940.0,Manfred 2026
Manfred 2026,QA Engineer,QA Engineer,Mid,31000.0,ES,Spain,2026,33480.0,Manfred 2026
Manfred 2026,QA Engineer,QA Engineer,Mid,28900.0,ES,Spain,2026,31212.0,Manfred 2026
Manfred 2026,QA Engineer,QA Engineer,Mid,29400.0,ES,Spain,2026,31752.0,Manfred 2026
Manfred 2026,QA Engineer,QA Engineer,Mid,27700.0,ES,Spain,2026,29916.0,Manfred 2026
Manfred 2026,QA Engineer,QA Engineer,Mid,31600.0,ES,Spain,2026,34128.0,Manfred 2026
Manfred 2026,QA Engineer,QA Engineer,Mid,28000.0,ES,Spain,2026,30240.0,Manfred 2026
Manfred 2026,QA Engineer,QA Engineer,Mid,31000.0,ES,Spain,2026,33480.0,Manfred 2026
Manfred 2026,QA Engineer,QA Engineer,Mid,29500.0,ES,Spain,2026,31860.0,Manfred 2026
Manfred 2026,QA Engineer,QA Engineer,Mid,29300.0,ES,Spain,2026,31644.0,Manfred 2026
Manfred 2026,QA Engineer,QA Engineer,Mid,29000.0,ES,Spain,2026,31320.0,Manfred 2026
Manfred 2026,QA Engineer,QA Engineer,Mid,28000.0,ES,Spain,2026,30240.0,Manfred 2026
Manfred 2026,QA Engineer,QA Engineer,Mid,27800.0,ES,Spain,2026,30024.0,Manfred 2026
Manfred 2026,QA Engineer,QA Engineer,Mid,28000.0,ES,Spain,2026,30240.0,Manfred 2026
Manfred 2026,QA Engineer,QA Engineer,Mid,27800.0,ES,Spain,2026,30024.0,Manfred 2026
Manfred 2026,QA Engineer,QA Engineer,Mid,30000.0,ES,Spain,2026,32400.0,Manfred 2026
Manfred 2026,QA Engineer,QA Engineer,Mid,28500.0,ES,Spain,2026,30780.0,Manfred 2026
Manfred 2026,QA Engineer,QA Engineer,Mid,27000.0,ES,Spain,2026,29160.0,Manfred 2026
Manfred 2026,QA Engineer,QA Engineer,Mid,31300.0,ES,Spain,2026,33804.0,Manfred 2026
Manfred 2026,QA Engineer,QA Engineer,Mid,30600.0,ES,Spain,2026,33048.0,Manfred 2026
Manfred 2026,QA Engineer,QA Engineer,Mid,30900.0,ES,Spain,2026,33372.0,Manfred 2026
Manfred 2026,QA Engineer,QA Engineer,Mid,31700.0,ES,Spain,2026,34236.0,Manfred 2026
Manfred 2026,QA Engineer,QA Engineer,Mid,27800.0,ES,Spain,2026,30024.0,Manfred 2026
Manfred 2026,QA Engineer,QA Engineer,Mid,28700.0,ES,Spain,2026,30996.0,Manfred 2026
Manfred 2026,QA Engineer,QA Engineer,Mid,29900.0,ES,Spain,2026,32292.0,Manfred 2026
Manfred 2026,QA Engineer,QA Engineer,Mid,29700.0,ES,Spain,2026,32076.0,Manfred 2026
Manfred 2026,QA Engineer,QA Engineer,Mid,27700.0,ES,Spain,2026,29916.0,Manfred 2026
Manfred 2026,QA Engineer,QA Engineer,Mid,30200.0,ES,Spain,2026,32616.0,Manfred 2026
Manfred 2026,QA Engineer,QA Engineer,Mid,28000.0,ES,Spain,2026,30240.0,Manfred 2026
Manfred 2026,QA Engineer,QA Engineer,Mid,28000.0,ES,Spain,2026,30240.0,Manfred 2026
Manfred 2026,QA Engineer,QA Engineer,Mid,29100.0,ES,Spain,2026,31428.0,Manfred 2026
Manfred 2026,QA Engineer,QA Engineer,Mid,29300.0,ES,Spain,2026,31644.0,Manfred 2026
Manfred 2026,QA Engineer,QA Engineer,Mid,29300.0,ES,Spain,2026,31644.0,Manfred 2026
Manfred 2026,QA Engineer,QA Engineer,Mid,27300.0,ES,Spain,2026,29484.0,Manfred 2026
Manfred 2026,QA Engineer,QA Engineer,Mid,30500.0,ES,Spain,2026,32940.0,Manfred 2026
Manfred 2026,QA Engineer,QA Engineer,Mid,28200.0,ES,Spain,2026,30456.0,Manfred 2026
Manfred 2026,QA Engineer,QA Engineer,Mid,27500.0,ES,Spain,2026,29700.0,Manfred 2026
Manfred 2026,QA Engineer,QA Engineer,Senior,38300.0,ES,Spain,2026,41364.0,Manfred 2026
Manfred 2026,QA Engineer,QA Engineer,Senior,39000.0,ES,Spain,2026,42120.0,Manfred 2026
Manfred 2026,QA Engineer,QA Engineer,Senior,38200.0,ES,Spain,2026,41256.0,Manfred 2026
Manfred 2026,QA Engineer,QA Engineer,Senior,37800.0,ES,Spain,2026,40824.0,Manfred 2026
Manfred 2026,QA Engineer,QA Engineer,Senior,37100.0,ES,Spain,2026,40068.0,Manfred 2026
Manfred 2026,QA Engineer,QA Engineer,Senior,36700.0,ES,Spain,2026,39636.0,Manfred 2026
Manfred 2026,QA Engineer,QA Engineer,Senior,34500.0,ES,Spain,2026,37260.0,Manfred 2026
Manfred 2026,QA Engineer,QA Engineer,Senior,36200.0,ES,Spain,2026,39096.0,Manfred 2026
Manfred 2026,QA Engineer,QA Engineer,Senior,36000.0,ES,Spain,2026,38880.0,Manfred 2026
Manfred 2026,QA Engineer,QA Engineer,Senior,35500.0,ES,Spain,2026,38340.0,Manfred 2026
Manfred 2026,QA Engineer,QA Engineer,Senior,37400.0,ES,Spain,2026,40392.0,Manfred 2026
Manfred 2026,QA Engineer,QA Engineer,Senior,36500.0,ES,Spain,2026,39420.0,Manfred 2026
Manfred 2026,QA Engineer,QA Engineer,Senior,34400.0,ES,Spain,2026,37152.0,Manfred 2026
Manfred 2026,QA Engineer,QA Engineer,Senior,35300.0,ES,Spain,2026,38124.0,Manfred 2026
Manfred 2026,QA Engineer,QA Engineer,Senior,37200.0,ES,Spain,2026,40176.0,Manfred 2026
Manfred 2026,QA Engineer,QA Engineer,Senior,34400.0,ES,Spain,2026,37152.0,Manfred 2026
Manfred 2026,QA Engineer,QA Engineer,Senior,38100.0,ES,Spain,2026,41148.0,Manfred 2026
Manfred 2026,QA Engineer,QA Engineer,Senior,36500.0,ES,Spain,2026,39420.0,Manfred 2026
Manfred 2026,QA Engineer,QA Engineer,Senior,36400.0,ES,Spain,2026,39312.0,Manfred 2026
Manfred 2026,QA Engineer,QA Engineer,Senior,36800.0,ES,Spain,2026,39744.0,Manfred 2026
Manfred 2026,QA Engineer,QA Engineer,Senior,37900.0,ES,Spain,2026,40932.0,Manfred 2026
Manfred 2026,QA Engineer,QA Engineer,Senior,35900.0,ES,Spain,2026,38772.0,Manfred 2026
Manfred 2026,QA Engineer,QA Engineer,Senior,37200.0,ES,Spain,2026,40176.0,Manfred 2026
Manfred 2026,QA Engineer,QA Engineer,Senior,36700.0,ES,Spain,2026,39636.0,Manfred 2026
Manfred 2026,QA Engineer,QA Engineer,Senior,35600.0,ES,Spain,2026,38448.0,Manfred 2026
Manfred 2026,QA Engineer,QA Engineer,Senior,38300.0,ES,Spain,2026,41364.0,Manfred 2026
Manfred 2026,QA Engineer,QA Engineer,Senior,37800.0,ES,Spain,2026,40824.0,Manfred 2026
Manfred 2026,QA Engineer,QA Engineer,Senior,37100.0,ES,Spain,2026,40068.0,Manfred 2026
Manfred 2026,QA Engineer,QA Engineer,Senior,38100.0,ES,Spain,2026,41148.0,Manfred 2026
Manfred 2026,QA Engineer,QA Engineer,Senior,38200.0,ES,Spain,2026,41256.0,Manfred 2026
Manfred 2026,QA Engineer,QA Engineer,Senior,37300.0,ES,Spain,2026,40284.0,Manfred 2026
Manfred 2026,QA Engineer,QA Engineer,Senior,38000.0,ES,Spain,2026,41040.0,Manfred 2026
Manfred 2026,QA Engineer,QA Engineer,Senior,37300.0,ES,Spain,2026,40284.0,Manfred 2026
Manfred 2026,QA Engineer,QA Engineer,Senior,37200.0,ES,Spain,2026,40176.0,Manfred 2026
Manfred 2026,QA Engineer,QA Engineer,Senior,36900.0,ES,Spain,2026,39852.0,Manfred 2026
Manfred 2026,QA Engineer,QA Engineer,Senior,37500.0,ES,Spain,2026,40500.0,Manfred 2026
Manfred 2026,QA Engineer,QA Engineer,Senior,35000.0,ES,Spain,2026,37800.0,Manfred 2026
Manfred 2026,QA Engineer,QA Engineer,Senior,38300.0,ES,Spain,2026,41364.0,Manfred 2026
Manfred 2026,QA Engineer,QA Engineer,Senior,38200.0,ES,Spain,2026,41256.0,Manfred 2026
Manfred 2026,QA Engineer,QA Engineer,Senior,33800.0,ES,Spain,2026,36504.0,Manfred 2026
Manfred 2026,QA Engineer,QA Engineer,Senior,37900.0,ES,Spain,2026,40932.0,Manfred 2026
Manfred 2026,QA Engineer,QA Engineer,Senior,34800.0,ES,Spain,2026,37584.0,Manfred 2026
Manfred 2026,QA Engineer,QA Engineer,Senior,35900.0,ES,Spain,2026,38772.0,Manfred 2026
Manfred 2026,QA Engineer,QA Engineer,Senior,37500.0,ES,Spain,2026,40500.0,Manfred 2026
Manfred 2026,QA Engineer,QA Engineer,Senior,35000.0,ES,Spain,2026,37800.0,Manfred 2026
Manfred 2026,QA Engineer,QA Engineer,Senior,37900.0,ES,Spain,2026,40932.0,Manfred 2026
Manfred 2026,QA Engineer,QA Engineer,Senior,38000.0,ES,Spain,2026,41040.0,Manfred 2026
Manfred 2026,QA Engineer,QA Engineer,Senior,36500.0,ES,Spain,2026,39420.0,Manfred 2026
Manfred 2026,QA Engineer,QA Engineer,Senior,33400.0,ES,Spain,2026,36072.0,Manfred 2026
Manfred 2026,QA Engineer,QA Engineer,Senior,35700.0,ES,Spain,2026,38556.0,Manfred 2026
Manfred 2026,QA Engineer,QA Engineer,Senior,36900.0,ES,Spain,2026,39852.0,Manfred 2026
Manfred 2026,QA Engineer,QA Engineer,Senior,39300.0,ES,Spain,2026,42444.0,Manfred 2026
Manfred 2026,QA Engineer,QA Engineer,Senior,37000.0,ES,Spain,2026,39960.0,Manfred 2026
Manfred 2026,QA Engineer,QA Engineer,Senior,35500.0,ES,Spain,2026,38340.0,Manfred 2026
Manfred 2026,QA Engineer,QA Engineer,Senior,37000.0,ES,Spain,2026,39960.0,Manfred 2026
Manfred 2026,QA Engineer,QA Engineer,Senior,36600.0,ES,Spain,2026,39528.0,Manfred 2026
Manfred 2026,QA Engineer,QA Engineer,Senior,37700.0,ES,Spain,2026,40716.0,Manfred 2026
Manfred 2026,QA Engineer,QA Engineer,Senior,34600.0,ES,Spain,2026,37368.0,Manfred 2026
Manfred 2026,QA Engineer,QA Engineer,Senior,37600.0,ES,Spain,2026,40608.0,Manfred 2026
Manfred 2026,QA Engineer,QA Engineer,Senior,36600.0,ES,Spain,2026,39528.0,Manfred 2026
Manfred 2026,QA Engineer,QA Engineer,Lead,44500.0,ES,Spain,2026,48060.0,Manfred 2026
Manfred 2026,QA Engineer,QA Engineer,Lead,42700.0,ES,Spain,2026,46116.0,Manfred 2026
Manfred 2026,QA Engineer,QA Engineer,Lead,43300.0,ES,Spain,2026,46764.0,Manfred 2026
Manfred 2026,QA Engineer,QA Engineer,Lead,44300.0,ES,Spain,2026,47844.0,Manfred 2026
Manfred 2026,QA Engineer,QA Engineer,Lead,41900.0,ES,Spain,2026,45252.0,Manfred 2026
Manfred 2026,QA Engineer,QA Engineer,Lead,44300.0,ES,Spain,2026,47844.0,Manfred 2026
Manfred 2026,QA Engineer,QA Engineer,Lead,43400.0,ES,Spain,2026,46872.0,Manfred 2026
Manfred 2026,QA Engineer,QA Engineer,Lead,41700.0,ES,Spain,2026,45036.0,Manfred 2026
Manfred 2026,QA Engineer,QA Engineer,Lead,42600.0,ES,Spain,2026,46008.0,Manfred 2026
Manfred 2026,QA Engineer,QA Engineer,Lead,43500.0,ES,Spain,2026,46980.0,Manfred 2026
Manfred 2026,QA Engineer,QA Engineer,Lead,41700.0,ES,Spain,2026,45036.0,Manfred 2026
Manfred 2026,QA Engineer,QA Engineer,Lead,43200.0,ES,Spain,2026,46656.0,Manfred 2026
Manfred 2026,QA Engineer,QA Engineer,Lead,42700.0,ES,Spain,2026,46116.0,Manfred 2026
Manfred 2026,QA Engineer,QA Engineer,Lead,43300.0,ES,Spain,2026,46764.0,Manfred 2026
Manfred 2026,QA Engineer,QA Engineer,Lead,41600.0,ES,Spain,2026,44928.0,Manfred 2026
Manfred 2026,QA Engineer,QA Engineer,Lead,44000.0,ES,Spain,2026,47520.0,Manfred 2026
Manfred 2026,QA Engineer,QA Engineer,Lead,44500.0,ES,Spain,2026,48060.0,Manfred 2026
Manfred 2026,QA Engineer,QA Engineer,Lead,44500.0,ES,Spain,2026,48060.0,Manfred 2026
Manfred 2026,QA Engineer,QA Engineer,Lead,43600.0,ES,Spain,2026,47088.0,Manfred 2026
Manfred 2026,QA Engineer,QA Engineer,Lead,42000.0,ES,Spain,2026,45360.0,Manfred 2026
Manfred 2026,Data Engineer,Data Engineer,Junior,31500.0,ES,Spain,2026,34020.0,Manfred 2026
Manfred 2026,Data Engineer,Data Engineer,Junior,26100.0,ES,Spain,2026,28188.0,Manfred 2026
Manfred 2026,Data Engineer,Data Engineer,Junior,26100.0,ES,Spain,2026,28188.0,Manfred 2026
Manfred 2026,Data Engineer,Data Engineer,Junior,29000.0,ES,Spain,2026,31320.0,Manfred 2026
Manfred 2026,Data Engineer,Data Engineer,Junior,29900.0,ES,Spain,2026,32292.0,Manfred 2026
Manfred 2026,Data Engineer,Data Engineer,Junior,31600.0,ES,Spain,2026,34128.0,Manfred 2026
Manfred 2026,Data Engineer,Data Engineer,Junior,31000.0,ES,Spain,2026,33480.0,Manfred 2026
Manfred 2026,Data Engineer,Data Engineer,Junior,29700.0,ES,Spain,2026,32076.0,Manfred 2026
Manfred 2026,Data Engineer,Data Engineer,Junior,28700.0,ES,Spain,2026,30996.0,Manfred 2026
Manfred 2026,Data Engineer,Data Engineer,Junior,34600.0,ES,Spain,2026,37368.0,Manfred 2026
Manfred 2026,Data Engineer,Data Engineer,Junior,29600.0,ES,Spain,2026,31968.0,Manfred 2026
Manfred 2026,Data Engineer,Data Engineer,Junior,29800.0,ES,Spain,2026,32184.0,Manfred 2026
Manfred 2026,Data Engineer,Data Engineer,Junior,27900.0,ES,Spain,2026,30132.0,Manfred 2026
Manfred 2026,Data Engineer,Data Engineer,Junior,31800.0,ES,Spain,2026,34344.0,Manfred 2026
Manfred 2026,Data Engineer,Data Engineer,Junior,31100.0,ES,Spain,2026,33588.0,Manfred 2026
Manfred 2026,Data Engineer,Data Engineer,Junior,28300.0,ES,Spain,2026,30564.0,Manfred 2026
Manfred 2026,Data Engineer,Data Engineer,Junior,27000.0,ES,Spain,2026,29160.0,Manfred 2026
Manfred 2026,Data Engineer,Data Engineer,Junior,31000.0,ES,Spain,2026,33480.0,Manfred 2026
Manfred 2026,Data Engineer,Data Engineer,Junior,30800.0,ES,Spain,2026,33264.0,Manfred 2026
Manfred 2026,Data Engineer,Data Engineer,Junior,28700.0,ES,Spain,2026,30996.0,Manfred 2026
Manfred 2026,Data Engineer,Data Engineer,Junior,33400.0,ES,Spain,2026,36072.0,Manfred 2026
Manfred 2026,Data Engineer,Data Engineer,Junior,27700.0,ES,Spain,2026,29916.0,Manfred 2026
Manfred 2026,Data Engineer,Data Engineer,Junior,29600.0,ES,Spain,2026,31968.0,Manfred 2026
Manfred 2026,Data Engineer,Data Engineer,Junior,33300.0,ES,Spain,2026,35964.0,Manfred 2026
Manfred 2026,Data Engineer,Data Engineer,Junior,29600.0,ES,Spain,2026,31968.0,Manfred 2026
Manfred 2026,Data Engineer,Data Engineer,Junior,30700.0,ES,Spain,2026,33156.0,Manfred 2026
Manfred 2026,Data Engineer,Data Engineer,Junior,29500.0,ES,Spain,2026,31860.0,Manfred 2026
Manfred 2026,Data Engineer,Data Engineer,Junior,28700.0,ES,Spain,2026,30996.0,Manfred 2026
Manfred 2026,Data Engineer,Data Engineer,Junior,34100.0,ES,Spain,2026,36828.0,Manfred 2026
Manfred 2026,Data Engineer,Data Engineer,Junior,29500.0,ES,Spain,2026,31860.0,Manfred 2026
Manfred 2026,Data Engineer,Data Engineer,Junior,32700.0,ES,Spain,2026,35316.0,Manfred 2026
Manfred 2026,Data Engineer,Data Engineer,Junior,28400.0,ES,Spain,2026,30672.0,Manfred 2026
Manfred 2026,Data Engineer,Data Engineer,Junior,28300.0,ES,Spain,2026,30564.0,Manfred 2026
Manfred 2026,Data Engineer,Data Engineer,Junior,26200.0,ES,Spain,2026,28296.0,Manfred 2026
Manfred 2026,Data Engineer,Data Engineer,Junior,30800.0,ES,Spain,2026,33264.0,Manfred 2026
Manfred 2026,Data Engineer,Data Engineer,Junior,29300.0,ES,Spain,2026,31644.0,Manfred 2026
Manfred 2026,Data Engineer,Data Engineer,Junior,32400.0,ES,Spain,2026,34992.0,Manfred 2026
Manfred 2026,Data Engineer,Data Engineer,Junior,29900.0,ES,Spain,2026,32292.0,Manfred 2026
Manfred 2026,Data Engineer,Data Engineer,Junior,33700.0,ES,Spain,2026,36396.0,Manfred 2026
Manfred 2026,Data Engineer,Data Engineer,Junior,28000.0,ES,Spain,2026,30240.0,Manfred 2026
Manfred 2026,Data Engineer,Data Engineer,Junior,32400.0,ES,Spain,2026,34992.0,Manfred 2026
Manfred 2026,Data Engineer,Data Engineer,Junior,31700.0,ES,Spain,2026,34236.0,Manfred 2026
Manfred 2026,Data Engineer,Data Engineer,Junior,31600.0,ES,Spain,2026,34128.0,Manfred 2026
Manfred 2026,Data Engineer,Data Engineer,Junior,32200.0,ES,Spain,2026,34776.0,Manfred 2026
Manfred 2026,Data Engineer,Data Engineer,Junior,31500.0,ES,Spain,2026,34020.0,Manfred 2026
Manfred 2026,Data Engineer,Data Engineer,Junior,30700.0,ES,Spain,2026,33156.0,Manfred 2026
Manfred 2026,Data Engineer,Data Engineer,Junior,27600.0,ES,Spain,2026,29808.0,Manfred 2026
Manfred 2026,Data Engineer,Data Engineer,Junior,26300.0,ES,Spain,2026,28404.0,Manfred 2026
Manfred 2026,Data Engineer,Data Engineer,Junior,33000.0,ES,Spain,2026,35640.0,Manfred 2026
Manfred 2026,Data Engineer,Data Engineer,Junior,30600.0,ES,Spain,2026,33048.0,Manfred 2026
Manfred 2026,Data Engineer,Data Engineer,Mid,42100.0,ES,Spain,2026,45468.0,Manfred 2026
Manfred 2026,Data Engineer,Data Engineer,Mid,40400.0,ES,Spain,2026,43632.0,Manfred 2026
Manfred 2026,Data Engineer,Data Engineer,Mid,38200.0,ES,Spain,2026,41256.0,Manfred 2026
Manfred 2026,Data Engineer,Data Engineer,Mid,38300.0,ES,Spain,2026,41364.0,Manfred 2026
Manfred 2026,Data Engineer,Data Engineer,Mid,41400.0,ES,Spain,2026,44712.0,Manfred 2026
Manfred 2026,Data Engineer,Data Engineer,Mid,40200.0,ES,Spain,2026,43416.0,Manfred 2026
Manfred 2026,Data Engineer,Data Engineer,Mid,38800.0,ES,Spain,2026,41904.0,Manfred 2026
Manfred 2026,Data Engineer,Data Engineer,Mid,40500.0,ES,Spain,2026,43740.0,Manfred 2026
Manfred 2026,Data Engineer,Data Engineer,Mid,37600.0,ES,Spain,2026,40608.0,Manfred 2026
Manfred 2026,Data Engineer,Data Engineer,Mid,40900.0,ES,Spain,2026,44172.0,Manfred 2026
Manfred 2026,Data Engineer,Data Engineer,Mid,39300.0,ES,Spain,2026,42444.0,Manfred 2026
Manfred 2026,Data Engineer,Data Engineer,Mid,42100.0,ES,Spain,2026,45468.0,Manfred 2026
Manfred 2026,Data Engineer,Data Engineer,Mid,39500.0,ES,Spain,2026,42660.0,Manfred 2026
Manfred 2026,Data Engineer,Data Engineer,Mid,40300.0,ES,Spain,2026,43524.0,Manfred 2026
Manfred 2026,Data Engineer,Data Engineer,Mid,36700.0,ES,Spain,2026,39636.0,Manfred 2026
Manfred 2026,Data Engineer,Data Engineer,Mid,37700.0,ES,Spain,2026,40716.0,Manfred 2026
Manfred 2026,Data Engineer,Data Engineer,Mid,40000.0,ES,Spain,2026,43200.0,Manfred 2026
Manfred 2026,Data Engineer,Data Engineer,Mid,40400.0,ES,Spain,2026,43632.0,Manfred 2026
Manfred 2026,Data Engineer,Data Engineer,Mid,41000.0,ES,Spain,2026,44280.0,Manfred 2026
Manfred 2026,Data Engineer,Data Engineer,Mid,39400.0,ES,Spain,2026,42552.0,Manfred 2026
Manfred 2026,Data Engineer,Data Engineer,Mid,41500.0,ES,Spain,2026,44820.0,Manfred 2026
Manfred 2026,Data Engineer,Data Engineer,Mid,42600.0,ES,Spain,2026,46008.0,Manfred 2026
Manfred 2026,Data Engineer,Data Engineer,Mid,42000.0,ES,Spain,2026,45360.0,Manfred 2026
Manfred 2026,Data Engineer,Data Engineer,Mid,37300.0,ES,Spain,2026,40284.0,Manfred 2026
Manfred 2026,Data Engineer,Data Engineer,Mid,40400.0,ES,Spain,2026,43632.0,Manfred 2026
Manfred 2026,Data Engineer,Data Engineer,Mid,38100.0,ES,Spain,2026,41148.0,Manfred 2026
Manfred 2026,Data Engineer,Data Engineer,Mid,39100.0,ES,Spain,2026,42228.0,Manfred 2026
Manfred 2026,Data Engineer,Data Engineer,Mid,44300.0,ES,Spain,2026,47844.0,Manfred 2026
Manfred 2026,Data Engineer,Data Engineer,Mid,38400.0,ES,Spain,2026,41472.0,Manfred 2026
Manfred 2026,Data Engineer,Data Engineer,Mid,40500.0,ES,Spain,2026,43740.0,Manfred 2026
Manfred 2026,Data Engineer,Data Engineer,Mid,41100.0,ES,Spain,2026,44388.0,Manfred 2026
Manfred 2026,Data Engineer,Data Engineer,Mid,41500.0,ES,Spain,2026,44820.0,Manfred 2026
Manfred 2026,Data Engineer,Data Engineer,Mid,40800.0,ES,Spain,2026,44064.0,Manfred 2026
Manfred 2026,Data Engineer,Data Engineer,Mid,36600.0,ES,Spain,2026,39528.0,Manfred 2026
Manfred 2026,Data Engineer,Data Engineer,Mid,39600.0,ES,Spain,2026,42768.0,Manfred 2026
Manfred 2026,Data Engineer,Data Engineer,Mid,40600.0,ES,Spain,2026,43848.0,Manfred 2026
Manfred 2026,Data Engineer,Data Engineer,Mid,37900.0,ES,Spain,2026,40932.0,Manfred 2026
Manfred 2026,Data Engineer,Data Engineer,Mid,39800.0,ES,Spain,2026,42984.0,Manfred 2026
Manfred 2026,Data Engineer,Data Engineer,Mid,37200.0,ES,Spain,2026,40176.0,Manfred 2026
Manfred 2026,Data Engineer,Data Engineer,Mid,37800.0,ES,Spain,2026,40824.0,Manfred 2026
Manfred 2026,Data Engineer,Data Engineer,Mid,40000.0,ES,Spain,2026,43200.0,Manfred 2026
Manfred 2026,Data Engineer,Data Engineer,Mid,38300.0,ES,Spain,2026,41364.0,Manfred 2026
Manfred 2026,Data Engineer,Data Engineer,Mid,40800.0,ES,Spain,2026,44064.0,Manfred 2026
Manfred 2026,Data Engineer,Data Engineer,Mid,41500.0,ES,Spain,2026,44820.0,Manfred 2026
Manfred 2026,Data Engineer,Data Engineer,Mid,42200.0,ES,Spain,2026,45576.0,Manfred 2026
Manfred 2026,Data Engineer,Data Engineer,Mid,38800.0,ES,Spain,2026,41904.0,Manfred 2026
Manfred 2026,Data Engineer,Data Engineer,Mid,38600.0,ES,Spain,2026,41688.0,Manfred 2026
Manfred 2026,Data Engineer,Data Engineer,Mid,38100.0,ES,Spain,2026,41148.0,Manfred 2026
Manfred 2026,Data Engineer,Data Engineer,Mid,41200.0,ES,Spain,2026,44496.0,Manfred 2026
Manfred 2026,Data Engineer,Data Engineer,Mid,41600.0,ES,Spain,2026,44928.0,Manfred 2026
Manfred 2026,Data Engineer,Data Engineer,Mid,37100.0,ES,Spain,2026,40068.0,Manfred 2026
Manfred 2026,Data Engineer,Data Engineer,Mid,43400.0,ES,Spain,2026,46872.0,Manfred 2026
Manfred 2026,Data Engineer,Data Engineer,Mid,37500.0,ES,Spain,2026,40500.0,Manfred 2026
Manfred 2026,Data Engineer,Data Engineer,Mid,40700.0,ES,Spain,2026,43956.0,Manfred 2026
Manfred 2026,Data Engineer,Data Engineer,Mid,41600.0,ES,Spain,2026,44928.0,Manfred 2026
Manfred 2026,Data Engineer,Data Engineer,Mid,42700.0,ES,Spain,2026,46116.0,Manfred 2026
Manfred 2026,Data Engineer,Data Engineer,Mid,41600.0,ES,Spain,2026,44928.0,Manfred 2026
Manfred 2026,Data Engineer,Data Engineer,Mid,42200.0,ES,Spain,2026,45576.0,Manfred 2026
Manfred 2026,Data Engineer,Data Engineer,Mid,39700.0,ES,Spain,2026,42876.0,Manfred 2026
Manfred 2026,Data Engineer,Data Engineer,Mid,42300.0,ES,Spain,2026,45684.0,Manfred 2026
Manfred 2026,Data Engineer,Data Engineer,Mid,37800.0,ES,Spain,2026,40824.0,Manfred 2026
Manfred 2026,Data Engineer,Data Engineer,Mid,42900.0,ES,Spain,2026,46332.0,Manfred 2026
Manfred 2026,Data Engineer,Data Engineer,Mid,40700.0,ES,Spain,2026,43956.0,Manfred 2026
Manfred 2026,Data Engineer,Data Engineer,Mid,42300.0,ES,Spain,2026,45684.0,Manfred 2026
Manfred 2026,Data Engineer,Data Engineer,Mid,40300.0,ES,Spain,2026,43524.0,Manfred 2026
Manfred 2026,Data Engineer,Data Engineer,Mid,41200.0,ES,Spain,2026,44496.0,Manfred 2026
Manfred 2026,Data Engineer,Data Engineer,Mid,40600.0,ES,Spain,2026,43848.0,Manfred 2026
Manfred 2026,Data Engineer,Data Engineer,Mid,41700.0,ES,Spain,2026,45036.0,Manfred 2026
Manfred 2026,Data Engineer,Data Engineer,Mid,37800.0,ES,Spain,2026,40824.0,Manfred 2026
Manfred 2026,Data Engineer,Data Engineer,Mid,37600.0,ES,Spain,2026,40608.0,Manfred 2026
Manfred 2026,Data Engineer,Data Engineer,Senior,50900.0,ES,Spain,2026,54972.0,Manfred 2026
Manfred 2026,Data Engineer,Data Engineer,Senior,50000.0,ES,Spain,2026,54000.0,Manfred 2026
Manfred 2026,Data Engineer,Data Engineer,Senior,56500.0,ES,Spain,2026,61020.0,Manfred 2026
Manfred 2026,Data Engineer,Data Engineer,Senior,50600.0,ES,Spain,2026,54648.0,Manfred 2026
Manfred 2026,Data Engineer,Data Engineer,Senior,58500.0,ES,Spain,2026,63180.0,Manfred 2026
Manfred 2026,Data Engineer,Data Engineer,Senior,51700.0,ES,Spain,2026,55836.0,Manfred 2026
Manfred 2026,Data Engineer,Data Engineer,Senior,50200.0,ES,Spain,2026,54216.0,Manfred 2026
Manfred 2026,Data Engineer,Data Engineer,Senior,55500.0,ES,Spain,2026,59940.0,Manfred 2026
Manfred 2026,Data Engineer,Data Engineer,Senior,54200.0,ES,Spain,2026,58536.0,Manfred 2026
Manfred 2026,Data Engineer,Data Engineer,Senior,53000.0,ES,Spain,2026,57240.0,Manfred 2026
Manfred 2026,Data Engineer,Data Engineer,Senior,53400.0,ES,Spain,2026,57672.0,Manfred 2026
Manfred 2026,Data Engineer,Data Engineer,Senior,54800.0,ES,Spain,2026,59184.0,Manfred 2026
Manfred 2026,Data Engineer,Data Engineer,Senior,50700.0,ES,Spain,2026,54756.0,Manfred 2026
Manfred 2026,Data Engineer,Data Engineer,Senior,59400.0,ES,Spain,2026,64152.0,Manfred 2026
Manfred 2026,Data Engineer,Data Engineer,Senior,58400.0,ES,Spain,2026,63072.0,Manfred 2026
Manfred 2026,Data Engineer,Data Engineer,Senior,54100.0,ES,Spain,2026,58428.0,Manfred 2026
Manfred 2026,Data Engineer,Data Engineer,Senior,50400.0,ES,Spain,2026,54432.0,Manfred 2026
Manfred 2026,Data Engineer,Data Engineer,Senior,54400.0,ES,Spain,2026,58752.0,Manfred 2026
Manfred 2026,Data Engineer,Data Engineer,Senior,48700.0,ES,Spain,2026,52596.0,Manfred 2026
Manfred 2026,Data Engineer,Data Engineer,Senior,47700.0,ES,Spain,2026,51516.0,Manfred 2026
Manfred 2026,Data Engineer,Data Engineer,Senior,51000.0,ES,Spain,2026,55080.0,Manfred 2026
Manfred 2026,Data Engineer,Data Engineer,Senior,52700.0,ES,Spain,2026,56916.0,Manfred 2026
Manfred 2026,Data Engineer,Data Engineer,Senior,56400.0,ES,Spain,2026,60912.0,Manfred 2026
Manfred 2026,Data Engineer,Data Engineer,Senior,54800.0,ES,Spain,2026,59184.0,Manfred 2026
Manfred 2026,Data Engineer,Data Engineer,Senior,55000.0,ES,Spain,2026,59400.0,Manfred 2026
Manfred 2026,Data Engineer,Data Engineer,Senior,52500.0,ES,Spain,2026,56700.0,Manfred 2026
Manfred 2026,Data Engineer,Data Engineer,Senior,51800.0,ES,Spain,2026,55944.0,Manfred 2026
Manfred 2026,Data Engineer,Data Engineer,Senior,52000.0,ES,Spain,2026,56160.0,Manfred 2026
Manfred 2026,Data Engineer,Data Engineer,Senior,58900.0,ES,Spain,2026,63612.0,Manfred 2026
Manfred 2026,Data Engineer,Data Engineer,Senior,48000.0,ES,Spain,2026,51840.0,Manfred 2026
Manfred 2026,Data Engineer,Data Engineer,Senior,56400.0,ES,Spain,2026,60912.0,Manfred 2026
Manfred 2026,Data Engineer,Data Engineer,Senior,53600.0,ES,Spain,2026,57888.0,Manfred 2026
Manfred 2026,Data Engineer,Data Engineer,Senior,52600.0,ES,Spain,2026,56808.0,Manfred 2026
Manfred 2026,Data Engineer,Data Engineer,Senior,54800.0,ES,Spain,2026,59184.0,Manfred 2026
Manfred 2026,Data Engineer,Data Engineer,Senior,52900.0,ES,Spain,2026,57132.0,Manfred 2026
Manfred 2026,Data Engineer,Data Engineer,Senior,56500.0,ES,Spain,2026,61020.0,Manfred 2026
Manfred 2026,Data Engineer,Data Engineer,Senior,56900.0,ES,Spain,2026,61452.0,Manfred 2026
Manfred 2026,Data Engineer,Data Engineer,Senior,52400.0,ES,Spain,2026,56592.0,Manfred 2026
Manfred 2026,Data Engineer,Data Engineer,Senior,51200.0,ES,Spain,2026,55296.0,Manfred 2026
Manfred 2026,Data Engineer,Data Engineer,Senior,53700.0,ES,Spain,2026,57996.0,Manfred 2026
Manfred 2026,Data Engineer,Data Engineer,Senior,57100.0,ES,Spain,2026,61668.0,Manfred 2026
Manfred 2026,Data Engineer,Data Engineer,Senior,50500.0,ES,Spain,2026,54540.0,Manfred 2026
Manfred 2026,Data Engineer,Data Engineer,Senior,53900.0,ES,Spain,2026,58212.0,Manfred 2026
Manfred 2026,Data Engineer,Data Engineer,Senior,54000.0,ES,Spain,2026,58320.0,Manfred 2026
Manfred 2026,Data Engineer,Data Engineer,Senior,54900.0,ES,Spain,2026,59292.0,Manfred 2026
Manfred 2026,Data Engineer,Data Engineer,Senior,49600.0,ES,Spain,2026,53568.0,Manfred 2026
Manfred 2026,Data Engineer,Data Engineer,Senior,54700.0,ES,Spain,2026,59076.0,Manfred 2026
Manfred 2026,Data Engineer,Data Engineer,Senior,57000.0,ES,Spain,2026,61560.0,Manfred 2026
Manfred 2026,Data Engineer,Data Engineer,Senior,50200.0,ES,Spain,2026,54216.0,Manfred 2026
Manfred 2026,Data Engineer,Data Engineer,Senior,50800.0,ES,Spain,2026,54864.0,Manfred 2026
Manfred 2026,Data Engineer,Data Engineer,Senior,58300.0,ES,Spain,2026,62964.0,Manfred 2026
Manfred 2026,Data Engineer,Data Engineer,Senior,50200.0,ES,Spain,2026,54216.0,Manfred 2026
Manfred 2026,Data Engineer,Data Engineer,Senior,56200.0,ES,Spain,2026,60696.0,Manfred 2026
Manfred 2026,Data Engineer,Data Engineer,Senior,52900.0,ES,Spain,2026,57132.0,Manfred 2026
Manfred 2026,Data Engineer,Data Engineer,Senior,50900.0,ES,Spain,2026,54972.0,Manfred 2026
Manfred 2026,Data Engineer,Data Engineer,Senior,56400.0,ES,Spain,2026,60912.0,Manfred 2026
Manfred 2026,Data Engineer,Data Engineer,Senior,52600.0,ES,Spain,2026,56808.0,Manfred 2026
Manfred 2026,Data Engineer,Data Engineer,Senior,53100.0,ES,Spain,2026,57348.0,Manfred 2026
Manfred 2026,Data Engineer,Data Engineer,Senior,51900.0,ES,Spain,2026,56052.0,Manfred 2026
Manfred 2026,Data Engineer,Data Engineer,Senior,53700.0,ES,Spain,2026,57996.0,Manfred 2026
Manfred 2026,Data Engineer,Data Engineer,Lead,66400.0,ES,Spain,2026,71712.0,Manfred 2026
Manfred 2026,Data Engineer,Data Engineer,Lead,69400.0,ES,Spain,2026,74952.0,Manfred 2026
Manfred 2026,Data Engineer,Data Engineer,Lead,77700.0,ES,Spain,2026,83916.0,Manfred 2026
Manfred 2026,Data Engineer,Data Engineer,Lead,67800.0,ES,Spain,2026,73224.0,Manfred 2026
Manfred 2026,Data Engineer,Data Engineer,Lead,72100.0,ES,Spain,2026,77868.0,Manfred 2026
Manfred 2026,Data Engineer,Data Engineer,Lead,68700.0,ES,Spain,2026,74196.0,Manfred 2026
Manfred 2026,Data Engineer,Data Engineer,Lead,73600.0,ES,Spain,2026,79488.0,Manfred 2026
Manfred 2026,Data Engineer,Data Engineer,Lead,65900.0,ES,Spain,2026,71172.0,Manfred 2026
Manfred 2026,Data Engineer,Data Engineer,Lead,77700.0,ES,Spain,2026,83916.0,Manfred 2026
Manfred 2026,Data Engineer,Data Engineer,Lead,70100.0,ES,Spain,2026,75708.0,Manfred 2026
Manfred 2026,Data Engineer,Data Engineer,Lead,67500.0,ES,Spain,2026,72900.0,Manfred 2026
Manfred 2026,Data Engineer,Data Engineer,Lead,64600.0,ES,Spain,2026,69768.0,Manfred 2026
Manfred 2026,Data Engineer,Data Engineer,Lead,66500.0,ES,Spain,2026,71820.0,Manfred 2026
Manfred 2026,Data Engineer,Data Engineer,Lead,70700.0,ES,Spain,2026,76356.0,Manfred 2026
Manfred 2026,Data Engineer,Data Engineer,Lead,68800.0,ES,Spain,2026,74304.0,Manfred 2026
Manfred 2026,Data Engineer,Data Engineer,Lead,74400.0,ES,Spain,2026,80352.0,Manfred 2026
Manfred 2026,Data Engineer,Data Engineer,Lead,69800.0,ES,Spain,2026,75384.0,Manfred 2026
Manfred 2026,Data Engineer,Data Engineer,Lead,67700.0,ES,Spain,2026,73116.0,Manfred 2026
Manfred 2026,Data Engineer,Data Engineer,Lead,71700.0,ES,Spain,2026,77436.0,Manfred 2026
Manfred 2026,Data Engineer,Data Engineer,Lead,72700.0,ES,Spain,2026,78516.0,Manfred 2026
Manfred 2026,Data Scientist,Data Scientist,Junior,27900.0,ES,Spain,2026,30132.0,Manfred 2026
Manfred 2026,Data Scientist,Data Scientist,Junior,27900.0,ES,Spain,2026,30132.0,Manfred 2026
Manfred 2026,Data Scientist,Data Scientist,Junior,26400.0,ES,Spain,2026,28512.0,Manfred 2026
Manfred 2026,Data Scientist,Data Scientist,Junior,31400.0,ES,Spain,2026,33912.0,Manfred 2026
Manfred 2026,Data Scientist,Data Scientist,Junior,30900.0,ES,Spain,2026,33372.0,Manfred 2026
Manfred 2026,Data Scientist,Data Scientist,Junior,29900.0,ES,Spain,2026,32292.0,Manfred 2026
Manfred 2026,Data Scientist,Data Scientist,Junior,32200.0,ES,Spain,2026,34776.0,Manfred 2026
Manfred 2026,Data Scientist,Data Scientist,Junior,31900.0,ES,Spain,2026,34452.0,Manfred 2026
Manfred 2026,Data Scientist,Data Scientist,Junior,30400.0,ES,Spain,2026,32832.0,Manfred 2026
Manfred 2026,Data Scientist,Data Scientist,Junior,32400.0,ES,Spain,2026,34992.0,Manfred 2026
Manfred 2026,Data Scientist,Data Scientist,Junior,28200.0,ES,Spain,2026,30456.0,Manfred 2026
Manfred 2026,Data Scientist,Data Scientist,Junior,27400.0,ES,Spain,2026,29592.0,Manfred 2026
Manfred 2026,Data Scientist,Data Scientist,Junior,28700.0,ES,Spain,2026,30996.0,Manfred 2026
Manfred 2026,Data Scientist,Data Scientist,Junior,26700.0,ES,Spain,2026,28836.0,Manfred 2026
Manfred 2026,Data Scientist,Data Scientist,Junior,30200.0,ES,Spain,2026,32616.0,Manfred 2026
Manfred 2026,Data Scientist,Data Scientist,Junior,33200.0,ES,Spain,2026,35856.0,Manfred 2026
Manfred 2026,Data Scientist,Data Scientist,Junior,26400.0,ES,Spain,2026,28512.0,Manfred 2026
Manfred 2026,Data Scientist,Data Scientist,Junior,27500.0,ES,Spain,2026,29700.0,Manfred 2026
Manfred 2026,Data Scientist,Data Scientist,Junior,29800.0,ES,Spain,2026,32184.0,Manfred 2026
Manfred 2026,Data Scientist,Data Scientist,Junior,33200.0,ES,Spain,2026,35856.0,Manfred 2026
Manfred 2026,Data Scientist,Data Scientist,Junior,29000.0,ES,Spain,2026,31320.0,Manfred 2026
Manfred 2026,Data Scientist,Data Scientist,Junior,30000.0,ES,Spain,2026,32400.0,Manfred 2026
Manfred 2026,Data Scientist,Data Scientist,Junior,26400.0,ES,Spain,2026,28512.0,Manfred 2026
Manfred 2026,Data Scientist,Data Scientist,Junior,27700.0,ES,Spain,2026,29916.0,Manfred 2026
Manfred 2026,Data Scientist,Data Scientist,Junior,34200.0,ES,Spain,2026,36936.0,Manfred 2026
Manfred 2026,Data Scientist,Data Scientist,Junior,33700.0,ES,Spain,2026,36396.0,Manfred 2026
Manfred 2026,Data Scientist,Data Scientist,Junior,25500.0,ES,Spain,2026,27540.0,Manfred 2026
Manfred 2026,Data Scientist,Data Scientist,Junior,33400.0,ES,Spain,2026,36072.0,Manfred 2026
Manfred 2026,Data Scientist,Data Scientist,Junior,30800.0,ES,Spain,2026,33264.0,Manfred 2026
Manfred 2026,Data Scientist,Data Scientist,Junior,32400.0,ES,Spain,2026,34992.0,Manfred 2026
Manfred 2026,Data Scientist,Data Scientist,Junior,29800.0,ES,Spain,2026,32184.0,Manfred 2026
Manfred 2026,Data Scientist,Data Scientist,Junior,30100.0,ES,Spain,2026,32508.0,Manfred 2026
Manfred 2026,Data Scientist,Data Scientist,Junior,29900.0,ES,Spain,2026,32292.0,Manfred 2026
Manfred 2026,Data Scientist,Data Scientist,Junior,30900.0,ES,Spain,2026,33372.0,Manfred 2026
Manfred 2026,Data Scientist,Data Scientist,Junior,27600.0,ES,Spain,2026,29808.0,Manfred 2026
Manfred 2026,Data Scientist,Data Scientist,Junior,26200.0,ES,Spain,2026,28296.0,Manfred 2026
Manfred 2026,Data Scientist,Data Scientist,Junior,28900.0,ES,Spain,2026,31212.0,Manfred 2026
Manfred 2026,Data Scientist,Data Scientist,Junior,31200.0,ES,Spain,2026,33696.0,Manfred 2026
Manfred 2026,Data Scientist,Data Scientist,Junior,28200.0,ES,Spain,2026,30456.0,Manfred 2026
Manfred 2026,Data Scientist,Data Scientist,Junior,31000.0,ES,Spain,2026,33480.0,Manfred 2026
Manfred 2026,Data Scientist,Data Scientist,Junior,33800.0,ES,Spain,2026,36504.0,Manfred 2026
Manfred 2026,Data Scientist,Data Scientist,Junior,27200.0,ES,Spain,2026,29376.0,Manfred 2026
Manfred 2026,Data Scientist,Data Scientist,Junior,31000.0,ES,Spain,2026,33480.0,Manfred 2026
Manfred 2026,Data Scientist,Data Scientist,Junior,29700.0,ES,Spain,2026,32076.0,Manfred 2026
Manfred 2026,Data Scientist,Data Scientist,Junior,32400.0,ES,Spain,2026,34992.0,Manfred 2026
Manfred 2026,Data Scientist,Data Scientist,Junior,28000.0,ES,Spain,2026,30240.0,Manfred 2026
Manfred 2026,Data Scientist,Data Scientist,Junior,31100.0,ES,Spain,2026,33588.0,Manfred 2026
Manfred 2026,Data Scientist,Data Scientist,Junior,32200.0,ES,Spain,2026,34776.0,Manfred 2026
Manfred 2026,Data Scientist,Data Scientist,Junior,33300.0,ES,Spain,2026,35964.0,Manfred 2026
Manfred 2026,Data Scientist,Data Scientist,Junior,31000.0,ES,Spain,2026,33480.0,Manfred 2026
Manfred 2026,Data Scientist,Data Scientist,Mid,43000.0,ES,Spain,2026,46440.0,Manfred 2026
Manfred 2026,Data Scientist,Data Scientist,Mid,43900.0,ES,Spain,2026,47412.0,Manfred 2026
Manfred 2026,Data Scientist,Data Scientist,Mid,46400.0,ES,Spain,2026,50112.0,Manfred 2026
Manfred 2026,Data Scientist,Data Scientist,Mid,43500.0,ES,Spain,2026,46980.0,Manfred 2026
Manfred 2026,Data Scientist,Data Scientist,Mid,37700.0,ES,Spain,2026,40716.0,Manfred 2026
Manfred 2026,Data Scientist,Data Scientist,Mid,47400.0,ES,Spain,2026,51192.0,Manfred 2026
Manfred 2026,Data Scientist,Data Scientist,Mid,44500.0,ES,Spain,2026,48060.0,Manfred 2026
Manfred 2026,Data Scientist,Data Scientist,Mid,44400.0,ES,Spain,2026,47952.0,Manfred 2026
Manfred 2026,Data Scientist,Data Scientist,Mid,40600.0,ES,Spain,2026,43848.0,Manfred 2026
Manfred 2026,Data Scientist,Data Scientist,Mid,44200.0,ES,Spain,2026,47736.0,Manfred 2026
Manfred 2026,Data Scientist,Data Scientist,Mid,42200.0,ES,Spain,2026,45576.0,Manfred 2026
Manfred 2026,Data Scientist,Data Scientist,Mid,44200.0,ES,Spain,2026,47736.0,Manfred 2026
Manfred 2026,Data Scientist,Data Scientist,Mid,39200.0,ES,Spain,2026,42336.0,Manfred 2026
Manfred 2026,Data Scientist,Data Scientist,Mid,44200.0,ES,Spain,2026,47736.0,Manfred 2026
Manfred 2026,Data Scientist,Data Scientist,Mid,49800.0,ES,Spain,2026,53784.0,Manfred 2026
Manfred 2026,Data Scientist,Data Scientist,Mid,38200.0,ES,Spain,2026,41256.0,Manfred 2026
Manfred 2026,Data Scientist,Data Scientist,Mid,48500.0,ES,Spain,2026,52380.0,Manfred 2026
Manfred 2026,Data Scientist,Data Scientist,Mid,42300.0,ES,Spain,2026,45684.0,Manfred 2026
Manfred 2026,Data Scientist,Data Scientist,Mid,46400.0,ES,Spain,2026,50112.0,Manfred 2026
Manfred 2026,Data Scientist,Data Scientist,Mid,45400.0,ES,Spain,2026,49032.0,Manfred 2026
Manfred 2026,Data Scientist,Data Scientist,Mid,43500.0,ES,Spain,2026,46980.0,Manfred 2026
Manfred 2026,Data Scientist,Data Scientist,Mid,44900.0,ES,Spain,2026,48492.0,Manfred 2026
Manfred 2026,Data Scientist,Data Scientist,Mid,46500.0,ES,Spain,2026,50220.0,Manfred 2026
Manfred 2026,Data Scientist,Data Scientist,Mid,42300.0,ES,Spain,2026,45684.0,Manfred 2026
Manfred 2026,Data Scientist,Data Scientist,Mid,41700.0,ES,Spain,2026,45036.0,Manfred 2026
Manfred 2026,Data Scientist,Data Scientist,Mid,44300.0,ES,Spain,2026,47844.0,Manfred 2026
Manfred 2026,Data Scientist,Data Scientist,Mid,45700.0,ES,Spain,2026,49356.0,Manfred 2026
Manfred 2026,Data Scientist,Data Scientist,Mid,45200.0,ES,Spain,2026,48816.0,Manfred 2026
Manfred 2026,Data Scientist,Data Scientist,Mid,45500.0,ES,Spain,2026,49140.0,Manfred 2026
Manfred 2026,Data Scientist,Data Scientist,Mid,42500.0,ES,Spain,2026,45900.0,Manfred 2026
Manfred 2026,Data Scientist,Data Scientist,Mid,45800.0,ES,Spain,2026,49464.0,Manfred 2026
Manfred 2026,Data Scientist,Data Scientist,Mid,39400.0,ES,Spain,2026,42552.0,Manfred 2026
Manfred 2026,Data Scientist,Data Scientist,Mid,43300.0,ES,Spain,2026,46764.0,Manfred 2026
Manfred 2026,Data Scientist,Data Scientist,Mid,36800.0,ES,Spain,2026,39744.0,Manfred 2026
Manfred 2026,Data Scientist,Data Scientist,Mid,41600.0,ES,Spain,2026,44928.0,Manfred 2026
Manfred 2026,Data Scientist,Data Scientist,Mid,42000.0,ES,Spain,2026,45360.0,Manfred 2026
Manfred 2026,Data Scientist,Data Scientist,Mid,42200.0,ES,Spain,2026,45576.0,Manfred 2026
Manfred 2026,Data Scientist,Data Scientist,Mid,44500.0,ES,Spain,2026,48060.0,Manfred 2026
Manfred 2026,Data Scientist,Data Scientist,Mid,42200.0,ES,Spain,2026,45576.0,Manfred 2026
Manfred 2026,Data Scientist,Data Scientist,Mid,42600.0,ES,Spain,2026,46008.0,Manfred 2026
Manfred 2026,Data Scientist,Data Scientist,Mid,40800.0,ES,Spain,2026,44064.0,Manfred 2026
Manfred 2026,Data Scientist,Data Scientist,Mid,42000.0,ES,Spain,2026,45360.0,Manfred 2026
Manfred 2026,Data Scientist,Data Scientist,Mid,40700.0,ES,Spain,2026,43956.0,Manfred 2026
Manfred 2026,Data Scientist,Data Scientist,Mid,38700.0,ES,Spain,2026,41796.0,Manfred 2026
Manfred 2026,Data Scientist,Data Scientist,Mid,43800.0,ES,Spain,2026,47304.0,Manfred 2026
Manfred 2026,Data Scientist,Data Scientist,Mid,44300.0,ES,Spain,2026,47844.0,Manfred 2026
Manfred 2026,Data Scientist,Data Scientist,Mid,43900.0,ES,Spain,2026,47412.0,Manfred 2026
Manfred 2026,Data Scientist,Data Scientist,Mid,42700.0,ES,Spain,2026,46116.0,Manfred 2026
Manfred 2026,Data Scientist,Data Scientist,Mid,42100.0,ES,Spain,2026,45468.0,Manfred 2026
Manfred 2026,Data Scientist,Data Scientist,Mid,46300.0,ES,Spain,2026,50004.0,Manfred 2026
Manfred 2026,Data Scientist,Data Scientist,Mid,43100.0,ES,Spain,2026,46548.0,Manfred 2026
Manfred 2026,Data Scientist,Data Scientist,Mid,42900.0,ES,Spain,2026,46332.0,Manfred 2026
Manfred 2026,Data Scientist,Data Scientist,Mid,37600.0,ES,Spain,2026,40608.0,Manfred 2026
Manfred 2026,Data Scientist,Data Scientist,Mid,41800.0,ES,Spain,2026,45144.0,Manfred 2026
Manfred 2026,Data Scientist,Data Scientist,Mid,42100.0,ES,Spain,2026,45468.0,Manfred 2026
Manfred 2026,Data Scientist,Data Scientist,Mid,42300.0,ES,Spain,2026,45684.0,Manfred 2026
Manfred 2026,Data Scientist,Data Scientist,Mid,43600.0,ES,Spain,2026,47088.0,Manfred 2026
Manfred 2026,Data Scientist,Data Scientist,Mid,43200.0,ES,Spain,2026,46656.0,Manfred 2026
Manfred 2026,Data Scientist,Data Scientist,Mid,43800.0,ES,Spain,2026,47304.0,Manfred 2026
Manfred 2026,Data Scientist,Data Scientist,Mid,45200.0,ES,Spain,2026,48816.0,Manfred 2026
Manfred 2026,Data Scientist,Data Scientist,Mid,45700.0,ES,Spain,2026,49356.0,Manfred 2026
Manfred 2026,Data Scientist,Data Scientist,Mid,44700.0,ES,Spain,2026,48276.0,Manfred 2026
Manfred 2026,Data Scientist,Data Scientist,Mid,47900.0,ES,Spain,2026,51732.0,Manfred 2026
Manfred 2026,Data Scientist,Data Scientist,Mid,37300.0,ES,Spain,2026,40284.0,Manfred 2026
Manfred 2026,Data Scientist,Data Scientist,Mid,40400.0,ES,Spain,2026,43632.0,Manfred 2026
Manfred 2026,Data Scientist,Data Scientist,Mid,36900.0,ES,Spain,2026,39852.0,Manfred 2026
Manfred 2026,Data Scientist,Data Scientist,Mid,44100.0,ES,Spain,2026,47628.0,Manfred 2026
Manfred 2026,Data Scientist,Data Scientist,Mid,46800.0,ES,Spain,2026,50544.0,Manfred 2026
Manfred 2026,Data Scientist,Data Scientist,Mid,40900.0,ES,Spain,2026,44172.0,Manfred 2026
Manfred 2026,Data Scientist,Data Scientist,Mid,47300.0,ES,Spain,2026,51084.0,Manfred 2026
Manfred 2026,Data Scientist,Data Scientist,Senior,54300.0,ES,Spain,2026,58644.0,Manfred 2026
Manfred 2026,Data Scientist,Data Scientist,Senior,66600.0,ES,Spain,2026,71928.0,Manfred 2026
Manfred 2026,Data Scientist,Data Scientist,Senior,59000.0,ES,Spain,2026,63720.0,Manfred 2026
Manfred 2026,Data Scientist,Data Scientist,Senior,55300.0,ES,Spain,2026,59724.0,Manfred 2026
Manfred 2026,Data Scientist,Data Scientist,Senior,60400.0,ES,Spain,2026,65232.0,Manfred 2026
Manfred 2026,Data Scientist,Data Scientist,Senior,57800.0,ES,Spain,2026,62424.0,Manfred 2026
Manfred 2026,Data Scientist,Data Scientist,Senior,58200.0,ES,Spain,2026,62856.0,Manfred 2026
Manfred 2026,Data Scientist,Data Scientist,Senior,58400.0,ES,Spain,2026,63072.0,Manfred 2026
Manfred 2026,Data Scientist,Data Scientist,Senior,64000.0,ES,Spain,2026,69120.0,Manfred 2026
Manfred 2026,Data Scientist,Data Scientist,Senior,60900.0,ES,Spain,2026,65772.0,Manfred 2026
Manfred 2026,Data Scientist,Data Scientist,Senior,58500.0,ES,Spain,2026,63180.0,Manfred 2026
Manfred 2026,Data Scientist,Data Scientist,Senior,61600.0,ES,Spain,2026,66528.0,Manfred 2026
Manfred 2026,Data Scientist,Data Scientist,Senior,62800.0,ES,Spain,2026,67824.0,Manfred 2026
Manfred 2026,Data Scientist,Data Scientist,Senior,58000.0,ES,Spain,2026,62640.0,Manfred 2026
Manfred 2026,Data Scientist,Data Scientist,Senior,59600.0,ES,Spain,2026,64368.0,Manfred 2026
Manfred 2026,Data Scientist,Data Scientist,Senior,55700.0,ES,Spain,2026,60156.0,Manfred 2026
Manfred 2026,Data Scientist,Data Scientist,Senior,56700.0,ES,Spain,2026,61236.0,Manfred 2026
Manfred 2026,Data Scientist,Data Scientist,Senior,62400.0,ES,Spain,2026,67392.0,Manfred 2026
Manfred 2026,Data Scientist,Data Scientist,Senior,56700.0,ES,Spain,2026,61236.0,Manfred 2026
Manfred 2026,Data Scientist,Data Scientist,Senior,60700.0,ES,Spain,2026,65556.0,Manfred 2026
Manfred 2026,Data Scientist,Data Scientist,Senior,62800.0,ES,Spain,2026,67824.0,Manfred 2026
Manfred 2026,Data Scientist,Data Scientist,Senior,55400.0,ES,Spain,2026,59832.0,Manfred 2026
Manfred 2026,Data Scientist,Data Scientist,Senior,61200.0,ES,Spain,2026,66096.0,Manfred 2026
Manfred 2026,Data Scientist,Data Scientist,Senior,57800.0,ES,Spain,2026,62424.0,Manfred 2026
Manfred 2026,Data Scientist,Data Scientist,Senior,67400.0,ES,Spain,2026,72792.0,Manfred 2026
Manfred 2026,Data Scientist,Data Scientist,Senior,60300.0,ES,Spain,2026,65124.0,Manfred 2026
Manfred 2026,Data Scientist,Data Scientist,Senior,64100.0,ES,Spain,2026,69228.0,Manfred 2026
Manfred 2026,Data Scientist,Data Scientist,Senior,61000.0,ES,Spain,2026,65880.0,Manfred 2026
Manfred 2026,Data Scientist,Data Scientist,Senior,53800.0,ES,Spain,2026,58104.0,Manfred 2026
Manfred 2026,Data Scientist,Data Scientist,Senior,61900.0,ES,Spain,2026,66852.0,Manfred 2026
Manfred 2026,Data Scientist,Data Scientist,Senior,67000.0,ES,Spain,2026,72360.0,Manfred 2026
Manfred 2026,Data Scientist,Data Scientist,Senior,61500.0,ES,Spain,2026,66420.0,Manfred 2026
Manfred 2026,Data Scientist,Data Scientist,Senior,64300.0,ES,Spain,2026,69444.0,Manfred 2026
Manfred 2026,Data Scientist,Data Scientist,Senior,65400.0,ES,Spain,2026,70632.0,Manfred 2026
Manfred 2026,Data Scientist,Data Scientist,Senior,57400.0,ES,Spain,2026,61992.0,Manfred 2026
Manfred 2026,Data Scientist,Data Scientist,Senior,57200.0,ES,Spain,2026,61776.0,Manfred 2026
Manfred 2026,Data Scientist,Data Scientist,Senior,61600.0,ES,Spain,2026,66528.0,Manfred 2026
Manfred 2026,Data Scientist,Data Scientist,Senior,59600.0,ES,Spain,2026,64368.0,Manfred 2026
Manfred 2026,Data Scientist,Data Scientist,Senior,64600.0,ES,Spain,2026,69768.0,Manfred 2026
Manfred 2026,Data Scientist,Data Scientist,Senior,65800.0,ES,Spain,2026,71064.0,Manfred 2026
Manfred 2026,Data Scientist,Data Scientist,Senior,59000.0,ES,Spain,2026,63720.0,Manfred 2026
Manfred 2026,Data Scientist,Data Scientist,Senior,57500.0,ES,Spain,2026,62100.0,Manfred 2026
Manfred 2026,Data Scientist,Data Scientist,Senior,63700.0,ES,Spain,2026,68796.0,Manfred 2026
Manfred 2026,Data Scientist,Data Scientist,Senior,58000.0,ES,Spain,2026,62640.0,Manfred 2026
Manfred 2026,Data Scientist,Data Scientist,Senior,64300.0,ES,Spain,2026,69444.0,Manfred 2026
Manfred 2026,Data Scientist,Data Scientist,Senior,59700.0,ES,Spain,2026,64476.0,Manfred 2026
Manfred 2026,Data Scientist,Data Scientist,Senior,62300.0,ES,Spain,2026,67284.0,Manfred 2026
Manfred 2026,Data Scientist,Data Scientist,Senior,55200.0,ES,Spain,2026,59616.0,Manfred 2026
Manfred 2026,Data Scientist,Data Scientist,Senior,61800.0,ES,Spain,2026,66744.0,Manfred 2026
Manfred 2026,Data Scientist,Data Scientist,Senior,60000.0,ES,Spain,2026,64800.0,Manfred 2026
Manfred 2026,Data Scientist,Data Scientist,Senior,61400.0,ES,Spain,2026,66312.0,Manfred 2026
Manfred 2026,Data Scientist,Data Scientist,Senior,56500.0,ES,Spain,2026,61020.0,Manfred 2026
Manfred 2026,Data Scientist,Data Scientist,Senior,63100.0,ES,Spain,2026,68148.0,Manfred 2026
Manfred 2026,Data Scientist,Data Scientist,Senior,65000.0,ES,Spain,2026,70200.0,Manfred 2026
Manfred 2026,Data Scientist,Data Scientist,Senior,57300.0,ES,Spain,2026,61884.0,Manfred 2026
Manfred 2026,Data Scientist,Data Scientist,Senior,55200.0,ES,Spain,2026,59616.0,Manfred 2026
Manfred 2026,Data Scientist,Data Scientist,Senior,53100.0,ES,Spain,2026,57348.0,Manfred 2026
Manfred 2026,Data Scientist,Data Scientist,Senior,62000.0,ES,Spain,2026,66960.0,Manfred 2026
Manfred 2026,Data Scientist,Data Scientist,Senior,61600.0,ES,Spain,2026,66528.0,Manfred 2026
Manfred 2026,Data Scientist,Data Scientist,Senior,61000.0,ES,Spain,2026,65880.0,Manfred 2026
Manfred 2026,Data Scientist,Data Scientist,Lead,80900.0,ES,Spain,2026,87372.0,Manfred 2026
Manfred 2026,Data Scientist,Data Scientist,Lead,83800.0,ES,Spain,2026,90504.0,Manfred 2026
Manfred 2026,Data Scientist,Data Scientist,Lead,86900.0,ES,Spain,2026,93852.0,Manfred 2026
Manfred 2026,Data Scientist,Data Scientist,Lead,85500.0,ES,Spain,2026,92340.0,Manfred 2026
Manfred 2026,Data Scientist,Data Scientist,Lead,97700.0,ES,Spain,2026,105516.0,Manfred 2026
Manfred 2026,Data Scientist,Data Scientist,Lead,78600.0,ES,Spain,2026,84888.0,Manfred 2026
Manfred 2026,Data Scientist,Data Scientist,Lead,88700.0,ES,Spain,2026,95796.0,Manfred 2026
Manfred 2026,Data Scientist,Data Scientist,Lead,84000.0,ES,Spain,2026,90720.0,Manfred 2026
Manfred 2026,Data Scientist,Data Scientist,Lead,84400.0,ES,Spain,2026,91152.0,Manfred 2026
Manfred 2026,Data Scientist,Data Scientist,Lead,89100.0,ES,Spain,2026,96228.0,Manfred 2026
Manfred 2026,Data Scientist,Data Scientist,Lead,88600.0,ES,Spain,2026,95688.0,Manfred 2026
Manfred 2026,Data Scientist,Data Scientist,Lead,98100.0,ES,Spain,2026,105948.0,Manfred 2026
Manfred 2026,Data Scientist,Data Scientist,Lead,78300.0,ES,Spain,2026,84564.0,Manfred 2026
Manfred 2026,Data Scientist,Data Scientist,Lead,77600.0,ES,Spain,2026,83808.0,Manfred 2026
Manfred 2026,Data Scientist,Data Scientist,Lead,89200.0,ES,Spain,2026,96336.0,Manfred 2026
Manfred 2026,Data Scientist,Data Scientist,Lead,86700.0,ES,Spain,2026,93636.0,Manfred 2026
Manfred 2026,Data Scientist,Data Scientist,Lead,81700.0,ES,Spain,2026,88236.0,Manfred 2026
Manfred 2026,Data Scientist,Data Scientist,Lead,76800.0,ES,Spain,2026,82944.0,Manfred 2026
Manfred 2026,Data Scientist,Data Scientist,Lead,77000.0,ES,Spain,2026,83160.0,Manfred 2026
Manfred 2026,Data Scientist,Data Scientist,Lead,93300.0,ES,Spain,2026,100764.0,Manfred 2026
Manfred 2026,Data Analyst,Data Analyst,Junior,21500.0,ES,Spain,2026,23220.0,Manfred 2026
Manfred 2026,Data Analyst,Data Analyst,Junior,22000.0,ES,Spain,2026,23760.0,Manfred 2026
Manfred 2026,Data Analyst,Data Analyst,Junior,21700.0,ES,Spain,2026,23436.0,Manfred 2026
Manfred 2026,Data Analyst,Data Analyst,Junior,22100.0,ES,Spain,2026,23868.0,Manfred 2026
Manfred 2026,Data Analyst,Data Analyst,Junior,20900.0,ES,Spain,2026,22572.0,Manfred 2026
Manfred 2026,Data Analyst,Data Analyst,Junior,22500.0,ES,Spain,2026,24300.0,Manfred 2026
Manfred 2026,Data Analyst,Data Analyst,Junior,20900.0,ES,Spain,2026,22572.0,Manfred 2026
Manfred 2026,Data Analyst,Data Analyst,Junior,23400.0,ES,Spain,2026,25272.0,Manfred 2026
Manfred 2026,Data Analyst,Data Analyst,Junior,21700.0,ES,Spain,2026,23436.0,Manfred 2026
Manfred 2026,Data Analyst,Data Analyst,Junior,22600.0,ES,Spain,2026,24408.0,Manfred 2026
Manfred 2026,Data Analyst,Data Analyst,Junior,23800.0,ES,Spain,2026,25704.0,Manfred 2026
Manfred 2026,Data Analyst,Data Analyst,Junior,22900.0,ES,Spain,2026,24732.0,Manfred 2026
Manfred 2026,Data Analyst,Data Analyst,Junior,22600.0,ES,Spain,2026,24408.0,Manfred 2026
Manfred 2026,Data Analyst,Data Analyst,Junior,22000.0,ES,Spain,2026,23760.0,Manfred 2026
Manfred 2026,Data Analyst,Data Analyst,Junior,22000.0,ES,Spain,2026,23760.0,Manfred 2026
Manfred 2026,Data Analyst,Data Analyst,Junior,23000.0,ES,Spain,2026,24840.0,Manfred 2026
Manfred 2026,Data Analyst,Data Analyst,Junior,24700.0,ES,Spain,2026,26676.0,Manfred 2026
Manfred 2026,Data Analyst,Data Analyst,Junior,22900.0,ES,Spain,2026,24732.0,Manfred 2026
Manfred 2026,Data Analyst,Data Analyst,Junior,22600.0,ES,Spain,2026,24408.0,Manfred 2026
Manfred 2026,Data Analyst,Data Analyst,Junior,23200.0,ES,Spain,2026,25056.0,Manfred 2026
Manfred 2026,Data Analyst,Data Analyst,Junior,22400.0,ES,Spain,2026,24192.0,Manfred 2026
Manfred 2026,Data Analyst,Data Analyst,Junior,20900.0,ES,Spain,2026,22572.0,Manfred 2026
Manfred 2026,Data Analyst,Data Analyst,Junior,22700.0,ES,Spain,2026,24516.0,Manfred 2026
Manfred 2026,Data Analyst,Data Analyst,Junior,24300.0,ES,Spain,2026,26244.0,Manfred 2026
Manfred 2026,Data Analyst,Data Analyst,Junior,21500.0,ES,Spain,2026,23220.0,Manfred 2026
Manfred 2026,Data Analyst,Data Analyst,Junior,23000.0,ES,Spain,2026,24840.0,Manfred 2026
Manfred 2026,Data Analyst,Data Analyst,Junior,21600.0,ES,Spain,2026,23328.0,Manfred 2026
Manfred 2026,Data Analyst,Data Analyst,Junior,22600.0,ES,Spain,2026,24408.0,Manfred 2026
Manfred 2026,Data Analyst,Data Analyst,Junior,21100.0,ES,Spain,2026,22788.0,Manfred 2026
Manfred 2026,Data Analyst,Data Analyst,Junior,22400.0,ES,Spain,2026,24192.0,Manfred 2026
Manfred 2026,Data Analyst,Data Analyst,Junior,23300.0,ES,Spain,2026,25164.0,Manfred 2026
Manfred 2026,Data Analyst,Data Analyst,Junior,22100.0,ES,Spain,2026,23868.0,Manfred 2026
Manfred 2026,Data Analyst,Data Analyst,Junior,23000.0,ES,Spain,2026,24840.0,Manfred 2026
Manfred 2026,Data Analyst,Data Analyst,Junior,23400.0,ES,Spain,2026,25272.0,Manfred 2026
Manfred 2026,Data Analyst,Data Analyst,Junior,24000.0,ES,Spain,2026,25920.0,Manfred 2026
Manfred 2026,Data Analyst,Data Analyst,Junior,21700.0,ES,Spain,2026,23436.0,Manfred 2026
Manfred 2026,Data Analyst,Data Analyst,Junior,22200.0,ES,Spain,2026,23976.0,Manfred 2026
Manfred 2026,Data Analyst,Data Analyst,Junior,21400.0,ES,Spain,2026,23112.0,Manfred 2026
Manfred 2026,Data Analyst,Data Analyst,Junior,24700.0,ES,Spain,2026,26676.0,Manfred 2026
Manfred 2026,Data Analyst,Data Analyst,Junior,24000.0,ES,Spain,2026,25920.0,Manfred 2026
Manfred 2026,Data Analyst,Data Analyst,Junior,22600.0,ES,Spain,2026,24408.0,Manfred 2026
Manfred 2026,Data Analyst,Data Analyst,Junior,23600.0,ES,Spain,2026,25488.0,Manfred 2026
Manfred 2026,Data Analyst,Data Analyst,Junior,22600.0,ES,Spain,2026,24408.0,Manfred 2026
Manfred 2026,Data Analyst,Data Analyst,Junior,22800.0,ES,Spain,2026,24624.0,Manfred 2026
Manfred 2026,Data Analyst,Data Analyst,Junior,21100.0,ES,Spain,2026,22788.0,Manfred 2026
Manfred 2026,Data Analyst,Data Analyst,Junior,23300.0,ES,Spain,2026,25164.0,Manfred 2026
Manfred 2026,Data Analyst,Data Analyst,Junior,21300.0,ES,Spain,2026,23004.0,Manfred 2026
Manfred 2026,Data Analyst,Data Analyst,Junior,23500.0,ES,Spain,2026,25380.0,Manfred 2026
Manfred 2026,Data Analyst,Data Analyst,Junior,23300.0,ES,Spain,2026,25164.0,Manfred 2026
Manfred 2026,Data Analyst,Data Analyst,Junior,23100.0,ES,Spain,2026,24948.0,Manfred 2026
Manfred 2026,Data Analyst,Data Analyst,Mid,27200.0,ES,Spain,2026,29376.0,Manfred 2026
Manfred 2026,Data Analyst,Data Analyst,Mid,29500.0,ES,Spain,2026,31860.0,Manfred 2026
Manfred 2026,Data Analyst,Data Analyst,Mid,29300.0,ES,Spain,2026,31644.0,Manfred 2026
Manfred 2026,Data Analyst,Data Analyst,Mid,29800.0,ES,Spain,2026,32184.0,Manfred 2026
Manfred 2026,Data Analyst,Data Analyst,Mid,27900.0,ES,Spain,2026,30132.0,Manfred 2026
Manfred 2026,Data Analyst,Data Analyst,Mid,33400.0,ES,Spain,2026,36072.0,Manfred 2026
Manfred 2026,Data Analyst,Data Analyst,Mid,30700.0,ES,Spain,2026,33156.0,Manfred 2026
Manfred 2026,Data Analyst,Data Analyst,Mid,29500.0,ES,Spain,2026,31860.0,Manfred 2026
Manfred 2026,Data Analyst,Data Analyst,Mid,30000.0,ES,Spain,2026,32400.0,Manfred 2026
Manfred 2026,Data Analyst,Data Analyst,Mid,30300.0,ES,Spain,2026,32724.0,Manfred 2026
Manfred 2026,Data Analyst,Data Analyst,Mid,31000.0,ES,Spain,2026,33480.0,Manfred 2026
Manfred 2026,Data Analyst,Data Analyst,Mid,30600.0,ES,Spain,2026,33048.0,Manfred 2026
Manfred 2026,Data Analyst,Data Analyst,Mid,33200.0,ES,Spain,2026,35856.0,Manfred 2026
Manfred 2026,Data Analyst,Data Analyst,Mid,30500.0,ES,Spain,2026,32940.0,Manfred 2026
Manfred 2026,Data Analyst,Data Analyst,Mid,34400.0,ES,Spain,2026,37152.0,Manfred 2026
Manfred 2026,Data Analyst,Data Analyst,Mid,32500.0,ES,Spain,2026,35100.0,Manfred 2026
Manfred 2026,Data Analyst,Data Analyst,Mid,28900.0,ES,Spain,2026,31212.0,Manfred 2026
Manfred 2026,Data Analyst,Data Analyst,Mid,33300.0,ES,Spain,2026,35964.0,Manfred 2026
Manfred 2026,Data Analyst,Data Analyst,Mid,28200.0,ES,Spain,2026,30456.0,Manfred 2026
Manfred 2026,Data Analyst,Data Analyst,Mid,32300.0,ES,Spain,2026,34884.0,Manfred 2026
Manfred 2026,Data Analyst,Data Analyst,Mid,29900.0,ES,Spain,2026,32292.0,Manfred 2026
Manfred 2026,Data Analyst,Data Analyst,Mid,32800.0,ES,Spain,2026,35424.0,Manfred 2026
Manfred 2026,Data Analyst,Data Analyst,Mid,32700.0,ES,Spain,2026,35316.0,Manfred 2026
Manfred 2026,Data Analyst,Data Analyst,Mid,32200.0,ES,Spain,2026,34776.0,Manfred 2026
Manfred 2026,Data Analyst,Data Analyst,Mid,32100.0,ES,Spain,2026,34668.0,Manfred 2026
Manfred 2026,Data Analyst,Data Analyst,Mid,29500.0,ES,Spain,2026,31860.0,Manfred 2026
Manfred 2026,Data Analyst,Data Analyst,Mid,27800.0,ES,Spain,2026,30024.0,Manfred 2026
Manfred 2026,Data Analyst,Data Analyst,Mid,30000.0,ES,Spain,2026,32400.0,Manfred 2026
Manfred 2026,Data Analyst,Data Analyst,Mid,28700.0,ES,Spain,2026,30996.0,Manfred 2026
Manfred 2026,Data Analyst,Data Analyst,Mid,31500.0,ES,Spain,2026,34020.0,Manfred 2026
Manfred 2026,Data Analyst,Data Analyst,Mid,29700.0,ES,Spain,2026,32076.0,Manfred 2026
Manfred 2026,Data Analyst,Data Analyst,Mid,34000.0,ES,Spain,2026,36720.0,Manfred 2026
Manfred 2026,Data Analyst,Data Analyst,Mid,31200.0,ES,Spain,2026,33696.0,Manfred 2026
Manfred 2026,Data Analyst,Data Analyst,Mid,32300.0,ES,Spain,2026,34884.0,Manfred 2026
Manfred 2026,Data Analyst,Data Analyst,Mid,28300.0,ES,Spain,2026,30564.0,Manfred 2026
Manfred 2026,Data Analyst,Data Analyst,Mid,32600.0,ES,Spain,2026,35208.0,Manfred 2026
Manfred 2026,Data Analyst,Data Analyst,Mid,33200.0,ES,Spain,2026,35856.0,Manfred 2026
Manfred 2026,Data Analyst,Data Analyst,Mid,30400.0,ES,Spain,2026,32832.0,Manfred 2026
Manfred 2026,Data Analyst,Data Analyst,Mid,31000.0,ES,Spain,2026,33480.0,Manfred 2026
Manfred 2026,Data Analyst,Data Analyst,Mid,31900.0,ES,Spain,2026,34452.0,Manfred 2026
Manfred 2026,Data Analyst,Data Analyst,Mid,28700.0,ES,Spain,2026,30996.0,Manfred 2026
Manfred 2026,Data Analyst,Data Analyst,Mid,30500.0,ES,Spain,2026,32940.0,Manfred 2026
Manfred 2026,Data Analyst,Data Analyst,Mid,30000.0,ES,Spain,2026,32400.0,Manfred 2026
Manfred 2026,Data Analyst,Data Analyst,Mid,28400.0,ES,Spain,2026,30672.0,Manfred 2026
Manfred 2026,Data Analyst,Data Analyst,Mid,29900.0,ES,Spain,2026,32292.0,Manfred 2026
Manfred 2026,Data Analyst,Data Analyst,Mid,27700.0,ES,Spain,2026,29916.0,Manfred 2026
Manfred 2026,Data Analyst,Data Analyst,Mid,27000.0,ES,Spain,2026,29160.0,Manfred 2026
Manfred 2026,Data Analyst,Data Analyst,Mid,28300.0,ES,Spain,2026,30564.0,Manfred 2026
Manfred 2026,Data Analyst,Data Analyst,Mid,33800.0,ES,Spain,2026,36504.0,Manfred 2026
Manfred 2026,Data Analyst,Data Analyst,Mid,30700.0,ES,Spain,2026,33156.0,Manfred 2026
Manfred 2026,Data Analyst,Data Analyst,Mid,33800.0,ES,Spain,2026,36504.0,Manfred 2026
Manfred 2026,Data Analyst,Data Analyst,Mid,30200.0,ES,Spain,2026,32616.0,Manfred 2026
Manfred 2026,Data Analyst,Data Analyst,Mid,29600.0,ES,Spain,2026,31968.0,Manfred 2026
Manfred 2026,Data Analyst,Data Analyst,Mid,30500.0,ES,Spain,2026,32940.0,Manfred 2026
Manfred 2026,Data Analyst,Data Analyst,Mid,30200.0,ES,Spain,2026,32616.0,Manfred 2026
Manfred 2026,Data Analyst,Data Analyst,Mid,28100.0,ES,Spain,2026,30348.0,Manfred 2026
Manfred 2026,Data Analyst,Data Analyst,Mid,31200.0,ES,Spain,2026,33696.0,Manfred 2026
Manfred 2026,Data Analyst,Data Analyst,Mid,29000.0,ES,Spain,2026,31320.0,Manfred 2026
Manfred 2026,Data Analyst,Data Analyst,Mid,31100.0,ES,Spain,2026,33588.0,Manfred 2026
Manfred 2026,Data Analyst,Data Analyst,Mid,31200.0,ES,Spain,2026,33696.0,Manfred 2026
Manfred 2026,Data Analyst,Data Analyst,Mid,28500.0,ES,Spain,2026,30780.0,Manfred 2026
Manfred 2026,Data Analyst,Data Analyst,Mid,27600.0,ES,Spain,2026,29808.0,Manfred 2026
Manfred 2026,Data Analyst,Data Analyst,Mid,32000.0,ES,Spain,2026,34560.0,Manfred 2026
Manfred 2026,Data Analyst,Data Analyst,Mid,30300.0,ES,Spain,2026,32724.0,Manfred 2026
Manfred 2026,Data Analyst,Data Analyst,Mid,27500.0,ES,Spain,2026,29700.0,Manfred 2026
Manfred 2026,Data Analyst,Data Analyst,Mid,34500.0,ES,Spain,2026,37260.0,Manfred 2026
Manfred 2026,Data Analyst,Data Analyst,Mid,27500.0,ES,Spain,2026,29700.0,Manfred 2026
Manfred 2026,Data Analyst,Data Analyst,Mid,31500.0,ES,Spain,2026,34020.0,Manfred 2026
Manfred 2026,Data Analyst,Data Analyst,Mid,34200.0,ES,Spain,2026,36936.0,Manfred 2026
Manfred 2026,Data Analyst,Data Analyst,Mid,29100.0,ES,Spain,2026,31428.0,Manfred 2026
Manfred 2026,Data Analyst,Data Analyst,Senior,37600.0,ES,Spain,2026,40608.0,Manfred 2026
Manfred 2026,Data Analyst,Data Analyst,Senior,37500.0,ES,Spain,2026,40500.0,Manfred 2026
Manfred 2026,Data Analyst,Data Analyst,Senior,38300.0,ES,Spain,2026,41364.0,Manfred 2026
Manfred 2026,Data Analyst,Data Analyst,Senior,37300.0,ES,Spain,2026,40284.0,Manfred 2026
Manfred 2026,Data Analyst,Data Analyst,Senior,39600.0,ES,Spain,2026,42768.0,Manfred 2026
Manfred 2026,Data Analyst,Data Analyst,Senior,37100.0,ES,Spain,2026,40068.0,Manfred 2026
Manfred 2026,Data Analyst,Data Analyst,Senior,39000.0,ES,Spain,2026,42120.0,Manfred 2026
Manfred 2026,Data Analyst,Data Analyst,Senior,41800.0,ES,Spain,2026,45144.0,Manfred 2026
Manfred 2026,Data Analyst,Data Analyst,Senior,40200.0,ES,Spain,2026,43416.0,Manfred 2026
Manfred 2026,Data Analyst,Data Analyst,Senior,39400.0,ES,Spain,2026,42552.0,Manfred 2026
Manfred 2026,Data Analyst,Data Analyst,Senior,38300.0,ES,Spain,2026,41364.0,Manfred 2026
Manfred 2026,Data Analyst,Data Analyst,Senior,39400.0,ES,Spain,2026,42552.0,Manfred 2026
Manfred 2026,Data Analyst,Data Analyst,Senior,39100.0,ES,Spain,2026,42228.0,Manfred 2026
Manfred 2026,Data Analyst,Data Analyst,Senior,38800.0,ES,Spain,2026,41904.0,Manfred 2026
Manfred 2026,Data Analyst,Data Analyst,Senior,37500.0,ES,Spain,2026,40500.0,Manfred 2026
Manfred 2026,Data Analyst,Data Analyst,Senior,40600.0,ES,Spain,2026,43848.0,Manfred 2026
Manfred 2026,Data Analyst,Data Analyst,Senior,38800.0,ES,Spain,2026,41904.0,Manfred 2026
Manfred 2026,Data Analyst,Data Analyst,Senior,37900.0,ES,Spain,2026,40932.0,Manfred 2026
Manfred 2026,Data Analyst,Data Analyst,Senior,38600.0,ES,Spain,2026,41688.0,Manfred 2026
Manfred 2026,Data Analyst,Data Analyst,Senior,38700.0,ES,Spain,2026,41796.0,Manfred 2026
Manfred 2026,Data Analyst,Data Analyst,Senior,40200.0,ES,Spain,2026,43416.0,Manfred 2026
Manfred 2026,Data Analyst,Data Analyst,Senior,39800.0,ES,Spain,2026,42984.0,Manfred 2026
Manfred 2026,Data Analyst,Data Analyst,Senior,40000.0,ES,Spain,2026,43200.0,Manfred 2026
Manfred 2026,Data Analyst,Data Analyst,Senior,36400.0,ES,Spain,2026,39312.0,Manfred 2026
Manfred 2026,Data Analyst,Data Analyst,Senior,38700.0,ES,Spain,2026,41796.0,Manfred 2026
Manfred 2026,Data Analyst,Data Analyst,Senior,38900.0,ES,Spain,2026,42012.0,Manfred 2026
Manfred 2026,Data Analyst,Data Analyst,Senior,36600.0,ES,Spain,2026,39528.0,Manfred 2026
Manfred 2026,Data Analyst,Data Analyst,Senior,38200.0,ES,Spain,2026,41256.0,Manfred 2026
Manfred 2026,Data Analyst,Data Analyst,Senior,39900.0,ES,Spain,2026,43092.0,Manfred 2026
Manfred 2026,Data Analyst,Data Analyst,Senior,37600.0,ES,Spain,2026,40608.0,Manfred 2026
Manfred 2026,Data Analyst,Data Analyst,Senior,39100.0,ES,Spain,2026,42228.0,Manfred 2026
Manfred 2026,Data Analyst,Data Analyst,Senior,38000.0,ES,Spain,2026,41040.0,Manfred 2026
Manfred 2026,Data Analyst,Data Analyst,Senior,36500.0,ES,Spain,2026,39420.0,Manfred 2026
Manfred 2026,Data Analyst,Data Analyst,Senior,38100.0,ES,Spain,2026,41148.0,Manfred 2026
Manfred 2026,Data Analyst,Data Analyst,Senior,41300.0,ES,Spain,2026,44604.0,Manfred 2026
Manfred 2026,Data Analyst,Data Analyst,Senior,40100.0,ES,Spain,2026,43308.0,Manfred 2026
Manfred 2026,Data Analyst,Data Analyst,Senior,41100.0,ES,Spain,2026,44388.0,Manfred 2026
Manfred 2026,Data Analyst,Data Analyst,Senior,39000.0,ES,Spain,2026,42120.0,Manfred 2026
Manfred 2026,Data Analyst,Data Analyst,Senior,37400.0,ES,Spain,2026,40392.0,Manfred 2026
Manfred 2026,Data Analyst,Data Analyst,Senior,39100.0,ES,Spain,2026,42228.0,Manfred 2026
Manfred 2026,Data Analyst,Data Analyst,Senior,38900.0,ES,Spain,2026,42012.0,Manfred 2026
Manfred 2026,Data Analyst,Data Analyst,Senior,40300.0,ES,Spain,2026,43524.0,Manfred 2026
Manfred 2026,Data Analyst,Data Analyst,Senior,37300.0,ES,Spain,2026,40284.0,Manfred 2026
Manfred 2026,Data Analyst,Data Analyst,Senior,39000.0,ES,Spain,2026,42120.0,Manfred 2026
Manfred 2026,Data Analyst,Data Analyst,Senior,37600.0,ES,Spain,2026,40608.0,Manfred 2026
Manfred 2026,Data Analyst,Data Analyst,Senior,38400.0,ES,Spain,2026,41472.0,Manfred 2026
Manfred 2026,Data Analyst,Data Analyst,Senior,39800.0,ES,Spain,2026,42984.0,Manfred 2026
Manfred 2026,Data Analyst,Data Analyst,Senior,38900.0,ES,Spain,2026,42012.0,Manfred 2026
Manfred 2026,Data Analyst,Data Analyst,Senior,38600.0,ES,Spain,2026,41688.0,Manfred 2026
Manfred 2026,Data Analyst,Data Analyst,Senior,38700.0,ES,Spain,2026,41796.0,Manfred 2026
Manfred 2026,Data Analyst,Data Analyst,Senior,38900.0,ES,Spain,2026,42012.0,Manfred 2026
Manfred 2026,Data Analyst,Data Analyst,Senior,40000.0,ES,Spain,2026,43200.0,Manfred 2026
Manfred 2026,Data Analyst,Data Analyst,Senior,40600.0,ES,Spain,2026,43848.0,Manfred 2026
Manfred 2026,Data Analyst,Data Analyst,Senior,41100.0,ES,Spain,2026,44388.0,Manfred 2026
Manfred 2026,Data Analyst,Data Analyst,Senior,40000.0,ES,Spain,2026,43200.0,Manfred 2026
Manfred 2026,Data Analyst,Data Analyst,Senior,38400.0,ES,Spain,2026,41472.0,Manfred 2026
Manfred 2026,Data Analyst,Data Analyst,Senior,39600.0,ES,Spain,2026,42768.0,Manfred 2026
Manfred 2026,Data Analyst,Data Analyst,Senior,38800.0,ES,Spain,2026,41904.0,Manfred 2026
Manfred 2026,Data Analyst,Data Analyst,Senior,38100.0,ES,Spain,2026,41148.0,Manfred 2026
Manfred 2026,Data Analyst,Data Analyst,Senior,40300.0,ES,Spain,2026,43524.0,Manfred 2026
Manfred 2026,Data Analyst,Data Analyst,Lead,44000.0,ES,Spain,2026,47520.0,Manfred 2026
Manfred 2026,Data Analyst,Data Analyst,Lead,48400.0,ES,Spain,2026,52272.0,Manfred 2026
Manfred 2026,Data Analyst,Data Analyst,Lead,46400.0,ES,Spain,2026,50112.0,Manfred 2026
Manfred 2026,Data Analyst,Data Analyst,Lead,47000.0,ES,Spain,2026,50760.0,Manfred 2026
Manfred 2026,Data Analyst,Data Analyst,Lead,47100.0,ES,Spain,2026,50868.0,Manfred 2026
Manfred 2026,Data Analyst,Data Analyst,Lead,48400.0,ES,Spain,2026,52272.0,Manfred 2026
Manfred 2026,Data Analyst,Data Analyst,Lead,47000.0,ES,Spain,2026,50760.0,Manfred 2026
Manfred 2026,Data Analyst,Data Analyst,Lead,46900.0,ES,Spain,2026,50652.0,Manfred 2026
Manfred 2026,Data Analyst,Data Analyst,Lead,44300.0,ES,Spain,2026,47844.0,Manfred 2026
Manfred 2026,Data Analyst,Data Analyst,Lead,46600.0,ES,Spain,2026,50328.0,Manfred 2026
Manfred 2026,Data Analyst,Data Analyst,Lead,44900.0,ES,Spain,2026,48492.0,Manfred 2026
Manfred 2026,Data Analyst,Data Analyst,Lead,47500.0,ES,Spain,2026,51300.0,Manfred 2026
Manfred 2026,Data Analyst,Data Analyst,Lead,46500.0,ES,Spain,2026,50220.0,Manfred 2026
Manfred 2026,Data Analyst,Data Analyst,Lead,47200.0,ES,Spain,2026,50976.0,Manfred 2026
Manfred 2026,Data Analyst,Data Analyst,Lead,44000.0,ES,Spain,2026,47520.0,Manfred 2026
Manfred 2026,Data Analyst,Data Analyst,Lead,44400.0,ES,Spain,2026,47952.0,Manfred 2026
Manfred 2026,Data Analyst,Data Analyst,Lead,47400.0,ES,Spain,2026,51192.0,Manfred 2026
Manfred 2026,Data Analyst,Data Analyst,Lead,44300.0,ES,Spain,2026,47844.0,Manfred 2026
Manfred 2026,Data Analyst,Data Analyst,Lead,44300.0,ES,Spain,2026,47844.0,Manfred 2026
Manfred 2026,Data Analyst,Data Analyst,Lead,43500.0,ES,Spain,2026,46980.0,Manfred 2026
Manfred 2026,ML Engineer,ML Engineer,Junior,33500.0,ES,Spain,2026,36180.0,Manfred 2026
Manfred 2026,ML Engineer,ML Engineer,Junior,31400.0,ES,Spain,2026,33912.0,Manfred 2026
Manfred 2026,ML Engineer,ML Engineer,Junior,29200.0,ES,Spain,2026,31536.0,Manfred 2026
Manfred 2026,ML Engineer,ML Engineer,Junior,28900.0,ES,Spain,2026,31212.0,Manfred 2026
Manfred 2026,ML Engineer,ML Engineer,Junior,29200.0,ES,Spain,2026,31536.0,Manfred 2026
Manfred 2026,ML Engineer,ML Engineer,Junior,31600.0,ES,Spain,2026,34128.0,Manfred 2026
Manfred 2026,ML Engineer,ML Engineer,Junior,30900.0,ES,Spain,2026,33372.0,Manfred 2026
Manfred 2026,ML Engineer,ML Engineer,Junior,28000.0,ES,Spain,2026,30240.0,Manfred 2026
Manfred 2026,ML Engineer,ML Engineer,Junior,28000.0,ES,Spain,2026,30240.0,Manfred 2026
Manfred 2026,ML Engineer,ML Engineer,Junior,27200.0,ES,Spain,2026,29376.0,Manfred 2026
Manfred 2026,ML Engineer,ML Engineer,Junior,30900.0,ES,Spain,2026,33372.0,Manfred 2026
Manfred 2026,ML Engineer,ML Engineer,Junior,31600.0,ES,Spain,2026,34128.0,Manfred 2026
Manfred 2026,ML Engineer,ML Engineer,Junior,28600.0,ES,Spain,2026,30888.0,Manfred 2026
Manfred 2026,ML Engineer,ML Engineer,Junior,26000.0,ES,Spain,2026,28080.0,Manfred 2026
Manfred 2026,ML Engineer,ML Engineer,Junior,27000.0,ES,Spain,2026,29160.0,Manfred 2026
Manfred 2026,ML Engineer,ML Engineer,Junior,33700.0,ES,Spain,2026,36396.0,Manfred 2026
Manfred 2026,ML Engineer,ML Engineer,Junior,28800.0,ES,Spain,2026,31104.0,Manfred 2026
Manfred 2026,ML Engineer,ML Engineer,Junior,31600.0,ES,Spain,2026,34128.0,Manfred 2026
Manfred 2026,ML Engineer,ML Engineer,Junior,30700.0,ES,Spain,2026,33156.0,Manfred 2026
Manfred 2026,ML Engineer,ML Engineer,Junior,29400.0,ES,Spain,2026,31752.0,Manfred 2026
Manfred 2026,ML Engineer,ML Engineer,Junior,28200.0,ES,Spain,2026,30456.0,Manfred 2026
Manfred 2026,ML Engineer,ML Engineer,Junior,27500.0,ES,Spain,2026,29700.0,Manfred 2026
Manfred 2026,ML Engineer,ML Engineer,Junior,30600.0,ES,Spain,2026,33048.0,Manfred 2026
Manfred 2026,ML Engineer,ML Engineer,Junior,31600.0,ES,Spain,2026,34128.0,Manfred 2026
Manfred 2026,ML Engineer,ML Engineer,Junior,30800.0,ES,Spain,2026,33264.0,Manfred 2026
Manfred 2026,ML Engineer,ML Engineer,Junior,30200.0,ES,Spain,2026,32616.0,Manfred 2026
Manfred 2026,ML Engineer,ML Engineer,Junior,26400.0,ES,Spain,2026,28512.0,Manfred 2026
Manfred 2026,ML Engineer,ML Engineer,Junior,33700.0,ES,Spain,2026,36396.0,Manfred 2026
Manfred 2026,ML Engineer,ML Engineer,Junior,31800.0,ES,Spain,2026,34344.0,Manfred 2026
Manfred 2026,ML Engineer,ML Engineer,Junior,28800.0,ES,Spain,2026,31104.0,Manfred 2026
Manfred 2026,ML Engineer,ML Engineer,Junior,34000.0,ES,Spain,2026,36720.0,Manfred 2026
Manfred 2026,ML Engineer,ML Engineer,Junior,30500.0,ES,Spain,2026,32940.0,Manfred 2026
Manfred 2026,ML Engineer,ML Engineer,Junior,30400.0,ES,Spain,2026,32832.0,Manfred 2026
Manfred 2026,ML Engineer,ML Engineer,Junior,31500.0,ES,Spain,2026,34020.0,Manfred 2026
Manfred 2026,ML Engineer,ML Engineer,Junior,31900.0,ES,Spain,2026,34452.0,Manfred 2026
Manfred 2026,ML Engineer,ML Engineer,Junior,30900.0,ES,Spain,2026,33372.0,Manfred 2026
Manfred 2026,ML Engineer,ML Engineer,Junior,27500.0,ES,Spain,2026,29700.0,Manfred 2026
Manfred 2026,ML Engineer,ML Engineer,Junior,29100.0,ES,Spain,2026,31428.0,Manfred 2026
Manfred 2026,ML Engineer,ML Engineer,Junior,33100.0,ES,Spain,2026,35748.0,Manfred 2026
Manfred 2026,ML Engineer,ML Engineer,Junior,28400.0,ES,Spain,2026,30672.0,Manfred 2026
Manfred 2026,ML Engineer,ML Engineer,Junior,29300.0,ES,Spain,2026,31644.0,Manfred 2026
Manfred 2026,ML Engineer,ML Engineer,Junior,29600.0,ES,Spain,2026,31968.0,Manfred 2026
Manfred 2026,ML Engineer,ML Engineer,Junior,29700.0,ES,Spain,2026,32076.0,Manfred 2026
Manfred 2026,ML Engineer,ML Engineer,Junior,30600.0,ES,Spain,2026,33048.0,Manfred 2026
Manfred 2026,ML Engineer,ML Engineer,Junior,33300.0,ES,Spain,2026,35964.0,Manfred 2026
Manfred 2026,ML Engineer,ML Engineer,Junior,28500.0,ES,Spain,2026,30780.0,Manfred 2026
Manfred 2026,ML Engineer,ML Engineer,Junior,27500.0,ES,Spain,2026,29700.0,Manfred 2026
Manfred 2026,ML Engineer,ML Engineer,Junior,28100.0,ES,Spain,2026,30348.0,Manfred 2026
Manfred 2026,ML Engineer,ML Engineer,Junior,32600.0,ES,Spain,2026,35208.0,Manfred 2026
Manfred 2026,ML Engineer,ML Engineer,Junior,30800.0,ES,Spain,2026,33264.0,Manfred 2026
Manfred 2026,ML Engineer,ML Engineer,Mid,41300.0,ES,Spain,2026,44604.0,Manfred 2026
Manfred 2026,ML Engineer,ML Engineer,Mid,45800.0,ES,Spain,2026,49464.0,Manfred 2026
Manfred 2026,ML Engineer,ML Engineer,Mid,46300.0,ES,Spain,2026,50004.0,Manfred 2026
Manfred 2026,ML Engineer,ML Engineer,Mid,46100.0,ES,Spain,2026,49788.0,Manfred 2026
Manfred 2026,ML Engineer,ML Engineer,Mid,47200.0,ES,Spain,2026,50976.0,Manfred 2026
Manfred 2026,ML Engineer,ML Engineer,Mid,41000.0,ES,Spain,2026,44280.0,Manfred 2026
Manfred 2026,ML Engineer,ML Engineer,Mid,45100.0,ES,Spain,2026,48708.0,Manfred 2026
Manfred 2026,ML Engineer,ML Engineer,Mid,42700.0,ES,Spain,2026,46116.0,Manfred 2026
Manfred 2026,ML Engineer,ML Engineer,Mid,46100.0,ES,Spain,2026,49788.0,Manfred 2026
Manfred 2026,ML Engineer,ML Engineer,Mid,44800.0,ES,Spain,2026,48384.0,Manfred 2026
Manfred 2026,ML Engineer,ML Engineer,Mid,45300.0,ES,Spain,2026,48924.0,Manfred 2026
Manfred 2026,ML Engineer,ML Engineer,Mid,44200.0,ES,Spain,2026,47736.0,Manfred 2026
Manfred 2026,ML Engineer,ML Engineer,Mid,40200.0,ES,Spain,2026,43416.0,Manfred 2026
Manfred 2026,ML Engineer,ML Engineer,Mid,43300.0,ES,Spain,2026,46764.0,Manfred 2026
Manfred 2026,ML Engineer,ML Engineer,Mid,48800.0,ES,Spain,2026,52704.0,Manfred 2026
Manfred 2026,ML Engineer,ML Engineer,Mid,47500.0,ES,Spain,2026,51300.0,Manfred 2026
Manfred 2026,ML Engineer,ML Engineer,Mid,38100.0,ES,Spain,2026,41148.0,Manfred 2026
Manfred 2026,ML Engineer,ML Engineer,Mid,40000.0,ES,Spain,2026,43200.0,Manfred 2026
Manfred 2026,ML Engineer,ML Engineer,Mid,39600.0,ES,Spain,2026,42768.0,Manfred 2026
Manfred 2026,ML Engineer,ML Engineer,Mid,44800.0,ES,Spain,2026,48384.0,Manfred 2026
Manfred 2026,ML Engineer,ML Engineer,Mid,45800.0,ES,Spain,2026,49464.0,Manfred 2026
Manfred 2026,ML Engineer,ML Engineer,Mid,40600.0,ES,Spain,2026,43848.0,Manfred 2026
Manfred 2026,ML Engineer,ML Engineer,Mid,43000.0,ES,Spain,2026,46440.0,Manfred 2026
Manfred 2026,ML Engineer,ML Engineer,Mid,46000.0,ES,Spain,2026,49680.0,Manfred 2026
Manfred 2026,ML Engineer,ML Engineer,Mid,44900.0,ES,Spain,2026,48492.0,Manfred 2026
Manfred 2026,ML Engineer,ML Engineer,Mid,43300.0,ES,Spain,2026,46764.0,Manfred 2026
Manfred 2026,ML Engineer,ML Engineer,Mid,43700.0,ES,Spain,2026,47196.0,Manfred 2026
Manfred 2026,ML Engineer,ML Engineer,Mid,43100.0,ES,Spain,2026,46548.0,Manfred 2026
Manfred 2026,ML Engineer,ML Engineer,Mid,41400.0,ES,Spain,2026,44712.0,Manfred 2026
Manfred 2026,ML Engineer,ML Engineer,Mid,43500.0,ES,Spain,2026,46980.0,Manfred 2026
Manfred 2026,ML Engineer,ML Engineer,Mid,44500.0,ES,Spain,2026,48060.0,Manfred 2026
Manfred 2026,ML Engineer,ML Engineer,Mid,46500.0,ES,Spain,2026,50220.0,Manfred 2026
Manfred 2026,ML Engineer,ML Engineer,Mid,44000.0,ES,Spain,2026,47520.0,Manfred 2026
Manfred 2026,ML Engineer,ML Engineer,Mid,45200.0,ES,Spain,2026,48816.0,Manfred 2026
Manfred 2026,ML Engineer,ML Engineer,Mid,40000.0,ES,Spain,2026,43200.0,Manfred 2026
Manfred 2026,ML Engineer,ML Engineer,Mid,42700.0,ES,Spain,2026,46116.0,Manfred 2026
Manfred 2026,ML Engineer,ML Engineer,Mid,37000.0,ES,Spain,2026,39960.0,Manfred 2026
Manfred 2026,ML Engineer,ML Engineer,Mid,40900.0,ES,Spain,2026,44172.0,Manfred 2026
Manfred 2026,ML Engineer,ML Engineer,Mid,44800.0,ES,Spain,2026,48384.0,Manfred 2026
Manfred 2026,ML Engineer,ML Engineer,Mid,49100.0,ES,Spain,2026,53028.0,Manfred 2026
Manfred 2026,ML Engineer,ML Engineer,Mid,39100.0,ES,Spain,2026,42228.0,Manfred 2026
Manfred 2026,ML Engineer,ML Engineer,Mid,42300.0,ES,Spain,2026,45684.0,Manfred 2026
Manfred 2026,ML Engineer,ML Engineer,Mid,45600.0,ES,Spain,2026,49248.0,Manfred 2026
Manfred 2026,ML Engineer,ML Engineer,Mid,40500.0,ES,Spain,2026,43740.0,Manfred 2026
Manfred 2026,ML Engineer,ML Engineer,Mid,43400.0,ES,Spain,2026,46872.0,Manfred 2026
Manfred 2026,ML Engineer,ML Engineer,Mid,44900.0,ES,Spain,2026,48492.0,Manfred 2026
Manfred 2026,ML Engineer,ML Engineer,Mid,43900.0,ES,Spain,2026,47412.0,Manfred 2026
Manfred 2026,ML Engineer,ML Engineer,Mid,40300.0,ES,Spain,2026,43524.0,Manfred 2026
Manfred 2026,ML Engineer,ML Engineer,Mid,41900.0,ES,Spain,2026,45252.0,Manfred 2026
Manfred 2026,ML Engineer,ML Engineer,Mid,45400.0,ES,Spain,2026,49032.0,Manfred 2026
Manfred 2026,ML Engineer,ML Engineer,Mid,43400.0,ES,Spain,2026,46872.0,Manfred 2026
Manfred 2026,ML Engineer,ML Engineer,Mid,36700.0,ES,Spain,2026,39636.0,Manfred 2026
Manfred 2026,ML Engineer,ML Engineer,Mid,45200.0,ES,Spain,2026,48816.0,Manfred 2026
Manfred 2026,ML Engineer,ML Engineer,Mid,37900.0,ES,Spain,2026,40932.0,Manfred 2026
Manfred 2026,ML Engineer,ML Engineer,Mid,45000.0,ES,Spain,2026,48600.0,Manfred 2026
Manfred 2026,ML Engineer,ML Engineer,Mid,40500.0,ES,Spain,2026,43740.0,Manfred 2026
Manfred 2026,ML Engineer,ML Engineer,Mid,48000.0,ES,Spain,2026,51840.0,Manfred 2026
Manfred 2026,ML Engineer,ML Engineer,Mid,42000.0,ES,Spain,2026,45360.0,Manfred 2026
Manfred 2026,ML Engineer,ML Engineer,Mid,41700.0,ES,Spain,2026,45036.0,Manfred 2026
Manfred 2026,ML Engineer,ML Engineer,Mid,39800.0,ES,Spain,2026,42984.0,Manfred 2026
Manfred 2026,ML Engineer,ML Engineer,Mid,41500.0,ES,Spain,2026,44820.0,Manfred 2026
Manfred 2026,ML Engineer,ML Engineer,Mid,46500.0,ES,Spain,2026,50220.0,Manfred 2026
Manfred 2026,ML Engineer,ML Engineer,Mid,49400.0,ES,Spain,2026,53352.0,Manfred 2026
Manfred 2026,ML Engineer,ML Engineer,Mid,42000.0,ES,Spain,2026,45360.0,Manfred 2026
Manfred 2026,ML Engineer,ML Engineer,Mid,42600.0,ES,Spain,2026,46008.0,Manfred 2026
Manfred 2026,ML Engineer,ML Engineer,Mid,44800.0,ES,Spain,2026,48384.0,Manfred 2026
Manfred 2026,ML Engineer,ML Engineer,Mid,46700.0,ES,Spain,2026,50436.0,Manfred 2026
Manfred 2026,ML Engineer,ML Engineer,Mid,43700.0,ES,Spain,2026,47196.0,Manfred 2026
Manfred 2026,ML Engineer,ML Engineer,Mid,42200.0,ES,Spain,2026,45576.0,Manfred 2026
Manfred 2026,ML Engineer,ML Engineer,Mid,42400.0,ES,Spain,2026,45792.0,Manfred 2026
Manfred 2026,ML Engineer,ML Engineer,Senior,65600.0,ES,Spain,2026,70848.0,Manfred 2026
Manfred 2026,ML Engineer,ML Engineer,Senior,52000.0,ES,Spain,2026,56160.0,Manfred 2026
Manfred 2026,ML Engineer,ML Engineer,Senior,64500.0,ES,Spain,2026,69660.0,Manfred 2026
Manfred 2026,ML Engineer,ML Engineer,Senior,61100.0,ES,Spain,2026,65988.0,Manfred 2026
Manfred 2026,ML Engineer,ML Engineer,Senior,67300.0,ES,Spain,2026,72684.0,Manfred 2026
Manfred 2026,ML Engineer,ML Engineer,Senior,56200.0,ES,Spain,2026,60696.0,Manfred 2026
Manfred 2026,ML Engineer,ML Engineer,Senior,64100.0,ES,Spain,2026,69228.0,Manfred 2026
Manfred 2026,ML Engineer,ML Engineer,Senior,62800.0,ES,Spain,2026,67824.0,Manfred 2026
Manfred 2026,ML Engineer,ML Engineer,Senior,64900.0,ES,Spain,2026,70092.0,Manfred 2026
Manfred 2026,ML Engineer,ML Engineer,Senior,55300.0,ES,Spain,2026,59724.0,Manfred 2026
Manfred 2026,ML Engineer,ML Engineer,Senior,64000.0,ES,Spain,2026,69120.0,Manfred 2026
Manfred 2026,ML Engineer,ML Engineer,Senior,63800.0,ES,Spain,2026,68904.0,Manfred 2026
Manfred 2026,ML Engineer,ML Engineer,Senior,63800.0,ES,Spain,2026,68904.0,Manfred 2026
Manfred 2026,ML Engineer,ML Engineer,Senior,64300.0,ES,Spain,2026,69444.0,Manfred 2026
Manfred 2026,ML Engineer,ML Engineer,Senior,65300.0,ES,Spain,2026,70524.0,Manfred 2026
Manfred 2026,ML Engineer,ML Engineer,Senior,67500.0,ES,Spain,2026,72900.0,Manfred 2026
Manfred 2026,ML Engineer,ML Engineer,Senior,59800.0,ES,Spain,2026,64584.0,Manfred 2026
Manfred 2026,ML Engineer,ML Engineer,Senior,67900.0,ES,Spain,2026,73332.0,Manfred 2026
Manfred 2026,ML Engineer,ML Engineer,Senior,63000.0,ES,Spain,2026,68040.0,Manfred 2026
Manfred 2026,ML Engineer,ML Engineer,Senior,55700.0,ES,Spain,2026,60156.0,Manfred 2026
Manfred 2026,ML Engineer,ML Engineer,Senior,55100.0,ES,Spain,2026,59508.0,Manfred 2026
Manfred 2026,ML Engineer,ML Engineer,Senior,60800.0,ES,Spain,2026,65664.0,Manfred 2026
Manfred 2026,ML Engineer,ML Engineer,Senior,67100.0,ES,Spain,2026,72468.0,Manfred 2026
Manfred 2026,ML Engineer,ML Engineer,Senior,65800.0,ES,Spain,2026,71064.0,Manfred 2026
Manfred 2026,ML Engineer,ML Engineer,Senior,67200.0,ES,Spain,2026,72576.0,Manfred 2026
Manfred 2026,ML Engineer,ML Engineer,Senior,63200.0,ES,Spain,2026,68256.0,Manfred 2026
Manfred 2026,ML Engineer,ML Engineer,Senior,62300.0,ES,Spain,2026,67284.0,Manfred 2026
Manfred 2026,ML Engineer,ML Engineer,Senior,57500.0,ES,Spain,2026,62100.0,Manfred 2026
Manfred 2026,ML Engineer,ML Engineer,Senior,60700.0,ES,Spain,2026,65556.0,Manfred 2026
Manfred 2026,ML Engineer,ML Engineer,Senior,62200.0,ES,Spain,2026,67176.0,Manfred 2026
Manfred 2026,ML Engineer,ML Engineer,Senior,56100.0,ES,Spain,2026,60588.0,Manfred 2026
Manfred 2026,ML Engineer,ML Engineer,Senior,59000.0,ES,Spain,2026,63720.0,Manfred 2026
Manfred 2026,ML Engineer,ML Engineer,Senior,64200.0,ES,Spain,2026,69336.0,Manfred 2026
Manfred 2026,ML Engineer,ML Engineer,Senior,66300.0,ES,Spain,2026,71604.0,Manfred 2026
Manfred 2026,ML Engineer,ML Engineer,Senior,74300.0,ES,Spain,2026,80244.0,Manfred 2026
Manfred 2026,ML Engineer,ML Engineer,Senior,70600.0,ES,Spain,2026,76248.0,Manfred 2026
Manfred 2026,ML Engineer,ML Engineer,Senior,64900.0,ES,Spain,2026,70092.0,Manfred 2026
Manfred 2026,ML Engineer,ML Engineer,Senior,62000.0,ES,Spain,2026,66960.0,Manfred 2026
Manfred 2026,ML Engineer,ML Engineer,Senior,64800.0,ES,Spain,2026,69984.0,Manfred 2026
Manfred 2026,ML Engineer,ML Engineer,Senior,67100.0,ES,Spain,2026,72468.0,Manfred 2026
Manfred 2026,ML Engineer,ML Engineer,Senior,56800.0,ES,Spain,2026,61344.0,Manfred 2026
Manfred 2026,ML Engineer,ML Engineer,Senior,61900.0,ES,Spain,2026,66852.0,Manfred 2026
Manfred 2026,ML Engineer,ML Engineer,Senior,68200.0,ES,Spain,2026,73656.0,Manfred 2026
Manfred 2026,ML Engineer,ML Engineer,Senior,61500.0,ES,Spain,2026,66420.0,Manfred 2026
Manfred 2026,ML Engineer,ML Engineer,Senior,63900.0,ES,Spain,2026,69012.0,Manfred 2026
Manfred 2026,ML Engineer,ML Engineer,Senior,64100.0,ES,Spain,2026,69228.0,Manfred 2026
Manfred 2026,ML Engineer,ML Engineer,Senior,58300.0,ES,Spain,2026,62964.0,Manfred 2026
Manfred 2026,ML Engineer,ML Engineer,Senior,61200.0,ES,Spain,2026,66096.0,Manfred 2026
Manfred 2026,ML Engineer,ML Engineer,Senior,60800.0,ES,Spain,2026,65664.0,Manfred 2026
Manfred 2026,ML Engineer,ML Engineer,Senior,53700.0,ES,Spain,2026,57996.0,Manfred 2026
Manfred 2026,ML Engineer,ML Engineer,Senior,53600.0,ES,Spain,2026,57888.0,Manfred 2026
Manfred 2026,ML Engineer,ML Engineer,Senior,68000.0,ES,Spain,2026,73440.0,Manfred 2026
Manfred 2026,ML Engineer,ML Engineer,Senior,59900.0,ES,Spain,2026,64692.0,Manfred 2026
Manfred 2026,ML Engineer,ML Engineer,Senior,63200.0,ES,Spain,2026,68256.0,Manfred 2026
Manfred 2026,ML Engineer,ML Engineer,Senior,60300.0,ES,Spain,2026,65124.0,Manfred 2026
Manfred 2026,ML Engineer,ML Engineer,Senior,70900.0,ES,Spain,2026,76572.0,Manfred 2026
Manfred 2026,ML Engineer,ML Engineer,Senior,59600.0,ES,Spain,2026,64368.0,Manfred 2026
Manfred 2026,ML Engineer,ML Engineer,Senior,62100.0,ES,Spain,2026,67068.0,Manfred 2026
Manfred 2026,ML Engineer,ML Engineer,Senior,68900.0,ES,Spain,2026,74412.0,Manfred 2026
Manfred 2026,ML Engineer,ML Engineer,Senior,68300.0,ES,Spain,2026,73764.0,Manfred 2026
Manfred 2026,ML Engineer,ML Engineer,Lead,82600.0,ES,Spain,2026,89208.0,Manfred 2026
Manfred 2026,ML Engineer,ML Engineer,Lead,92100.0,ES,Spain,2026,99468.0,Manfred 2026
Manfred 2026,ML Engineer,ML Engineer,Lead,87000.0,ES,Spain,2026,93960.0,Manfred 2026
Manfred 2026,ML Engineer,ML Engineer,Lead,87300.0,ES,Spain,2026,94284.0,Manfred 2026
Manfred 2026,ML Engineer,ML Engineer,Lead,81500.0,ES,Spain,2026,88020.0,Manfred 2026
Manfred 2026,ML Engineer,ML Engineer,Lead,80000.0,ES,Spain,2026,86400.0,Manfred 2026
Manfred 2026,ML Engineer,ML Engineer,Lead,90800.0,ES,Spain,2026,98064.0,Manfred 2026
Manfred 2026,ML Engineer,ML Engineer,Lead,87500.0,ES,Spain,2026,94500.0,Manfred 2026
Manfred 2026,ML Engineer,ML Engineer,Lead,86700.0,ES,Spain,2026,93636.0,Manfred 2026
Manfred 2026,ML Engineer,ML Engineer,Lead,90800.0,ES,Spain,2026,98064.0,Manfred 2026
Manfred 2026,ML Engineer,ML Engineer,Lead,91400.0,ES,Spain,2026,98712.0,Manfred 2026
Manfred 2026,ML Engineer,ML Engineer,Lead,82000.0,ES,Spain,2026,88560.0,Manfred 2026
Manfred 2026,ML Engineer,ML Engineer,Lead,89000.0,ES,Spain,2026,96120.0,Manfred 2026
Manfred 2026,ML Engineer,ML Engineer,Lead,81500.0,ES,Spain,2026,88020.0,Manfred 2026
Manfred 2026,ML Engineer,ML Engineer,Lead,91200.0,ES,Spain,2026,98496.0,Manfred 2026
Manfred 2026,ML Engineer,ML Engineer,Lead,89600.0,ES,Spain,2026,96768.0,Manfred 2026
Manfred 2026,ML Engineer,ML Engineer,Lead,96300.0,ES,Spain,2026,104004.0,Manfred 2026
Manfred 2026,ML Engineer,ML Engineer,Lead,79600.0,ES,Spain,2026,85968.0,Manfred 2026
Manfred 2026,ML Engineer,ML Engineer,Lead,79200.0,ES,Spain,2026,85536.0,Manfred 2026
Manfred 2026,ML Engineer,ML Engineer,Lead,84400.0,ES,Spain,2026,91152.0,Manfred 2026
Manfred 2026,Data Architect,Data Architect,Mid,45400.0,ES,Spain,2026,49032.0,Manfred 2026
Manfred 2026,Data Architect,Data Architect,Mid,45300.0,ES,Spain,2026,48924.0,Manfred 2026
Manfred 2026,Data Architect,Data Architect,Mid,51800.0,ES,Spain,2026,55944.0,Manfred 2026
Manfred 2026,Data Architect,Data Architect,Mid,45300.0,ES,Spain,2026,48924.0,Manfred 2026
Manfred 2026,Data Architect,Data Architect,Mid,45500.0,ES,Spain,2026,49140.0,Manfred 2026
Manfred 2026,Data Architect,Data Architect,Mid,49800.0,ES,Spain,2026,53784.0,Manfred 2026
Manfred 2026,Data Architect,Data Architect,Mid,47100.0,ES,Spain,2026,50868.0,Manfred 2026
Manfred 2026,Data Architect,Data Architect,Mid,50000.0,ES,Spain,2026,54000.0,Manfred 2026
Manfred 2026,Data Architect,Data Architect,Mid,42700.0,ES,Spain,2026,46116.0,Manfred 2026
Manfred 2026,Data Architect,Data Architect,Mid,47400.0,ES,Spain,2026,51192.0,Manfred 2026
Manfred 2026,Data Architect,Data Architect,Mid,41900.0,ES,Spain,2026,45252.0,Manfred 2026
Manfred 2026,Data Architect,Data Architect,Mid,42700.0,ES,Spain,2026,46116.0,Manfred 2026
Manfred 2026,Data Architect,Data Architect,Mid,51800.0,ES,Spain,2026,55944.0,Manfred 2026
Manfred 2026,Data Architect,Data Architect,Mid,44000.0,ES,Spain,2026,47520.0,Manfred 2026
Manfred 2026,Data Architect,Data Architect,Mid,47700.0,ES,Spain,2026,51516.0,Manfred 2026
Manfred 2026,Data Architect,Data Architect,Mid,46800.0,ES,Spain,2026,50544.0,Manfred 2026
Manfred 2026,Data Architect,Data Architect,Mid,46300.0,ES,Spain,2026,50004.0,Manfred 2026
Manfred 2026,Data Architect,Data Architect,Mid,51600.0,ES,Spain,2026,55728.0,Manfred 2026
Manfred 2026,Data Architect,Data Architect,Mid,41600.0,ES,Spain,2026,44928.0,Manfred 2026
Manfred 2026,Data Architect,Data Architect,Mid,48800.0,ES,Spain,2026,52704.0,Manfred 2026
Manfred 2026,Data Architect,Data Architect,Mid,53000.0,ES,Spain,2026,57240.0,Manfred 2026
Manfred 2026,Data Architect,Data Architect,Mid,48000.0,ES,Spain,2026,51840.0,Manfred 2026
Manfred 2026,Data Architect,Data Architect,Mid,52300.0,ES,Spain,2026,56484.0,Manfred 2026
Manfred 2026,Data Architect,Data Architect,Mid,42400.0,ES,Spain,2026,45792.0,Manfred 2026
Manfred 2026,Data Architect,Data Architect,Mid,46900.0,ES,Spain,2026,50652.0,Manfred 2026
Manfred 2026,Data Architect,Data Architect,Mid,45400.0,ES,Spain,2026,49032.0,Manfred 2026
Manfred 2026,Data Architect,Data Architect,Mid,49500.0,ES,Spain,2026,53460.0,Manfred 2026
Manfred 2026,Data Architect,Data Architect,Mid,53500.0,ES,Spain,2026,57780.0,Manfred 2026
Manfred 2026,Data Architect,Data Architect,Mid,45400.0,ES,Spain,2026,49032.0,Manfred 2026
Manfred 2026,Data Architect,Data Architect,Mid,48800.0,ES,Spain,2026,52704.0,Manfred 2026
Manfred 2026,Data Architect,Data Architect,Mid,44700.0,ES,Spain,2026,48276.0,Manfred 2026
Manfred 2026,Data Architect,Data Architect,Mid,48000.0,ES,Spain,2026,51840.0,Manfred 2026
Manfred 2026,Data Architect,Data Architect,Mid,47200.0,ES,Spain,2026,50976.0,Manfred 2026
Manfred 2026,Data Architect,Data Architect,Mid,53200.0,ES,Spain,2026,57456.0,Manfred 2026
Manfred 2026,Data Architect,Data Architect,Mid,48400.0,ES,Spain,2026,52272.0,Manfred 2026
Manfred 2026,Data Architect,Data Architect,Mid,46300.0,ES,Spain,2026,50004.0,Manfred 2026
Manfred 2026,Data Architect,Data Architect,Mid,43600.0,ES,Spain,2026,47088.0,Manfred 2026
Manfred 2026,Data Architect,Data Architect,Mid,44100.0,ES,Spain,2026,47628.0,Manfred 2026
Manfred 2026,Data Architect,Data Architect,Mid,45000.0,ES,Spain,2026,48600.0,Manfred 2026
Manfred 2026,Data Architect,Data Architect,Mid,45300.0,ES,Spain,2026,48924.0,Manfred 2026
Manfred 2026,Data Architect,Data Architect,Mid,50900.0,ES,Spain,2026,54972.0,Manfred 2026
Manfred 2026,Data Architect,Data Architect,Mid,48000.0,ES,Spain,2026,51840.0,Manfred 2026
Manfred 2026,Data Architect,Data Architect,Mid,47700.0,ES,Spain,2026,51516.0,Manfred 2026
Manfred 2026,Data Architect,Data Architect,Mid,43600.0,ES,Spain,2026,47088.0,Manfred 2026
Manfred 2026,Data Architect,Data Architect,Mid,51000.0,ES,Spain,2026,55080.0,Manfred 2026
Manfred 2026,Data Architect,Data Architect,Mid,49400.0,ES,Spain,2026,53352.0,Manfred 2026
Manfred 2026,Data Architect,Data Architect,Mid,42800.0,ES,Spain,2026,46224.0,Manfred 2026
Manfred 2026,Data Architect,Data Architect,Mid,49300.0,ES,Spain,2026,53244.0,Manfred 2026
Manfred 2026,Data Architect,Data Architect,Mid,47800.0,ES,Spain,2026,51624.0,Manfred 2026
Manfred 2026,Data Architect,Data Architect,Mid,43000.0,ES,Spain,2026,46440.0,Manfred 2026
Manfred 2026,Data Architect,Data Architect,Mid,47200.0,ES,Spain,2026,50976.0,Manfred 2026
Manfred 2026,Data Architect,Data Architect,Mid,47400.0,ES,Spain,2026,51192.0,Manfred 2026
Manfred 2026,Data Architect,Data Architect,Mid,44300.0,ES,Spain,2026,47844.0,Manfred 2026
Manfred 2026,Data Architect,Data Architect,Mid,52500.0,ES,Spain,2026,56700.0,Manfred 2026
Manfred 2026,Data Architect,Data Architect,Mid,50900.0,ES,Spain,2026,54972.0,Manfred 2026
Manfred 2026,Data Architect,Data Architect,Mid,48900.0,ES,Spain,2026,52812.0,Manfred 2026
Manfred 2026,Data Architect,Data Architect,Mid,47200.0,ES,Spain,2026,50976.0,Manfred 2026
Manfred 2026,Data Architect,Data Architect,Mid,46800.0,ES,Spain,2026,50544.0,Manfred 2026
Manfred 2026,Data Architect,Data Architect,Mid,48700.0,ES,Spain,2026,52596.0,Manfred 2026
Manfred 2026,Data Architect,Data Architect,Mid,47800.0,ES,Spain,2026,51624.0,Manfred 2026
Manfred 2026,Data Architect,Data Architect,Mid,42600.0,ES,Spain,2026,46008.0,Manfred 2026
Manfred 2026,Data Architect,Data Architect,Mid,47600.0,ES,Spain,2026,51408.0,Manfred 2026
Manfred 2026,Data Architect,Data Architect,Mid,50300.0,ES,Spain,2026,54324.0,Manfred 2026
Manfred 2026,Data Architect,Data Architect,Mid,47200.0,ES,Spain,2026,50976.0,Manfred 2026
Manfred 2026,Data Architect,Data Architect,Mid,42400.0,ES,Spain,2026,45792.0,Manfred 2026
Manfred 2026,Data Architect,Data Architect,Mid,50100.0,ES,Spain,2026,54108.0,Manfred 2026
Manfred 2026,Data Architect,Data Architect,Mid,44800.0,ES,Spain,2026,48384.0,Manfred 2026
Manfred 2026,Data Architect,Data Architect,Mid,45400.0,ES,Spain,2026,49032.0,Manfred 2026
Manfred 2026,Data Architect,Data Architect,Mid,44300.0,ES,Spain,2026,47844.0,Manfred 2026
Manfred 2026,Data Architect,Data Architect,Mid,46100.0,ES,Spain,2026,49788.0,Manfred 2026
Manfred 2026,Data Architect,Data Architect,Senior,68400.0,ES,Spain,2026,73872.0,Manfred 2026
Manfred 2026,Data Architect,Data Architect,Senior,65700.0,ES,Spain,2026,70956.0,Manfred 2026
Manfred 2026,Data Architect,Data Architect,Senior,62100.0,ES,Spain,2026,67068.0,Manfred 2026
Manfred 2026,Data Architect,Data Architect,Senior,70300.0,ES,Spain,2026,75924.0,Manfred 2026
Manfred 2026,Data Architect,Data Architect,Senior,70300.0,ES,Spain,2026,75924.0,Manfred 2026
Manfred 2026,Data Architect,Data Architect,Senior,70200.0,ES,Spain,2026,75816.0,Manfred 2026
Manfred 2026,Data Architect,Data Architect,Senior,62600.0,ES,Spain,2026,67608.0,Manfred 2026
Manfred 2026,Data Architect,Data Architect,Senior,65000.0,ES,Spain,2026,70200.0,Manfred 2026
Manfred 2026,Data Architect,Data Architect,Senior,73400.0,ES,Spain,2026,79272.0,Manfred 2026
Manfred 2026,Data Architect,Data Architect,Senior,68600.0,ES,Spain,2026,74088.0,Manfred 2026
Manfred 2026,Data Architect,Data Architect,Senior,58200.0,ES,Spain,2026,62856.0,Manfred 2026
Manfred 2026,Data Architect,Data Architect,Senior,59400.0,ES,Spain,2026,64152.0,Manfred 2026
Manfred 2026,Data Architect,Data Architect,Senior,65200.0,ES,Spain,2026,70416.0,Manfred 2026
Manfred 2026,Data Architect,Data Architect,Senior,71000.0,ES,Spain,2026,76680.0,Manfred 2026
Manfred 2026,Data Architect,Data Architect,Senior,65900.0,ES,Spain,2026,71172.0,Manfred 2026
Manfred 2026,Data Architect,Data Architect,Senior,65500.0,ES,Spain,2026,70740.0,Manfred 2026
Manfred 2026,Data Architect,Data Architect,Senior,60400.0,ES,Spain,2026,65232.0,Manfred 2026
Manfred 2026,Data Architect,Data Architect,Senior,67100.0,ES,Spain,2026,72468.0,Manfred 2026
Manfred 2026,Data Architect,Data Architect,Senior,69300.0,ES,Spain,2026,74844.0,Manfred 2026
Manfred 2026,Data Architect,Data Architect,Senior,64300.0,ES,Spain,2026,69444.0,Manfred 2026
Manfred 2026,Data Architect,Data Architect,Senior,68600.0,ES,Spain,2026,74088.0,Manfred 2026
Manfred 2026,Data Architect,Data Architect,Senior,72500.0,ES,Spain,2026,78300.0,Manfred 2026
Manfred 2026,Data Architect,Data Architect,Senior,62100.0,ES,Spain,2026,67068.0,Manfred 2026
Manfred 2026,Data Architect,Data Architect,Senior,65700.0,ES,Spain,2026,70956.0,Manfred 2026
Manfred 2026,Data Architect,Data Architect,Senior,63200.0,ES,Spain,2026,68256.0,Manfred 2026
Manfred 2026,Data Architect,Data Architect,Senior,68900.0,ES,Spain,2026,74412.0,Manfred 2026
Manfred 2026,Data Architect,Data Architect,Senior,66300.0,ES,Spain,2026,71604.0,Manfred 2026
Manfred 2026,Data Architect,Data Architect,Senior,66900.0,ES,Spain,2026,72252.0,Manfred 2026
Manfred 2026,Data Architect,Data Architect,Senior,69000.0,ES,Spain,2026,74520.0,Manfred 2026
Manfred 2026,Data Architect,Data Architect,Senior,64500.0,ES,Spain,2026,69660.0,Manfred 2026
Manfred 2026,Data Architect,Data Architect,Senior,71100.0,ES,Spain,2026,76788.0,Manfred 2026
Manfred 2026,Data Architect,Data Architect,Senior,65800.0,ES,Spain,2026,71064.0,Manfred 2026
Manfred 2026,Data Architect,Data Architect,Senior,61300.0,ES,Spain,2026,66204.0,Manfred 2026
Manfred 2026,Data Architect,Data Architect,Senior,67600.0,ES,Spain,2026,73008.0,Manfred 2026
Manfred 2026,Data Architect,Data Architect,Senior,68900.0,ES,Spain,2026,74412.0,Manfred 2026
Manfred 2026,Data Architect,Data Architect,Senior,63600.0,ES,Spain,2026,68688.0,Manfred 2026
Manfred 2026,Data Architect,Data Architect,Senior,69900.0,ES,Spain,2026,75492.0,Manfred 2026
Manfred 2026,Data Architect,Data Architect,Senior,70900.0,ES,Spain,2026,76572.0,Manfred 2026
Manfred 2026,Data Architect,Data Architect,Senior,63100.0,ES,Spain,2026,68148.0,Manfred 2026
Manfred 2026,Data Architect,Data Architect,Senior,73300.0,ES,Spain,2026,79164.0,Manfred 2026
Manfred 2026,Data Architect,Data Architect,Senior,61000.0,ES,Spain,2026,65880.0,Manfred 2026
Manfred 2026,Data Architect,Data Architect,Senior,62000.0,ES,Spain,2026,66960.0,Manfred 2026
Manfred 2026,Data Architect,Data Architect,Senior,61800.0,ES,Spain,2026,66744.0,Manfred 2026
Manfred 2026,Data Architect,Data Architect,Senior,70600.0,ES,Spain,2026,76248.0,Manfred 2026
Manfred 2026,Data Architect,Data Architect,Senior,67100.0,ES,Spain,2026,72468.0,Manfred 2026
Manfred 2026,Data Architect,Data Architect,Senior,61200.0,ES,Spain,2026,66096.0,Manfred 2026
Manfred 2026,Data Architect,Data Architect,Senior,64900.0,ES,Spain,2026,70092.0,Manfred 2026
Manfred 2026,Data Architect,Data Architect,Senior,66700.0,ES,Spain,2026,72036.0,Manfred 2026
Manfred 2026,Data Architect,Data Architect,Senior,59900.0,ES,Spain,2026,64692.0,Manfred 2026
Manfred 2026,Data Architect,Data Architect,Senior,70400.0,ES,Spain,2026,76032.0,Manfred 2026
Manfred 2026,Data Architect,Data Architect,Senior,69000.0,ES,Spain,2026,74520.0,Manfred 2026
Manfred 2026,Data Architect,Data Architect,Senior,65500.0,ES,Spain,2026,70740.0,Manfred 2026
Manfred 2026,Data Architect,Data Architect,Senior,72600.0,ES,Spain,2026,78408.0,Manfred 2026
Manfred 2026,Data Architect,Data Architect,Senior,64700.0,ES,Spain,2026,69876.0,Manfred 2026
Manfred 2026,Data Architect,Data Architect,Senior,73300.0,ES,Spain,2026,79164.0,Manfred 2026
Manfred 2026,Data Architect,Data Architect,Senior,67300.0,ES,Spain,2026,72684.0,Manfred 2026
Manfred 2026,Data Architect,Data Architect,Senior,66900.0,ES,Spain,2026,72252.0,Manfred 2026
Manfred 2026,Data Architect,Data Architect,Senior,61500.0,ES,Spain,2026,66420.0,Manfred 2026
Manfred 2026,Data Architect,Data Architect,Senior,70400.0,ES,Spain,2026,76032.0,Manfred 2026
Manfred 2026,Data Architect,Data Architect,Senior,64800.0,ES,Spain,2026,69984.0,Manfred 2026
Manfred 2026,Data Architect,Data Architect,Lead,82100.0,ES,Spain,2026,88668.0,Manfred 2026
Manfred 2026,Data Architect,Data Architect,Lead,77000.0,ES,Spain,2026,83160.0,Manfred 2026
Manfred 2026,Data Architect,Data Architect,Lead,88300.0,ES,Spain,2026,95364.0,Manfred 2026
Manfred 2026,Data Architect,Data Architect,Lead,87800.0,ES,Spain,2026,94824.0,Manfred 2026
Manfred 2026,Data Architect,Data Architect,Lead,90600.0,ES,Spain,2026,97848.0,Manfred 2026
Manfred 2026,Data Architect,Data Architect,Lead,94100.0,ES,Spain,2026,101628.0,Manfred 2026
Manfred 2026,Data Architect,Data Architect,Lead,80000.0,ES,Spain,2026,86400.0,Manfred 2026
Manfred 2026,Data Architect,Data Architect,Lead,90800.0,ES,Spain,2026,98064.0,Manfred 2026
Manfred 2026,Data Architect,Data Architect,Lead,82700.0,ES,Spain,2026,89316.0,Manfred 2026
Manfred 2026,Data Architect,Data Architect,Lead,93300.0,ES,Spain,2026,100764.0,Manfred 2026
Manfred 2026,Data Architect,Data Architect,Lead,92500.0,ES,Spain,2026,99900.0,Manfred 2026
Manfred 2026,Data Architect,Data Architect,Lead,88000.0,ES,Spain,2026,95040.0,Manfred 2026
Manfred 2026,Data Architect,Data Architect,Lead,90500.0,ES,Spain,2026,97740.0,Manfred 2026
Manfred 2026,Data Architect,Data Architect,Lead,84900.0,ES,Spain,2026,91692.0,Manfred 2026
Manfred 2026,Data Architect,Data Architect,Lead,87100.0,ES,Spain,2026,94068.0,Manfred 2026
Manfred 2026,Data Architect,Data Architect,Lead,92500.0,ES,Spain,2026,99900.0,Manfred 2026
Manfred 2026,Data Architect,Data Architect,Lead,87000.0,ES,Spain,2026,93960.0,Manfred 2026
Manfred 2026,Data Architect,Data Architect,Lead,85600.0,ES,Spain,2026,92448.0,Manfred 2026
Manfred 2026,Data Architect,Data Architect,Lead,87400.0,ES,Spain,2026,94392.0,Manfred 2026
Manfred 2026,Data Architect,Data Architect,Lead,92700.0,ES,Spain,2026,100116.0,Manfred 2026
Manfred 2026,DevOps Engineer,DevOps Engineer,Junior,29100.0,ES,Spain,2026,31428.0,Manfred 2026
Manfred 2026,DevOps Engineer,DevOps Engineer,Junior,27900.0,ES,Spain,2026,30132.0,Manfred 2026
Manfred 2026,DevOps Engineer,DevOps Engineer,Junior,31200.0,ES,Spain,2026,33696.0,Manfred 2026
Manfred 2026,DevOps Engineer,DevOps Engineer,Junior,32100.0,ES,Spain,2026,34668.0,Manfred 2026
Manfred 2026,DevOps Engineer,DevOps Engineer,Junior,27200.0,ES,Spain,2026,29376.0,Manfred 2026
Manfred 2026,DevOps Engineer,DevOps Engineer,Junior,28500.0,ES,Spain,2026,30780.0,Manfred 2026
Manfred 2026,DevOps Engineer,DevOps Engineer,Junior,27700.0,ES,Spain,2026,29916.0,Manfred 2026
Manfred 2026,DevOps Engineer,DevOps Engineer,Junior,29200.0,ES,Spain,2026,31536.0,Manfred 2026
Manfred 2026,DevOps Engineer,DevOps Engineer,Junior,29700.0,ES,Spain,2026,32076.0,Manfred 2026
Manfred 2026,DevOps Engineer,DevOps Engineer,Junior,31500.0,ES,Spain,2026,34020.0,Manfred 2026
Manfred 2026,DevOps Engineer,DevOps Engineer,Junior,30800.0,ES,Spain,2026,33264.0,Manfred 2026
Manfred 2026,DevOps Engineer,DevOps Engineer,Junior,30600.0,ES,Spain,2026,33048.0,Manfred 2026
Manfred 2026,DevOps Engineer,DevOps Engineer,Junior,29200.0,ES,Spain,2026,31536.0,Manfred 2026
Manfred 2026,DevOps Engineer,DevOps Engineer,Junior,32200.0,ES,Spain,2026,34776.0,Manfred 2026
Manfred 2026,DevOps Engineer,DevOps Engineer,Junior,29900.0,ES,Spain,2026,32292.0,Manfred 2026
Manfred 2026,DevOps Engineer,DevOps Engineer,Junior,34000.0,ES,Spain,2026,36720.0,Manfred 2026
Manfred 2026,DevOps Engineer,DevOps Engineer,Junior,30700.0,ES,Spain,2026,33156.0,Manfred 2026
Manfred 2026,DevOps Engineer,DevOps Engineer,Junior,27500.0,ES,Spain,2026,29700.0,Manfred 2026
Manfred 2026,DevOps Engineer,DevOps Engineer,Junior,31000.0,ES,Spain,2026,33480.0,Manfred 2026
Manfred 2026,DevOps Engineer,DevOps Engineer,Junior,29000.0,ES,Spain,2026,31320.0,Manfred 2026
Manfred 2026,DevOps Engineer,DevOps Engineer,Junior,31000.0,ES,Spain,2026,33480.0,Manfred 2026
Manfred 2026,DevOps Engineer,DevOps Engineer,Junior,26900.0,ES,Spain,2026,29052.0,Manfred 2026
Manfred 2026,DevOps Engineer,DevOps Engineer,Junior,28000.0,ES,Spain,2026,30240.0,Manfred 2026
Manfred 2026,DevOps Engineer,DevOps Engineer,Junior,32300.0,ES,Spain,2026,34884.0,Manfred 2026
Manfred 2026,DevOps Engineer,DevOps Engineer,Junior,28400.0,ES,Spain,2026,30672.0,Manfred 2026
Manfred 2026,DevOps Engineer,DevOps Engineer,Junior,32100.0,ES,Spain,2026,34668.0,Manfred 2026
Manfred 2026,DevOps Engineer,DevOps Engineer,Junior,28700.0,ES,Spain,2026,30996.0,Manfred 2026
Manfred 2026,DevOps Engineer,DevOps Engineer,Junior,30800.0,ES,Spain,2026,33264.0,Manfred 2026
Manfred 2026,DevOps Engineer,DevOps Engineer,Junior,31100.0,ES,Spain,2026,33588.0,Manfred 2026
Manfred 2026,DevOps Engineer,DevOps Engineer,Junior,30100.0,ES,Spain,2026,32508.0,Manfred 2026
Manfred 2026,DevOps Engineer,DevOps Engineer,Junior,28900.0,ES,Spain,2026,31212.0,Manfred 2026
Manfred 2026,DevOps Engineer,DevOps Engineer,Junior,28300.0,ES,Spain,2026,30564.0,Manfred 2026
Manfred 2026,DevOps Engineer,DevOps Engineer,Junior,26300.0,ES,Spain,2026,28404.0,Manfred 2026
Manfred 2026,DevOps Engineer,DevOps Engineer,Junior,28900.0,ES,Spain,2026,31212.0,Manfred 2026
Manfred 2026,DevOps Engineer,DevOps Engineer,Junior,30800.0,ES,Spain,2026,33264.0,Manfred 2026
Manfred 2026,DevOps Engineer,DevOps Engineer,Junior,33200.0,ES,Spain,2026,35856.0,Manfred 2026
Manfred 2026,DevOps Engineer,DevOps Engineer,Junior,32500.0,ES,Spain,2026,35100.0,Manfred 2026
Manfred 2026,DevOps Engineer,DevOps Engineer,Junior,31600.0,ES,Spain,2026,34128.0,Manfred 2026
Manfred 2026,DevOps Engineer,DevOps Engineer,Junior,31700.0,ES,Spain,2026,34236.0,Manfred 2026
Manfred 2026,DevOps Engineer,DevOps Engineer,Junior,30900.0,ES,Spain,2026,33372.0,Manfred 2026
Manfred 2026,DevOps Engineer,DevOps Engineer,Junior,28600.0,ES,Spain,2026,30888.0,Manfred 2026
Manfred 2026,DevOps Engineer,DevOps Engineer,Junior,32800.0,ES,Spain,2026,35424.0,Manfred 2026
Manfred 2026,DevOps Engineer,DevOps Engineer,Junior,30900.0,ES,Spain,2026,33372.0,Manfred 2026
Manfred 2026,DevOps Engineer,DevOps Engineer,Junior,30300.0,ES,Spain,2026,32724.0,Manfred 2026
Manfred 2026,DevOps Engineer,DevOps Engineer,Junior,27400.0,ES,Spain,2026,29592.0,Manfred 2026
Manfred 2026,DevOps Engineer,DevOps Engineer,Junior,29700.0,ES,Spain,2026,32076.0,Manfred 2026
Manfred 2026,DevOps Engineer,DevOps Engineer,Junior,29800.0,ES,Spain,2026,32184.0,Manfred 2026
Manfred 2026,DevOps Engineer,DevOps Engineer,Junior,32400.0,ES,Spain,2026,34992.0,Manfred 2026
Manfred 2026,DevOps Engineer,DevOps Engineer,Junior,30200.0,ES,Spain,2026,32616.0,Manfred 2026
Manfred 2026,DevOps Engineer,DevOps Engineer,Junior,29400.0,ES,Spain,2026,31752.0,Manfred 2026
Manfred 2026,DevOps Engineer,DevOps Engineer,Mid,44000.0,ES,Spain,2026,47520.0,Manfred 2026
Manfred 2026,DevOps Engineer,DevOps Engineer,Mid,38100.0,ES,Spain,2026,41148.0,Manfred 2026
Manfred 2026,DevOps Engineer,DevOps Engineer,Mid,40100.0,ES,Spain,2026,43308.0,Manfred 2026
Manfred 2026,DevOps Engineer,DevOps Engineer,Mid,37300.0,ES,Spain,2026,40284.0,Manfred 2026
Manfred 2026,DevOps Engineer,DevOps Engineer,Mid,41800.0,ES,Spain,2026,45144.0,Manfred 2026
Manfred 2026,DevOps Engineer,DevOps Engineer,Mid,43200.0,ES,Spain,2026,46656.0,Manfred 2026
Manfred 2026,DevOps Engineer,DevOps Engineer,Mid,39400.0,ES,Spain,2026,42552.0,Manfred 2026
Manfred 2026,DevOps Engineer,DevOps Engineer,Mid,42600.0,ES,Spain,2026,46008.0,Manfred 2026
Manfred 2026,DevOps Engineer,DevOps Engineer,Mid,39400.0,ES,Spain,2026,42552.0,Manfred 2026
Manfred 2026,DevOps Engineer,DevOps Engineer,Mid,43100.0,ES,Spain,2026,46548.0,Manfred 2026
Manfred 2026,DevOps Engineer,DevOps Engineer,Mid,41800.0,ES,Spain,2026,45144.0,Manfred 2026
Manfred 2026,DevOps Engineer,DevOps Engineer,Mid,42200.0,ES,Spain,2026,45576.0,Manfred 2026
Manfred 2026,DevOps Engineer,DevOps Engineer,Mid,36900.0,ES,Spain,2026,39852.0,Manfred 2026
Manfred 2026,DevOps Engineer,DevOps Engineer,Mid,43800.0,ES,Spain,2026,47304.0,Manfred 2026
Manfred 2026,DevOps Engineer,DevOps Engineer,Mid,41700.0,ES,Spain,2026,45036.0,Manfred 2026
Manfred 2026,DevOps Engineer,DevOps Engineer,Mid,39500.0,ES,Spain,2026,42660.0,Manfred 2026
Manfred 2026,DevOps Engineer,DevOps Engineer,Mid,42400.0,ES,Spain,2026,45792.0,Manfred 2026
Manfred 2026,DevOps Engineer,DevOps Engineer,Mid,39400.0,ES,Spain,2026,42552.0,Manfred 2026
Manfred 2026,DevOps Engineer,DevOps Engineer,Mid,42700.0,ES,Spain,2026,46116.0,Manfred 2026
Manfred 2026,DevOps Engineer,DevOps Engineer,Mid,38100.0,ES,Spain,2026,41148.0,Manfred 2026
Manfred 2026,DevOps Engineer,DevOps Engineer,Mid,41500.0,ES,Spain,2026,44820.0,Manfred 2026
Manfred 2026,DevOps Engineer,DevOps Engineer,Mid,40700.0,ES,Spain,2026,43956.0,Manfred 2026
Manfred 2026,DevOps Engineer,DevOps Engineer,Mid,38000.0,ES,Spain,2026,41040.0,Manfred 2026
Manfred 2026,DevOps Engineer,DevOps Engineer,Mid,39100.0,ES,Spain,2026,42228.0,Manfred 2026
Manfred 2026,DevOps Engineer,DevOps Engineer,Mid,36700.0,ES,Spain,2026,39636.0,Manfred 2026
Manfred 2026,DevOps Engineer,DevOps Engineer,Mid,40400.0,ES,Spain,2026,43632.0,Manfred 2026
Manfred 2026,DevOps Engineer,DevOps Engineer,Mid,39500.0,ES,Spain,2026,42660.0,Manfred 2026
Manfred 2026,DevOps Engineer,DevOps Engineer,Mid,41000.0,ES,Spain,2026,44280.0,Manfred 2026
Manfred 2026,DevOps Engineer,DevOps Engineer,Mid,39500.0,ES,Spain,2026,42660.0,Manfred 2026
Manfred 2026,DevOps Engineer,DevOps Engineer,Mid,39500.0,ES,Spain,2026,42660.0,Manfred 2026
Manfred 2026,DevOps Engineer,DevOps Engineer,Mid,41800.0,ES,Spain,2026,45144.0,Manfred 2026
Manfred 2026,DevOps Engineer,DevOps Engineer,Mid,37400.0,ES,Spain,2026,40392.0,Manfred 2026
Manfred 2026,DevOps Engineer,DevOps Engineer,Mid,43000.0,ES,Spain,2026,46440.0,Manfred 2026
Manfred 2026,DevOps Engineer,DevOps Engineer,Mid,42600.0,ES,Spain,2026,46008.0,Manfred 2026
Manfred 2026,DevOps Engineer,DevOps Engineer,Mid,41300.0,ES,Spain,2026,44604.0,Manfred 2026
Manfred 2026,DevOps Engineer,DevOps Engineer,Mid,40900.0,ES,Spain,2026,44172.0,Manfred 2026
Manfred 2026,DevOps Engineer,DevOps Engineer,Mid,42900.0,ES,Spain,2026,46332.0,Manfred 2026
Manfred 2026,DevOps Engineer,DevOps Engineer,Mid,38700.0,ES,Spain,2026,41796.0,Manfred 2026
Manfred 2026,DevOps Engineer,DevOps Engineer,Mid,37800.0,ES,Spain,2026,40824.0,Manfred 2026
Manfred 2026,DevOps Engineer,DevOps Engineer,Mid,39100.0,ES,Spain,2026,42228.0,Manfred 2026
Manfred 2026,DevOps Engineer,DevOps Engineer,Mid,42100.0,ES,Spain,2026,45468.0,Manfred 2026
Manfred 2026,DevOps Engineer,DevOps Engineer,Mid,37200.0,ES,Spain,2026,40176.0,Manfred 2026
Manfred 2026,DevOps Engineer,DevOps Engineer,Mid,40900.0,ES,Spain,2026,44172.0,Manfred 2026
Manfred 2026,DevOps Engineer,DevOps Engineer,Mid,44600.0,ES,Spain,2026,48168.0,Manfred 2026
Manfred 2026,DevOps Engineer,DevOps Engineer,Mid,42600.0,ES,Spain,2026,46008.0,Manfred 2026
Manfred 2026,DevOps Engineer,DevOps Engineer,Mid,40600.0,ES,Spain,2026,43848.0,Manfred 2026
Manfred 2026,DevOps Engineer,DevOps Engineer,Mid,37600.0,ES,Spain,2026,40608.0,Manfred 2026
Manfred 2026,DevOps Engineer,DevOps Engineer,Mid,42400.0,ES,Spain,2026,45792.0,Manfred 2026
Manfred 2026,DevOps Engineer,DevOps Engineer,Mid,41000.0,ES,Spain,2026,44280.0,Manfred 2026
Manfred 2026,DevOps Engineer,DevOps Engineer,Mid,38200.0,ES,Spain,2026,41256.0,Manfred 2026
Manfred 2026,DevOps Engineer,DevOps Engineer,Mid,37900.0,ES,Spain,2026,40932.0,Manfred 2026
Manfred 2026,DevOps Engineer,DevOps Engineer,Mid,43100.0,ES,Spain,2026,46548.0,Manfred 2026
Manfred 2026,DevOps Engineer,DevOps Engineer,Mid,41300.0,ES,Spain,2026,44604.0,Manfred 2026
Manfred 2026,DevOps Engineer,DevOps Engineer,Mid,42400.0,ES,Spain,2026,45792.0,Manfred 2026
Manfred 2026,DevOps Engineer,DevOps Engineer,Mid,42800.0,ES,Spain,2026,46224.0,Manfred 2026
Manfred 2026,DevOps Engineer,DevOps Engineer,Mid,40800.0,ES,Spain,2026,44064.0,Manfred 2026
Manfred 2026,DevOps Engineer,DevOps Engineer,Mid,40600.0,ES,Spain,2026,43848.0,Manfred 2026
Manfred 2026,DevOps Engineer,DevOps Engineer,Mid,40200.0,ES,Spain,2026,43416.0,Manfred 2026
Manfred 2026,DevOps Engineer,DevOps Engineer,Mid,39600.0,ES,Spain,2026,42768.0,Manfred 2026
Manfred 2026,DevOps Engineer,DevOps Engineer,Mid,40200.0,ES,Spain,2026,43416.0,Manfred 2026
Manfred 2026,DevOps Engineer,DevOps Engineer,Mid,42000.0,ES,Spain,2026,45360.0,Manfred 2026
Manfred 2026,DevOps Engineer,DevOps Engineer,Mid,41000.0,ES,Spain,2026,44280.0,Manfred 2026
Manfred 2026,DevOps Engineer,DevOps Engineer,Mid,42900.0,ES,Spain,2026,46332.0,Manfred 2026
Manfred 2026,DevOps Engineer,DevOps Engineer,Mid,40200.0,ES,Spain,2026,43416.0,Manfred 2026
Manfred 2026,DevOps Engineer,DevOps Engineer,Mid,41000.0,ES,Spain,2026,44280.0,Manfred 2026
Manfred 2026,DevOps Engineer,DevOps Engineer,Mid,41100.0,ES,Spain,2026,44388.0,Manfred 2026
Manfred 2026,DevOps Engineer,DevOps Engineer,Mid,40900.0,ES,Spain,2026,44172.0,Manfred 2026
Manfred 2026,DevOps Engineer,DevOps Engineer,Mid,41500.0,ES,Spain,2026,44820.0,Manfred 2026
Manfred 2026,DevOps Engineer,DevOps Engineer,Mid,39100.0,ES,Spain,2026,42228.0,Manfred 2026
Manfred 2026,DevOps Engineer,DevOps Engineer,Mid,40600.0,ES,Spain,2026,43848.0,Manfred 2026
Manfred 2026,DevOps Engineer,DevOps Engineer,Senior,49200.0,ES,Spain,2026,53136.0,Manfred 2026
Manfred 2026,DevOps Engineer,DevOps Engineer,Senior,52100.0,ES,Spain,2026,56268.0,Manfred 2026
Manfred 2026,DevOps Engineer,DevOps Engineer,Senior,52900.0,ES,Spain,2026,57132.0,Manfred 2026
Manfred 2026,DevOps Engineer,DevOps Engineer,Senior,54200.0,ES,Spain,2026,58536.0,Manfred 2026
Manfred 2026,DevOps Engineer,DevOps Engineer,Senior,57800.0,ES,Spain,2026,62424.0,Manfred 2026
Manfred 2026,DevOps Engineer,DevOps Engineer,Senior,53700.0,ES,Spain,2026,57996.0,Manfred 2026
Manfred 2026,DevOps Engineer,DevOps Engineer,Senior,55000.0,ES,Spain,2026,59400.0,Manfred 2026
Manfred 2026,DevOps Engineer,DevOps Engineer,Senior,53000.0,ES,Spain,2026,57240.0,Manfred 2026
Manfred 2026,DevOps Engineer,DevOps Engineer,Senior,54000.0,ES,Spain,2026,58320.0,Manfred 2026
Manfred 2026,DevOps Engineer,DevOps Engineer,Senior,48600.0,ES,Spain,2026,52488.0,Manfred 2026
Manfred 2026,DevOps Engineer,DevOps Engineer,Senior,51000.0,ES,Spain,2026,55080.0,Manfred 2026
Manfred 2026,DevOps Engineer,DevOps Engineer,Senior,52000.0,ES,Spain,2026,56160.0,Manfred 2026
Manfred 2026,DevOps Engineer,DevOps Engineer,Senior,52800.0,ES,Spain,2026,57024.0,Manfred 2026
Manfred 2026,DevOps Engineer,DevOps Engineer,Senior,48100.0,ES,Spain,2026,51948.0,Manfred 2026
Manfred 2026,DevOps Engineer,DevOps Engineer,Senior,49700.0,ES,Spain,2026,53676.0,Manfred 2026
Manfred 2026,DevOps Engineer,DevOps Engineer,Senior,51200.0,ES,Spain,2026,55296.0,Manfred 2026
Manfred 2026,DevOps Engineer,DevOps Engineer,Senior,58300.0,ES,Spain,2026,62964.0,Manfred 2026
Manfred 2026,DevOps Engineer,DevOps Engineer,Senior,51700.0,ES,Spain,2026,55836.0,Manfred 2026
Manfred 2026,DevOps Engineer,DevOps Engineer,Senior,52900.0,ES,Spain,2026,57132.0,Manfred 2026
Manfred 2026,DevOps Engineer,DevOps Engineer,Senior,50400.0,ES,Spain,2026,54432.0,Manfred 2026
Manfred 2026,DevOps Engineer,DevOps Engineer,Senior,53800.0,ES,Spain,2026,58104.0,Manfred 2026
Manfred 2026,DevOps Engineer,DevOps Engineer,Senior,51200.0,ES,Spain,2026,55296.0,Manfred 2026
Manfred 2026,DevOps Engineer,DevOps Engineer,Senior,50500.0,ES,Spain,2026,54540.0,Manfred 2026
Manfred 2026,DevOps Engineer,DevOps Engineer,Senior,53100.0,ES,Spain,2026,57348.0,Manfred 2026
Manfred 2026,DevOps Engineer,DevOps Engineer,Senior,46700.0,ES,Spain,2026,50436.0,Manfred 2026
Manfred 2026,DevOps Engineer,DevOps Engineer,Senior,46900.0,ES,Spain,2026,50652.0,Manfred 2026
Manfred 2026,DevOps Engineer,DevOps Engineer,Senior,50600.0,ES,Spain,2026,54648.0,Manfred 2026
Manfred 2026,DevOps Engineer,DevOps Engineer,Senior,47900.0,ES,Spain,2026,51732.0,Manfred 2026
Manfred 2026,DevOps Engineer,DevOps Engineer,Senior,49300.0,ES,Spain,2026,53244.0,Manfred 2026
Manfred 2026,DevOps Engineer,DevOps Engineer,Senior,51800.0,ES,Spain,2026,55944.0,Manfred 2026
Manfred 2026,DevOps Engineer,DevOps Engineer,Senior,55600.0,ES,Spain,2026,60048.0,Manfred 2026
Manfred 2026,DevOps Engineer,DevOps Engineer,Senior,53500.0,ES,Spain,2026,57780.0,Manfred 2026
Manfred 2026,DevOps Engineer,DevOps Engineer,Senior,53100.0,ES,Spain,2026,57348.0,Manfred 2026
Manfred 2026,DevOps Engineer,DevOps Engineer,Senior,51400.0,ES,Spain,2026,55512.0,Manfred 2026
Manfred 2026,DevOps Engineer,DevOps Engineer,Senior,57400.0,ES,Spain,2026,61992.0,Manfred 2026
Manfred 2026,DevOps Engineer,DevOps Engineer,Senior,52200.0,ES,Spain,2026,56376.0,Manfred 2026
Manfred 2026,DevOps Engineer,DevOps Engineer,Senior,48900.0,ES,Spain,2026,52812.0,Manfred 2026
Manfred 2026,DevOps Engineer,DevOps Engineer,Senior,53900.0,ES,Spain,2026,58212.0,Manfred 2026
Manfred 2026,DevOps Engineer,DevOps Engineer,Senior,49300.0,ES,Spain,2026,53244.0,Manfred 2026
Manfred 2026,DevOps Engineer,DevOps Engineer,Senior,51800.0,ES,Spain,2026,55944.0,Manfred 2026
Manfred 2026,DevOps Engineer,DevOps Engineer,Senior,53100.0,ES,Spain,2026,57348.0,Manfred 2026
Manfred 2026,DevOps Engineer,DevOps Engineer,Senior,56500.0,ES,Spain,2026,61020.0,Manfred 2026
Manfred 2026,DevOps Engineer,DevOps Engineer,Senior,53000.0,ES,Spain,2026,57240.0,Manfred 2026
Manfred 2026,DevOps Engineer,DevOps Engineer,Senior,54600.0,ES,Spain,2026,58968.0,Manfred 2026
Manfred 2026,DevOps Engineer,DevOps Engineer,Senior,59200.0,ES,Spain,2026,63936.0,Manfred 2026
Manfred 2026,DevOps Engineer,DevOps Engineer,Senior,49600.0,ES,Spain,2026,53568.0,Manfred 2026
Manfred 2026,DevOps Engineer,DevOps Engineer,Senior,51200.0,ES,Spain,2026,55296.0,Manfred 2026
Manfred 2026,DevOps Engineer,DevOps Engineer,Senior,52200.0,ES,Spain,2026,56376.0,Manfred 2026
Manfred 2026,DevOps Engineer,DevOps Engineer,Senior,52400.0,ES,Spain,2026,56592.0,Manfred 2026
Manfred 2026,DevOps Engineer,DevOps Engineer,Senior,52300.0,ES,Spain,2026,56484.0,Manfred 2026
Manfred 2026,DevOps Engineer,DevOps Engineer,Senior,57000.0,ES,Spain,2026,61560.0,Manfred 2026
Manfred 2026,DevOps Engineer,DevOps Engineer,Senior,54700.0,ES,Spain,2026,59076.0,Manfred 2026
Manfred 2026,DevOps Engineer,DevOps Engineer,Senior,53800.0,ES,Spain,2026,58104.0,Manfred 2026
Manfred 2026,DevOps Engineer,DevOps Engineer,Senior,51500.0,ES,Spain,2026,55620.0,Manfred 2026
Manfred 2026,DevOps Engineer,DevOps Engineer,Senior,55800.0,ES,Spain,2026,60264.0,Manfred 2026
Manfred 2026,DevOps Engineer,DevOps Engineer,Senior,57900.0,ES,Spain,2026,62532.0,Manfred 2026
Manfred 2026,DevOps Engineer,DevOps Engineer,Senior,55800.0,ES,Spain,2026,60264.0,Manfred 2026
Manfred 2026,DevOps Engineer,DevOps Engineer,Senior,46400.0,ES,Spain,2026,50112.0,Manfred 2026
Manfred 2026,DevOps Engineer,DevOps Engineer,Senior,54000.0,ES,Spain,2026,58320.0,Manfred 2026
Manfred 2026,DevOps Engineer,DevOps Engineer,Senior,48200.0,ES,Spain,2026,52056.0,Manfred 2026
Manfred 2026,DevOps Engineer,DevOps Engineer,Lead,67800.0,ES,Spain,2026,73224.0,Manfred 2026
Manfred 2026,DevOps Engineer,DevOps Engineer,Lead,64300.0,ES,Spain,2026,69444.0,Manfred 2026
Manfred 2026,DevOps Engineer,DevOps Engineer,Lead,71500.0,ES,Spain,2026,77220.0,Manfred 2026
Manfred 2026,DevOps Engineer,DevOps Engineer,Lead,72500.0,ES,Spain,2026,78300.0,Manfred 2026
Manfred 2026,DevOps Engineer,DevOps Engineer,Lead,65500.0,ES,Spain,2026,70740.0,Manfred 2026
Manfred 2026,DevOps Engineer,DevOps Engineer,Lead,69300.0,ES,Spain,2026,74844.0,Manfred 2026
Manfred 2026,DevOps Engineer,DevOps Engineer,Lead,70100.0,ES,Spain,2026,75708.0,Manfred 2026
Manfred 2026,DevOps Engineer,DevOps Engineer,Lead,69200.0,ES,Spain,2026,74736.0,Manfred 2026
Manfred 2026,DevOps Engineer,DevOps Engineer,Lead,65700.0,ES,Spain,2026,70956.0,Manfred 2026
Manfred 2026,DevOps Engineer,DevOps Engineer,Lead,69700.0,ES,Spain,2026,75276.0,Manfred 2026
Manfred 2026,DevOps Engineer,DevOps Engineer,Lead,73300.0,ES,Spain,2026,79164.0,Manfred 2026
Manfred 2026,DevOps Engineer,DevOps Engineer,Lead,64600.0,ES,Spain,2026,69768.0,Manfred 2026
Manfred 2026,DevOps Engineer,DevOps Engineer,Lead,64800.0,ES,Spain,2026,69984.0,Manfred 2026
Manfred 2026,DevOps Engineer,DevOps Engineer,Lead,69000.0,ES,Spain,2026,74520.0,Manfred 2026
Manfred 2026,DevOps Engineer,DevOps Engineer,Lead,76800.0,ES,Spain,2026,82944.0,Manfred 2026
Manfred 2026,DevOps Engineer,DevOps Engineer,Lead,72300.0,ES,Spain,2026,78084.0,Manfred 2026
Manfred 2026,DevOps Engineer,DevOps Engineer,Lead,72400.0,ES,Spain,2026,78192.0,Manfred 2026
Manfred 2026,DevOps Engineer,DevOps Engineer,Lead,69100.0,ES,Spain,2026,74628.0,Manfred 2026
Manfred 2026,DevOps Engineer,DevOps Engineer,Lead,71400.0,ES,Spain,2026,77112.0,Manfred 2026
Manfred 2026,DevOps Engineer,DevOps Engineer,Lead,62400.0,ES,Spain,2026,67392.0,Manfred 2026
Manfred 2026,Product Manager,Product Manager,Mid,39000.0,ES,Spain,2026,42120.0,Manfred 2026
Manfred 2026,Product Manager,Product Manager,Mid,42100.0,ES,Spain,2026,45468.0,Manfred 2026
Manfred 2026,Product Manager,Product Manager,Mid,38800.0,ES,Spain,2026,41904.0,Manfred 2026
Manfred 2026,Product Manager,Product Manager,Mid,41500.0,ES,Spain,2026,44820.0,Manfred 2026
Manfred 2026,Product Manager,Product Manager,Mid,39800.0,ES,Spain,2026,42984.0,Manfred 2026
Manfred 2026,Product Manager,Product Manager,Mid,34400.0,ES,Spain,2026,37152.0,Manfred 2026
Manfred 2026,Product Manager,Product Manager,Mid,41900.0,ES,Spain,2026,45252.0,Manfred 2026
Manfred 2026,Product Manager,Product Manager,Mid,33600.0,ES,Spain,2026,36288.0,Manfred 2026
Manfred 2026,Product Manager,Product Manager,Mid,38200.0,ES,Spain,2026,41256.0,Manfred 2026
Manfred 2026,Product Manager,Product Manager,Mid,34700.0,ES,Spain,2026,37476.0,Manfred 2026
Manfred 2026,Product Manager,Product Manager,Mid,32100.0,ES,Spain,2026,34668.0,Manfred 2026
Manfred 2026,Product Manager,Product Manager,Mid,37400.0,ES,Spain,2026,40392.0,Manfred 2026
Manfred 2026,Product Manager,Product Manager,Mid,36400.0,ES,Spain,2026,39312.0,Manfred 2026
Manfred 2026,Product Manager,Product Manager,Mid,37900.0,ES,Spain,2026,40932.0,Manfred 2026
Manfred 2026,Product Manager,Product Manager,Mid,38600.0,ES,Spain,2026,41688.0,Manfred 2026
Manfred 2026,Product Manager,Product Manager,Mid,33100.0,ES,Spain,2026,35748.0,Manfred 2026
Manfred 2026,Product Manager,Product Manager,Mid,34500.0,ES,Spain,2026,37260.0,Manfred 2026
Manfred 2026,Product Manager,Product Manager,Mid,38400.0,ES,Spain,2026,41472.0,Manfred 2026
Manfred 2026,Product Manager,Product Manager,Mid,36800.0,ES,Spain,2026,39744.0,Manfred 2026
Manfred 2026,Product Manager,Product Manager,Mid,39800.0,ES,Spain,2026,42984.0,Manfred 2026
Manfred 2026,Product Manager,Product Manager,Mid,39200.0,ES,Spain,2026,42336.0,Manfred 2026
Manfred 2026,Product Manager,Product Manager,Mid,41100.0,ES,Spain,2026,44388.0,Manfred 2026
Manfred 2026,Product Manager,Product Manager,Mid,39500.0,ES,Spain,2026,42660.0,Manfred 2026
Manfred 2026,Product Manager,Product Manager,Mid,37500.0,ES,Spain,2026,40500.0,Manfred 2026
Manfred 2026,Product Manager,Product Manager,Mid,39300.0,ES,Spain,2026,42444.0,Manfred 2026
Manfred 2026,Product Manager,Product Manager,Mid,36200.0,ES,Spain,2026,39096.0,Manfred 2026
Manfred 2026,Product Manager,Product Manager,Mid,36500.0,ES,Spain,2026,39420.0,Manfred 2026
Manfred 2026,Product Manager,Product Manager,Mid,40500.0,ES,Spain,2026,43740.0,Manfred 2026
Manfred 2026,Product Manager,Product Manager,Mid,37600.0,ES,Spain,2026,40608.0,Manfred 2026
Manfred 2026,Product Manager,Product Manager,Mid,40600.0,ES,Spain,2026,43848.0,Manfred 2026
Manfred 2026,Product Manager,Product Manager,Mid,40800.0,ES,Spain,2026,44064.0,Manfred 2026
Manfred 2026,Product Manager,Product Manager,Mid,41300.0,ES,Spain,2026,44604.0,Manfred 2026
Manfred 2026,Product Manager,Product Manager,Mid,42100.0,ES,Spain,2026,45468.0,Manfred 2026
Manfred 2026,Product Manager,Product Manager,Mid,37500.0,ES,Spain,2026,40500.0,Manfred 2026
Manfred 2026,Product Manager,Product Manager,Mid,36600.0,ES,Spain,2026,39528.0,Manfred 2026
Manfred 2026,Product Manager,Product Manager,Mid,38600.0,ES,Spain,2026,41688.0,Manfred 2026
Manfred 2026,Product Manager,Product Manager,Mid,37000.0,ES,Spain,2026,39960.0,Manfred 2026
Manfred 2026,Product Manager,Product Manager,Mid,38700.0,ES,Spain,2026,41796.0,Manfred 2026
Manfred 2026,Product Manager,Product Manager,Mid,39600.0,ES,Spain,2026,42768.0,Manfred 2026
Manfred 2026,Product Manager,Product Manager,Mid,39500.0,ES,Spain,2026,42660.0,Manfred 2026
Manfred 2026,Product Manager,Product Manager,Mid,37100.0,ES,Spain,2026,40068.0,Manfred 2026
Manfred 2026,Product Manager,Product Manager,Mid,35000.0,ES,Spain,2026,37800.0,Manfred 2026
Manfred 2026,Product Manager,Product Manager,Mid,37500.0,ES,Spain,2026,40500.0,Manfred 2026
Manfred 2026,Product Manager,Product Manager,Mid,34700.0,ES,Spain,2026,37476.0,Manfred 2026
Manfred 2026,Product Manager,Product Manager,Mid,41700.0,ES,Spain,2026,45036.0,Manfred 2026
Manfred 2026,Product Manager,Product Manager,Mid,36800.0,ES,Spain,2026,39744.0,Manfred 2026
Manfred 2026,Product Manager,Product Manager,Mid,34900.0,ES,Spain,2026,37692.0,Manfred 2026
Manfred 2026,Product Manager,Product Manager,Mid,32600.0,ES,Spain,2026,35208.0,Manfred 2026
Manfred 2026,Product Manager,Product Manager,Mid,39100.0,ES,Spain,2026,42228.0,Manfred 2026
Manfred 2026,Product Manager,Product Manager,Mid,39000.0,ES,Spain,2026,42120.0,Manfred 2026
Manfred 2026,Product Manager,Product Manager,Mid,36800.0,ES,Spain,2026,39744.0,Manfred 2026
Manfred 2026,Product Manager,Product Manager,Mid,33700.0,ES,Spain,2026,36396.0,Manfred 2026
Manfred 2026,Product Manager,Product Manager,Mid,37300.0,ES,Spain,2026,40284.0,Manfred 2026
Manfred 2026,Product Manager,Product Manager,Mid,36500.0,ES,Spain,2026,39420.0,Manfred 2026
Manfred 2026,Product Manager,Product Manager,Mid,39400.0,ES,Spain,2026,42552.0,Manfred 2026
Manfred 2026,Product Manager,Product Manager,Mid,38800.0,ES,Spain,2026,41904.0,Manfred 2026
Manfred 2026,Product Manager,Product Manager,Mid,37000.0,ES,Spain,2026,39960.0,Manfred 2026
Manfred 2026,Product Manager,Product Manager,Mid,35600.0,ES,Spain,2026,38448.0,Manfred 2026
Manfred 2026,Product Manager,Product Manager,Mid,43900.0,ES,Spain,2026,47412.0,Manfred 2026
Manfred 2026,Product Manager,Product Manager,Mid,37700.0,ES,Spain,2026,40716.0,Manfred 2026
Manfred 2026,Product Manager,Product Manager,Mid,39500.0,ES,Spain,2026,42660.0,Manfred 2026
Manfred 2026,Product Manager,Product Manager,Mid,34700.0,ES,Spain,2026,37476.0,Manfred 2026
Manfred 2026,Product Manager,Product Manager,Mid,37900.0,ES,Spain,2026,40932.0,Manfred 2026
Manfred 2026,Product Manager,Product Manager,Mid,32600.0,ES,Spain,2026,35208.0,Manfred 2026
Manfred 2026,Product Manager,Product Manager,Mid,38000.0,ES,Spain,2026,41040.0,Manfred 2026
Manfred 2026,Product Manager,Product Manager,Mid,43100.0,ES,Spain,2026,46548.0,Manfred 2026
Manfred 2026,Product Manager,Product Manager,Mid,37100.0,ES,Spain,2026,40068.0,Manfred 2026
Manfred 2026,Product Manager,Product Manager,Mid,33000.0,ES,Spain,2026,35640.0,Manfred 2026
Manfred 2026,Product Manager,Product Manager,Mid,32700.0,ES,Spain,2026,35316.0,Manfred 2026
Manfred 2026,Product Manager,Product Manager,Mid,37200.0,ES,Spain,2026,40176.0,Manfred 2026
Manfred 2026,Product Manager,Product Manager,Senior,48500.0,ES,Spain,2026,52380.0,Manfred 2026
Manfred 2026,Product Manager,Product Manager,Senior,47000.0,ES,Spain,2026,50760.0,Manfred 2026
Manfred 2026,Product Manager,Product Manager,Senior,51900.0,ES,Spain,2026,56052.0,Manfred 2026
Manfred 2026,Product Manager,Product Manager,Senior,50300.0,ES,Spain,2026,54324.0,Manfred 2026
Manfred 2026,Product Manager,Product Manager,Senior,49400.0,ES,Spain,2026,53352.0,Manfred 2026
Manfred 2026,Product Manager,Product Manager,Senior,53000.0,ES,Spain,2026,57240.0,Manfred 2026
Manfred 2026,Product Manager,Product Manager,Senior,48200.0,ES,Spain,2026,52056.0,Manfred 2026
Manfred 2026,Product Manager,Product Manager,Senior,53700.0,ES,Spain,2026,57996.0,Manfred 2026
Manfred 2026,Product Manager,Product Manager,Senior,49600.0,ES,Spain,2026,53568.0,Manfred 2026
Manfred 2026,Product Manager,Product Manager,Senior,52900.0,ES,Spain,2026,57132.0,Manfred 2026
Manfred 2026,Product Manager,Product Manager,Senior,51000.0,ES,Spain,2026,55080.0,Manfred 2026
Manfred 2026,Product Manager,Product Manager,Senior,52400.0,ES,Spain,2026,56592.0,Manfred 2026
Manfred 2026,Product Manager,Product Manager,Senior,54200.0,ES,Spain,2026,58536.0,Manfred 2026
Manfred 2026,Product Manager,Product Manager,Senior,49400.0,ES,Spain,2026,53352.0,Manfred 2026
Manfred 2026,Product Manager,Product Manager,Senior,53700.0,ES,Spain,2026,57996.0,Manfred 2026
Manfred 2026,Product Manager,Product Manager,Senior,50000.0,ES,Spain,2026,54000.0,Manfred 2026
Manfred 2026,Product Manager,Product Manager,Senior,50000.0,ES,Spain,2026,54000.0,Manfred 2026
Manfred 2026,Product Manager,Product Manager,Senior,49700.0,ES,Spain,2026,53676.0,Manfred 2026
Manfred 2026,Product Manager,Product Manager,Senior,50700.0,ES,Spain,2026,54756.0,Manfred 2026
Manfred 2026,Product Manager,Product Manager,Senior,48500.0,ES,Spain,2026,52380.0,Manfred 2026
Manfred 2026,Product Manager,Product Manager,Senior,50700.0,ES,Spain,2026,54756.0,Manfred 2026
Manfred 2026,Product Manager,Product Manager,Senior,50700.0,ES,Spain,2026,54756.0,Manfred 2026
Manfred 2026,Product Manager,Product Manager,Senior,51900.0,ES,Spain,2026,56052.0,Manfred 2026
Manfred 2026,Product Manager,Product Manager,Senior,52400.0,ES,Spain,2026,56592.0,Manfred 2026
Manfred 2026,Product Manager,Product Manager,Senior,50200.0,ES,Spain,2026,54216.0,Manfred 2026
Manfred 2026,Product Manager,Product Manager,Senior,49500.0,ES,Spain,2026,53460.0,Manfred 2026
Manfred 2026,Product Manager,Product Manager,Senior,49200.0,ES,Spain,2026,53136.0,Manfred 2026
Manfred 2026,Product Manager,Product Manager,Senior,48800.0,ES,Spain,2026,52704.0,Manfred 2026
Manfred 2026,Product Manager,Product Manager,Senior,47500.0,ES,Spain,2026,51300.0,Manfred 2026
Manfred 2026,Product Manager,Product Manager,Senior,49700.0,ES,Spain,2026,53676.0,Manfred 2026
Manfred 2026,Product Manager,Product Manager,Senior,49300.0,ES,Spain,2026,53244.0,Manfred 2026
Manfred 2026,Product Manager,Product Manager,Senior,53800.0,ES,Spain,2026,58104.0,Manfred 2026
Manfred 2026,Product Manager,Product Manager,Senior,50800.0,ES,Spain,2026,54864.0,Manfred 2026
Manfred 2026,Product Manager,Product Manager,Senior,49800.0,ES,Spain,2026,53784.0,Manfred 2026
Manfred 2026,Product Manager,Product Manager,Senior,50900.0,ES,Spain,2026,54972.0,Manfred 2026
Manfred 2026,Product Manager,Product Manager,Senior,48400.0,ES,Spain,2026,52272.0,Manfred 2026
Manfred 2026,Product Manager,Product Manager,Senior,50200.0,ES,Spain,2026,54216.0,Manfred 2026
Manfred 2026,Product Manager,Product Manager,Senior,51100.0,ES,Spain,2026,55188.0,Manfred 2026
Manfred 2026,Product Manager,Product Manager,Senior,50400.0,ES,Spain,2026,54432.0,Manfred 2026
Manfred 2026,Product Manager,Product Manager,Senior,50000.0,ES,Spain,2026,54000.0,Manfred 2026
Manfred 2026,Product Manager,Product Manager,Senior,54500.0,ES,Spain,2026,58860.0,Manfred 2026
Manfred 2026,Product Manager,Product Manager,Senior,52800.0,ES,Spain,2026,57024.0,Manfred 2026
Manfred 2026,Product Manager,Product Manager,Senior,51100.0,ES,Spain,2026,55188.0,Manfred 2026
Manfred 2026,Product Manager,Product Manager,Senior,50800.0,ES,Spain,2026,54864.0,Manfred 2026
Manfred 2026,Product Manager,Product Manager,Senior,51100.0,ES,Spain,2026,55188.0,Manfred 2026
Manfred 2026,Product Manager,Product Manager,Senior,48900.0,ES,Spain,2026,52812.0,Manfred 2026
Manfred 2026,Product Manager,Product Manager,Senior,50000.0,ES,Spain,2026,54000.0,Manfred 2026
Manfred 2026,Product Manager,Product Manager,Senior,47300.0,ES,Spain,2026,51084.0,Manfred 2026
Manfred 2026,Product Manager,Product Manager,Senior,50400.0,ES,Spain,2026,54432.0,Manfred 2026
Manfred 2026,Product Manager,Product Manager,Senior,50700.0,ES,Spain,2026,54756.0,Manfred 2026
Manfred 2026,Product Manager,Product Manager,Senior,49000.0,ES,Spain,2026,52920.0,Manfred 2026
Manfred 2026,Product Manager,Product Manager,Senior,53800.0,ES,Spain,2026,58104.0,Manfred 2026
Manfred 2026,Product Manager,Product Manager,Senior,53100.0,ES,Spain,2026,57348.0,Manfred 2026
Manfred 2026,Product Manager,Product Manager,Senior,51600.0,ES,Spain,2026,55728.0,Manfred 2026
Manfred 2026,Product Manager,Product Manager,Senior,50700.0,ES,Spain,2026,54756.0,Manfred 2026
Manfred 2026,Product Manager,Product Manager,Senior,52700.0,ES,Spain,2026,56916.0,Manfred 2026
Manfred 2026,Product Manager,Product Manager,Senior,48300.0,ES,Spain,2026,52164.0,Manfred 2026
Manfred 2026,Product Manager,Product Manager,Senior,52100.0,ES,Spain,2026,56268.0,Manfred 2026
Manfred 2026,Product Manager,Product Manager,Senior,48200.0,ES,Spain,2026,52056.0,Manfred 2026
Manfred 2026,Product Manager,Product Manager,Senior,52100.0,ES,Spain,2026,56268.0,Manfred 2026
Manfred 2026,Product Manager,Product Manager,Lead,64900.0,ES,Spain,2026,70092.0,Manfred 2026
Manfred 2026,Product Manager,Product Manager,Lead,74100.0,ES,Spain,2026,80028.0,Manfred 2026
Manfred 2026,Product Manager,Product Manager,Lead,76000.0,ES,Spain,2026,82080.0,Manfred 2026
Manfred 2026,Product Manager,Product Manager,Lead,62500.0,ES,Spain,2026,67500.0,Manfred 2026
Manfred 2026,Product Manager,Product Manager,Lead,67500.0,ES,Spain,2026,72900.0,Manfred 2026
Manfred 2026,Product Manager,Product Manager,Lead,77700.0,ES,Spain,2026,83916.0,Manfred 2026
Manfred 2026,Product Manager,Product Manager,Lead,67800.0,ES,Spain,2026,73224.0,Manfred 2026
Manfred 2026,Product Manager,Product Manager,Lead,73700.0,ES,Spain,2026,79596.0,Manfred 2026
Manfred 2026,Product Manager,Product Manager,Lead,69100.0,ES,Spain,2026,74628.0,Manfred 2026
Manfred 2026,Product Manager,Product Manager,Lead,66400.0,ES,Spain,2026,71712.0,Manfred 2026
Manfred 2026,Product Manager,Product Manager,Lead,65100.0,ES,Spain,2026,70308.0,Manfred 2026
Manfred 2026,Product Manager,Product Manager,Lead,63700.0,ES,Spain,2026,68796.0,Manfred 2026
Manfred 2026,Product Manager,Product Manager,Lead,71700.0,ES,Spain,2026,77436.0,Manfred 2026
Manfred 2026,Product Manager,Product Manager,Lead,66600.0,ES,Spain,2026,71928.0,Manfred 2026
Manfred 2026,Product Manager,Product Manager,Lead,68100.0,ES,Spain,2026,73548.0,Manfred 2026
Manfred 2026,Product Manager,Product Manager,Lead,67900.0,ES,Spain,2026,73332.0,Manfred 2026
Manfred 2026,Product Manager,Product Manager,Lead,69000.0,ES,Spain,2026,74520.0,Manfred 2026
Manfred 2026,Product Manager,Product Manager,Lead,73800.0,ES,Spain,2026,79704.0,Manfred 2026
Manfred 2026,Product Manager,Product Manager,Lead,77600.0,ES,Spain,2026,83808.0,Manfred 2026
Manfred 2026,Product Manager,Product Manager,Lead,66800.0,ES,Spain,2026,72144.0,Manfred 2026
Manfred 2026,Security Engineer,Security Engineer,Junior,28500.0,ES,Spain,2026,30780.0,Manfred 2026
Manfred 2026,Security Engineer,Security Engineer,Junior,28300.0,ES,Spain,2026,30564.0,Manfred 2026
Manfred 2026,Security Engineer,Security Engineer,Junior,27700.0,ES,Spain,2026,29916.0,Manfred 2026
Manfred 2026,Security Engineer,Security Engineer,Junior,29300.0,ES,Spain,2026,31644.0,Manfred 2026
Manfred 2026,Security Engineer,Security Engineer,Junior,26600.0,ES,Spain,2026,28728.0,Manfred 2026
Manfred 2026,Security Engineer,Security Engineer,Junior,26200.0,ES,Spain,2026,28296.0,Manfred 2026
Manfred 2026,Security Engineer,Security Engineer,Junior,28600.0,ES,Spain,2026,30888.0,Manfred 2026
Manfred 2026,Security Engineer,Security Engineer,Junior,27300.0,ES,Spain,2026,29484.0,Manfred 2026
Manfred 2026,Security Engineer,Security Engineer,Junior,28600.0,ES,Spain,2026,30888.0,Manfred 2026
Manfred 2026,Security Engineer,Security Engineer,Junior,28800.0,ES,Spain,2026,31104.0,Manfred 2026
Manfred 2026,Security Engineer,Security Engineer,Junior,25900.0,ES,Spain,2026,27972.0,Manfred 2026
Manfred 2026,Security Engineer,Security Engineer,Junior,28800.0,ES,Spain,2026,31104.0,Manfred 2026
Manfred 2026,Security Engineer,Security Engineer,Junior,27400.0,ES,Spain,2026,29592.0,Manfred 2026
Manfred 2026,Security Engineer,Security Engineer,Junior,27500.0,ES,Spain,2026,29700.0,Manfred 2026
Manfred 2026,Security Engineer,Security Engineer,Junior,27800.0,ES,Spain,2026,30024.0,Manfred 2026
Manfred 2026,Security Engineer,Security Engineer,Junior,29000.0,ES,Spain,2026,31320.0,Manfred 2026
Manfred 2026,Security Engineer,Security Engineer,Junior,25500.0,ES,Spain,2026,27540.0,Manfred 2026
Manfred 2026,Security Engineer,Security Engineer,Junior,27400.0,ES,Spain,2026,29592.0,Manfred 2026
Manfred 2026,Security Engineer,Security Engineer,Junior,28000.0,ES,Spain,2026,30240.0,Manfred 2026
Manfred 2026,Security Engineer,Security Engineer,Junior,28100.0,ES,Spain,2026,30348.0,Manfred 2026
Manfred 2026,Security Engineer,Security Engineer,Junior,28000.0,ES,Spain,2026,30240.0,Manfred 2026
Manfred 2026,Security Engineer,Security Engineer,Junior,26300.0,ES,Spain,2026,28404.0,Manfred 2026
Manfred 2026,Security Engineer,Security Engineer,Junior,26900.0,ES,Spain,2026,29052.0,Manfred 2026
Manfred 2026,Security Engineer,Security Engineer,Junior,27100.0,ES,Spain,2026,29268.0,Manfred 2026
Manfred 2026,Security Engineer,Security Engineer,Junior,28400.0,ES,Spain,2026,30672.0,Manfred 2026
Manfred 2026,Security Engineer,Security Engineer,Junior,26900.0,ES,Spain,2026,29052.0,Manfred 2026
Manfred 2026,Security Engineer,Security Engineer,Junior,26600.0,ES,Spain,2026,28728.0,Manfred 2026
Manfred 2026,Security Engineer,Security Engineer,Junior,29300.0,ES,Spain,2026,31644.0,Manfred 2026
Manfred 2026,Security Engineer,Security Engineer,Junior,25300.0,ES,Spain,2026,27324.0,Manfred 2026
Manfred 2026,Security Engineer,Security Engineer,Junior,29800.0,ES,Spain,2026,32184.0,Manfred 2026
Manfred 2026,Security Engineer,Security Engineer,Junior,28000.0,ES,Spain,2026,30240.0,Manfred 2026
Manfred 2026,Security Engineer,Security Engineer,Junior,28500.0,ES,Spain,2026,30780.0,Manfred 2026
Manfred 2026,Security Engineer,Security Engineer,Junior,26900.0,ES,Spain,2026,29052.0,Manfred 2026
Manfred 2026,Security Engineer,Security Engineer,Junior,25400.0,ES,Spain,2026,27432.0,Manfred 2026
Manfred 2026,Security Engineer,Security Engineer,Junior,28200.0,ES,Spain,2026,30456.0,Manfred 2026
Manfred 2026,Security Engineer,Security Engineer,Junior,28600.0,ES,Spain,2026,30888.0,Manfred 2026
Manfred 2026,Security Engineer,Security Engineer,Junior,28200.0,ES,Spain,2026,30456.0,Manfred 2026
Manfred 2026,Security Engineer,Security Engineer,Junior,26300.0,ES,Spain,2026,28404.0,Manfred 2026
Manfred 2026,Security Engineer,Security Engineer,Junior,28200.0,ES,Spain,2026,30456.0,Manfred 2026
Manfred 2026,Security Engineer,Security Engineer,Junior,28300.0,ES,Spain,2026,30564.0,Manfred 2026
Manfred 2026,Security Engineer,Security Engineer,Junior,27900.0,ES,Spain,2026,30132.0,Manfred 2026
Manfred 2026,Security Engineer,Security Engineer,Junior,28300.0,ES,Spain,2026,30564.0,Manfred 2026
Manfred 2026,Security Engineer,Security Engineer,Junior,28600.0,ES,Spain,2026,30888.0,Manfred 2026
Manfred 2026,Security Engineer,Security Engineer,Junior,27800.0,ES,Spain,2026,30024.0,Manfred 2026
Manfred 2026,Security Engineer,Security Engineer,Junior,26100.0,ES,Spain,2026,28188.0,Manfred 2026
Manfred 2026,Security Engineer,Security Engineer,Junior,27500.0,ES,Spain,2026,29700.0,Manfred 2026
Manfred 2026,Security Engineer,Security Engineer,Junior,26000.0,ES,Spain,2026,28080.0,Manfred 2026
Manfred 2026,Security Engineer,Security Engineer,Junior,27300.0,ES,Spain,2026,29484.0,Manfred 2026
Manfred 2026,Security Engineer,Security Engineer,Junior,27300.0,ES,Spain,2026,29484.0,Manfred 2026
Manfred 2026,Security Engineer,Security Engineer,Junior,25900.0,ES,Spain,2026,27972.0,Manfred 2026
Manfred 2026,Security Engineer,Security Engineer,Mid,34800.0,ES,Spain,2026,37584.0,Manfred 2026
Manfred 2026,Security Engineer,Security Engineer,Mid,33100.0,ES,Spain,2026,35748.0,Manfred 2026
Manfred 2026,Security Engineer,Security Engineer,Mid,37200.0,ES,Spain,2026,40176.0,Manfred 2026
Manfred 2026,Security Engineer,Security Engineer,Mid,38500.0,ES,Spain,2026,41580.0,Manfred 2026
Manfred 2026,Security Engineer,Security Engineer,Mid,32700.0,ES,Spain,2026,35316.0,Manfred 2026
Manfred 2026,Security Engineer,Security Engineer,Mid,38700.0,ES,Spain,2026,41796.0,Manfred 2026
Manfred 2026,Security Engineer,Security Engineer,Mid,35600.0,ES,Spain,2026,38448.0,Manfred 2026
Manfred 2026,Security Engineer,Security Engineer,Mid,34500.0,ES,Spain,2026,37260.0,Manfred 2026
Manfred 2026,Security Engineer,Security Engineer,Mid,32800.0,ES,Spain,2026,35424.0,Manfred 2026
Manfred 2026,Security Engineer,Security Engineer,Mid,35500.0,ES,Spain,2026,38340.0,Manfred 2026
Manfred 2026,Security Engineer,Security Engineer,Mid,37100.0,ES,Spain,2026,40068.0,Manfred 2026
Manfred 2026,Security Engineer,Security Engineer,Mid,36600.0,ES,Spain,2026,39528.0,Manfred 2026
Manfred 2026,Security Engineer,Security Engineer,Mid,32400.0,ES,Spain,2026,34992.0,Manfred 2026
Manfred 2026,Security Engineer,Security Engineer,Mid,32700.0,ES,Spain,2026,35316.0,Manfred 2026
Manfred 2026,Security Engineer,Security Engineer,Mid,35000.0,ES,Spain,2026,37800.0,Manfred 2026
Manfred 2026,Security Engineer,Security Engineer,Mid,34500.0,ES,Spain,2026,37260.0,Manfred 2026
Manfred 2026,Security Engineer,Security Engineer,Mid,34100.0,ES,Spain,2026,36828.0,Manfred 2026
Manfred 2026,Security Engineer,Security Engineer,Mid,34400.0,ES,Spain,2026,37152.0,Manfred 2026
Manfred 2026,Security Engineer,Security Engineer,Mid,37200.0,ES,Spain,2026,40176.0,Manfred 2026
Manfred 2026,Security Engineer,Security Engineer,Mid,38300.0,ES,Spain,2026,41364.0,Manfred 2026
Manfred 2026,Security Engineer,Security Engineer,Mid,35100.0,ES,Spain,2026,37908.0,Manfred 2026
Manfred 2026,Security Engineer,Security Engineer,Mid,38000.0,ES,Spain,2026,41040.0,Manfred 2026
Manfred 2026,Security Engineer,Security Engineer,Mid,34600.0,ES,Spain,2026,37368.0,Manfred 2026
Manfred 2026,Security Engineer,Security Engineer,Mid,35400.0,ES,Spain,2026,38232.0,Manfred 2026
Manfred 2026,Security Engineer,Security Engineer,Mid,34000.0,ES,Spain,2026,36720.0,Manfred 2026
Manfred 2026,Security Engineer,Security Engineer,Mid,36200.0,ES,Spain,2026,39096.0,Manfred 2026
Manfred 2026,Security Engineer,Security Engineer,Mid,39100.0,ES,Spain,2026,42228.0,Manfred 2026
Manfred 2026,Security Engineer,Security Engineer,Mid,36000.0,ES,Spain,2026,38880.0,Manfred 2026
Manfred 2026,Security Engineer,Security Engineer,Mid,34800.0,ES,Spain,2026,37584.0,Manfred 2026
Manfred 2026,Security Engineer,Security Engineer,Mid,36200.0,ES,Spain,2026,39096.0,Manfred 2026
Manfred 2026,Security Engineer,Security Engineer,Mid,33200.0,ES,Spain,2026,35856.0,Manfred 2026
Manfred 2026,Security Engineer,Security Engineer,Mid,37900.0,ES,Spain,2026,40932.0,Manfred 2026
Manfred 2026,Security Engineer,Security Engineer,Mid,35500.0,ES,Spain,2026,38340.0,Manfred 2026
Manfred 2026,Security Engineer,Security Engineer,Mid,35300.0,ES,Spain,2026,38124.0,Manfred 2026
Manfred 2026,Security Engineer,Security Engineer,Mid,35900.0,ES,Spain,2026,38772.0,Manfred 2026
Manfred 2026,Security Engineer,Security Engineer,Mid,36100.0,ES,Spain,2026,38988.0,Manfred 2026
Manfred 2026,Security Engineer,Security Engineer,Mid,32700.0,ES,Spain,2026,35316.0,Manfred 2026
Manfred 2026,Security Engineer,Security Engineer,Mid,36400.0,ES,Spain,2026,39312.0,Manfred 2026
Manfred 2026,Security Engineer,Security Engineer,Mid,34100.0,ES,Spain,2026,36828.0,Manfred 2026
Manfred 2026,Security Engineer,Security Engineer,Mid,36600.0,ES,Spain,2026,39528.0,Manfred 2026
Manfred 2026,Security Engineer,Security Engineer,Mid,37300.0,ES,Spain,2026,40284.0,Manfred 2026
Manfred 2026,Security Engineer,Security Engineer,Mid,37200.0,ES,Spain,2026,40176.0,Manfred 2026
Manfred 2026,Security Engineer,Security Engineer,Mid,35700.0,ES,Spain,2026,38556.0,Manfred 2026
Manfred 2026,Security Engineer,Security Engineer,Mid,35600.0,ES,Spain,2026,38448.0,Manfred 2026
Manfred 2026,Security Engineer,Security Engineer,Mid,33400.0,ES,Spain,2026,36072.0,Manfred 2026
Manfred 2026,Security Engineer,Security Engineer,Mid,37000.0,ES,Spain,2026,39960.0,Manfred 2026
Manfred 2026,Security Engineer,Security Engineer,Mid,34300.0,ES,Spain,2026,37044.0,Manfred 2026
Manfred 2026,Security Engineer,Security Engineer,Mid,35500.0,ES,Spain,2026,38340.0,Manfred 2026
Manfred 2026,Security Engineer,Security Engineer,Mid,34400.0,ES,Spain,2026,37152.0,Manfred 2026
Manfred 2026,Security Engineer,Security Engineer,Mid,33300.0,ES,Spain,2026,35964.0,Manfred 2026
Manfred 2026,Security Engineer,Security Engineer,Mid,36100.0,ES,Spain,2026,38988.0,Manfred 2026
Manfred 2026,Security Engineer,Security Engineer,Mid,32500.0,ES,Spain,2026,35100.0,Manfred 2026
Manfred 2026,Security Engineer,Security Engineer,Mid,36800.0,ES,Spain,2026,39744.0,Manfred 2026
Manfred 2026,Security Engineer,Security Engineer,Mid,34600.0,ES,Spain,2026,37368.0,Manfred 2026
Manfred 2026,Security Engineer,Security Engineer,Mid,31100.0,ES,Spain,2026,33588.0,Manfred 2026
Manfred 2026,Security Engineer,Security Engineer,Mid,35600.0,ES,Spain,2026,38448.0,Manfred 2026
Manfred 2026,Security Engineer,Security Engineer,Mid,32400.0,ES,Spain,2026,34992.0,Manfred 2026
Manfred 2026,Security Engineer,Security Engineer,Mid,34300.0,ES,Spain,2026,37044.0,Manfred 2026
Manfred 2026,Security Engineer,Security Engineer,Mid,36600.0,ES,Spain,2026,39528.0,Manfred 2026
Manfred 2026,Security Engineer,Security Engineer,Mid,32600.0,ES,Spain,2026,35208.0,Manfred 2026
Manfred 2026,Security Engineer,Security Engineer,Mid,37400.0,ES,Spain,2026,40392.0,Manfred 2026
Manfred 2026,Security Engineer,Security Engineer,Mid,31400.0,ES,Spain,2026,33912.0,Manfred 2026
Manfred 2026,Security Engineer,Security Engineer,Mid,34200.0,ES,Spain,2026,36936.0,Manfred 2026
Manfred 2026,Security Engineer,Security Engineer,Mid,36800.0,ES,Spain,2026,39744.0,Manfred 2026
Manfred 2026,Security Engineer,Security Engineer,Mid,34600.0,ES,Spain,2026,37368.0,Manfred 2026
Manfred 2026,Security Engineer,Security Engineer,Mid,33000.0,ES,Spain,2026,35640.0,Manfred 2026
Manfred 2026,Security Engineer,Security Engineer,Mid,34800.0,ES,Spain,2026,37584.0,Manfred 2026
Manfred 2026,Security Engineer,Security Engineer,Mid,34300.0,ES,Spain,2026,37044.0,Manfred 2026
Manfred 2026,Security Engineer,Security Engineer,Mid,37500.0,ES,Spain,2026,40500.0,Manfred 2026
Manfred 2026,Security Engineer,Security Engineer,Mid,34600.0,ES,Spain,2026,37368.0,Manfred 2026
Manfred 2026,Security Engineer,Security Engineer,Senior,50500.0,ES,Spain,2026,54540.0,Manfred 2026
Manfred 2026,Security Engineer,Security Engineer,Senior,51700.0,ES,Spain,2026,55836.0,Manfred 2026
Manfred 2026,Security Engineer,Security Engineer,Senior,47500.0,ES,Spain,2026,51300.0,Manfred 2026
Manfred 2026,Security Engineer,Security Engineer,Senior,52000.0,ES,Spain,2026,56160.0,Manfred 2026
Manfred 2026,Security Engineer,Security Engineer,Senior,47100.0,ES,Spain,2026,50868.0,Manfred 2026
Manfred 2026,Security Engineer,Security Engineer,Senior,53100.0,ES,Spain,2026,57348.0,Manfred 2026
Manfred 2026,Security Engineer,Security Engineer,Senior,44000.0,ES,Spain,2026,47520.0,Manfred 2026
Manfred 2026,Security Engineer,Security Engineer,Senior,49500.0,ES,Spain,2026,53460.0,Manfred 2026
Manfred 2026,Security Engineer,Security Engineer,Senior,48000.0,ES,Spain,2026,51840.0,Manfred 2026
Manfred 2026,Security Engineer,Security Engineer,Senior,47200.0,ES,Spain,2026,50976.0,Manfred 2026
Manfred 2026,Security Engineer,Security Engineer,Senior,49000.0,ES,Spain,2026,52920.0,Manfred 2026
Manfred 2026,Security Engineer,Security Engineer,Senior,49600.0,ES,Spain,2026,53568.0,Manfred 2026
Manfred 2026,Security Engineer,Security Engineer,Senior,41700.0,ES,Spain,2026,45036.0,Manfred 2026
Manfred 2026,Security Engineer,Security Engineer,Senior,45000.0,ES,Spain,2026,48600.0,Manfred 2026
Manfred 2026,Security Engineer,Security Engineer,Senior,49700.0,ES,Spain,2026,53676.0,Manfred 2026
Manfred 2026,Security Engineer,Security Engineer,Senior,49300.0,ES,Spain,2026,53244.0,Manfred 2026
Manfred 2026,Security Engineer,Security Engineer,Senior,53200.0,ES,Spain,2026,57456.0,Manfred 2026
Manfred 2026,Security Engineer,Security Engineer,Senior,50200.0,ES,Spain,2026,54216.0,Manfred 2026
Manfred 2026,Security Engineer,Security Engineer,Senior,52800.0,ES,Spain,2026,57024.0,Manfred 2026
Manfred 2026,Security Engineer,Security Engineer,Senior,49600.0,ES,Spain,2026,53568.0,Manfred 2026
Manfred 2026,Security Engineer,Security Engineer,Senior,46400.0,ES,Spain,2026,50112.0,Manfred 2026
Manfred 2026,Security Engineer,Security Engineer,Senior,44200.0,ES,Spain,2026,47736.0,Manfred 2026
Manfred 2026,Security Engineer,Security Engineer,Senior,50400.0,ES,Spain,2026,54432.0,Manfred 2026
Manfred 2026,Security Engineer,Security Engineer,Senior,49100.0,ES,Spain,2026,53028.0,Manfred 2026
Manfred 2026,Security Engineer,Security Engineer,Senior,43200.0,ES,Spain,2026,46656.0,Manfred 2026
Manfred 2026,Security Engineer,Security Engineer,Senior,46900.0,ES,Spain,2026,50652.0,Manfred 2026
Manfred 2026,Security Engineer,Security Engineer,Senior,52900.0,ES,Spain,2026,57132.0,Manfred 2026
Manfred 2026,Security Engineer,Security Engineer,Senior,48000.0,ES,Spain,2026,51840.0,Manfred 2026
Manfred 2026,Security Engineer,Security Engineer,Senior,47500.0,ES,Spain,2026,51300.0,Manfred 2026
Manfred 2026,Security Engineer,Security Engineer,Senior,47700.0,ES,Spain,2026,51516.0,Manfred 2026
Manfred 2026,Security Engineer,Security Engineer,Senior,45500.0,ES,Spain,2026,49140.0,Manfred 2026
Manfred 2026,Security Engineer,Security Engineer,Senior,47000.0,ES,Spain,2026,50760.0,Manfred 2026
Manfred 2026,Security Engineer,Security Engineer,Senior,47000.0,ES,Spain,2026,50760.0,Manfred 2026
Manfred 2026,Security Engineer,Security Engineer,Senior,43300.0,ES,Spain,2026,46764.0,Manfred 2026
Manfred 2026,Security Engineer,Security Engineer,Senior,50200.0,ES,Spain,2026,54216.0,Manfred 2026
Manfred 2026,Security Engineer,Security Engineer,Senior,47400.0,ES,Spain,2026,51192.0,Manfred 2026
Manfred 2026,Security Engineer,Security Engineer,Senior,50800.0,ES,Spain,2026,54864.0,Manfred 2026
Manfred 2026,Security Engineer,Security Engineer,Senior,51200.0,ES,Spain,2026,55296.0,Manfred 2026
Manfred 2026,Security Engineer,Security Engineer,Senior,45600.0,ES,Spain,2026,49248.0,Manfred 2026
Manfred 2026,Security Engineer,Security Engineer,Senior,49200.0,ES,Spain,2026,53136.0,Manfred 2026
Manfred 2026,Security Engineer,Security Engineer,Senior,47800.0,ES,Spain,2026,51624.0,Manfred 2026
Manfred 2026,Security Engineer,Security Engineer,Senior,51600.0,ES,Spain,2026,55728.0,Manfred 2026
Manfred 2026,Security Engineer,Security Engineer,Senior,45600.0,ES,Spain,2026,49248.0,Manfred 2026
Manfred 2026,Security Engineer,Security Engineer,Senior,49400.0,ES,Spain,2026,53352.0,Manfred 2026
Manfred 2026,Security Engineer,Security Engineer,Senior,48800.0,ES,Spain,2026,52704.0,Manfred 2026
Manfred 2026,Security Engineer,Security Engineer,Senior,46400.0,ES,Spain,2026,50112.0,Manfred 2026
Manfred 2026,Security Engineer,Security Engineer,Senior,44700.0,ES,Spain,2026,48276.0,Manfred 2026
Manfred 2026,Security Engineer,Security Engineer,Senior,49200.0,ES,Spain,2026,53136.0,Manfred 2026
Manfred 2026,Security Engineer,Security Engineer,Senior,49900.0,ES,Spain,2026,53892.0,Manfred 2026
Manfred 2026,Security Engineer,Security Engineer,Senior,46600.0,ES,Spain,2026,50328.0,Manfred 2026
Manfred 2026,Security Engineer,Security Engineer,Senior,49100.0,ES,Spain,2026,53028.0,Manfred 2026
Manfred 2026,Security Engineer,Security Engineer,Senior,47200.0,ES,Spain,2026,50976.0,Manfred 2026
Manfred 2026,Security Engineer,Security Engineer,Senior,49700.0,ES,Spain,2026,53676.0,Manfred 2026
Manfred 2026,Security Engineer,Security Engineer,Senior,45400.0,ES,Spain,2026,49032.0,Manfred 2026
Manfred 2026,Security Engineer,Security Engineer,Senior,51700.0,ES,Spain,2026,55836.0,Manfred 2026
Manfred 2026,Security Engineer,Security Engineer,Senior,46300.0,ES,Spain,2026,50004.0,Manfred 2026
Manfred 2026,Security Engineer,Security Engineer,Senior,47000.0,ES,Spain,2026,50760.0,Manfred 2026
Manfred 2026,Security Engineer,Security Engineer,Senior,43400.0,ES,Spain,2026,46872.0,Manfred 2026
Manfred 2026,Security Engineer,Security Engineer,Senior,44300.0,ES,Spain,2026,47844.0,Manfred 2026
Manfred 2026,Security Engineer,Security Engineer,Senior,48100.0,ES,Spain,2026,51948.0,Manfred 2026
Manfred 2026,Security Engineer,Security Engineer,Lead,64800.0,ES,Spain,2026,69984.0,Manfred 2026
Manfred 2026,Security Engineer,Security Engineer,Lead,73100.0,ES,Spain,2026,78948.0,Manfred 2026
Manfred 2026,Security Engineer,Security Engineer,Lead,58100.0,ES,Spain,2026,62748.0,Manfred 2026
Manfred 2026,Security Engineer,Security Engineer,Lead,66400.0,ES,Spain,2026,71712.0,Manfred 2026
Manfred 2026,Security Engineer,Security Engineer,Lead,65900.0,ES,Spain,2026,71172.0,Manfred 2026
Manfred 2026,Security Engineer,Security Engineer,Lead,58400.0,ES,Spain,2026,63072.0,Manfred 2026
Manfred 2026,Security Engineer,Security Engineer,Lead,62000.0,ES,Spain,2026,66960.0,Manfred 2026
Manfred 2026,Security Engineer,Security Engineer,Lead,66900.0,ES,Spain,2026,72252.0,Manfred 2026
Manfred 2026,Security Engineer,Security Engineer,Lead,67900.0,ES,Spain,2026,73332.0,Manfred 2026
Manfred 2026,Security Engineer,Security Engineer,Lead,66800.0,ES,Spain,2026,72144.0,Manfred 2026
Manfred 2026,Security Engineer,Security Engineer,Lead,68400.0,ES,Spain,2026,73872.0,Manfred 2026
Manfred 2026,Security Engineer,Security Engineer,Lead,69200.0,ES,Spain,2026,74736.0,Manfred 2026
Manfred 2026,Security Engineer,Security Engineer,Lead,57700.0,ES,Spain,2026,62316.0,Manfred 2026
Manfred 2026,Security Engineer,Security Engineer,Lead,67600.0,ES,Spain,2026,73008.0,Manfred 2026
Manfred 2026,Security Engineer,Security Engineer,Lead,76800.0,ES,Spain,2026,82944.0,Manfred 2026
Manfred 2026,Security Engineer,Security Engineer,Lead,68200.0,ES,Spain,2026,73656.0,Manfred 2026
Manfred 2026,Security Engineer,Security Engineer,Lead,70400.0,ES,Spain,2026,76032.0,Manfred 2026
Manfred 2026,Security Engineer,Security Engineer,Lead,65500.0,ES,Spain,2026,70740.0,Manfred 2026
Manfred 2026,Security Engineer,Security Engineer,Lead,71900.0,ES,Spain,2026,77652.0,Manfred 2026
Manfred 2026,Security Engineer,Security Engineer,Lead,71900.0,ES,Spain,2026,77652.0,Manfred 2026
Kaggle DS 2024,Research Scientist,Research Scientist,Senior,253750.0,ES,Spain,2023,253750.0,Kaggle 2024
Kaggle DS 2024,Research Scientist,Research Scientist,Senior,253750.0,ES,Spain,2023,253750.0,Kaggle 2024
Kaggle DS 2024,Research Scientist,Research Scientist,Senior,169200.0,ES,Spain,2023,169200.0,Kaggle 2024
Kaggle DS 2024,Research Scientist,Research Scientist,Senior,169200.0,ES,Spain,2023,169200.0,Kaggle 2024
Kaggle DS 2024,Machine Learning Engineer,ML Engineer,Mid,125800.0,ES,Spain,2024,139777.0,Kaggle 2024
Kaggle DS 2024,Data Science Director,Data Scientist,Lead,96000.0,ES,Spain,2024,106666.0,Kaggle 2024
Kaggle DS 2024,Data Science Director,Data Scientist,Lead,96000.0,ES,Spain,2024,106666.0,Kaggle 2024
Kaggle DS 2024,Data Engineer,Data Engineer,Mid,95000.0,ES,Spain,2023,95000.0,Kaggle 2024
Kaggle DS 2024,Principal Data Engineer,Data Engineer,Senior,85000.0,ES,Spain,2023,91773.0,Kaggle 2024
Kaggle DS 2024,Machine Learning Engineer,ML Engineer,Mid,83900.0,ES,Spain,2024,93222.0,Kaggle 2024
Kaggle DS 2024,Principal Data Scientist,Data Scientist,Senior,80000.0,ES,Spain,2023,86374.0,Kaggle 2024
Kaggle DS 2024,Data Engineer,Data Engineer,Mid,80000.0,ES,Spain,2023,80000.0,Kaggle 2024
Kaggle DS 2024,Data Engineer,Data Engineer,Mid,80000.0,ES,Spain,2022,84053.0,Kaggle 2024
Kaggle DS 2024,Data Engineer,Data Engineer,Mid,80000.0,ES,Spain,2022,84053.0,Kaggle 2024
Kaggle DS 2024,Data Engineer,Data Engineer,Mid,75000.0,ES,Spain,2023,80976.0,Kaggle 2024
Kaggle DS 2024,Data Engineer,Data Engineer,Senior,72000.0,ES,Spain,2023,77737.0,Kaggle 2024
Kaggle DS 2024,Data Engineer,Data Engineer,Senior,70000.0,ES,Spain,2022,73546.0,Kaggle 2024
Kaggle DS 2024,Data Engineer,Data Engineer,Mid,70000.0,ES,Spain,2022,73546.0,Kaggle 2024
Kaggle DS 2024,Data Engineer,Data Engineer,Mid,70000.0,ES,Spain,2022,73546.0,Kaggle 2024
Kaggle DS 2024,Data Engineer,Data Engineer,Lead,70000.0,ES,Spain,2020,79833.0,Kaggle 2024
Kaggle DS 2024,NLP Engineer,NLP Engineer,Senior,69500.0,ES,Spain,2023,75038.0,Kaggle 2024
Kaggle DS 2024,Data Scientist,Data Scientist,Senior,66000.0,ES,Spain,2023,71259.0,Kaggle 2024
Kaggle DS 2024,Data Engineer,Data Engineer,Senior,65000.0,ES,Spain,2022,68293.0,Kaggle 2024
Kaggle DS 2024,Data Engineer,Data Engineer,Senior,65000.0,ES,Spain,2022,68293.0,Kaggle 2024
Kaggle DS 2024,Data Engineer,Data Engineer,Senior,65000.0,ES,Spain,2022,68293.0,Kaggle 2024
Kaggle DS 2024,Data Engineer,Data Engineer,Mid,62000.0,ES,Spain,2023,66940.0,Kaggle 2024
Kaggle DS 2024,Data Engineer,Data Engineer,Mid,62000.0,ES,Spain,2023,66940.0,Kaggle 2024
Kaggle DS 2024,Data Scientist,Data Scientist,Senior,60000.0,ES,Spain,2024,66666.0,Kaggle 2024
Kaggle DS 2024,Data Scientist,Data Scientist,Senior,60000.0,ES,Spain,2023,64781.0,Kaggle 2024
Kaggle DS 2024,Data Scientist,Data Scientist,Senior,60000.0,ES,Spain,2023,64781.0,Kaggle 2024
Kaggle DS 2024,Data Scientist,Data Scientist,Mid,60000.0,ES,Spain,2023,64781.0,Kaggle 2024
Kaggle DS 2024,AI Engineer,AI Engineer,Senior,60000.0,ES,Spain,2023,64781.0,Kaggle 2024
Kaggle DS 2024,NLP Engineer,NLP Engineer,Senior,60000.0,ES,Spain,2023,64781.0,Kaggle 2024
Kaggle DS 2024,Data Engineer,Data Engineer,Mid,60000.0,ES,Spain,2022,63040.0,Kaggle 2024
Kaggle DS 2024,Data Engineer,Data Engineer,Senior,59565.0,ES,Spain,2023,64311.0,Kaggle 2024
Kaggle DS 2024,Data Science Consultant,Data Scientist,Lead,59000.0,ES,Spain,2021,69741.0,Kaggle 2024
Kaggle DS 2024,Data Scientist,Data Scientist,Mid,55000.0,ES,Spain,2023,59382.0,Kaggle 2024
Kaggle DS 2024,Data Engineer,Data Engineer,Mid,55000.0,ES,Spain,2023,59382.0,Kaggle 2024
Kaggle DS 2024,AI Scientist,AI Engineer,Senior,55000.0,ES,Spain,2021,55000.0,Kaggle 2024
Kaggle DS 2024,Data Analyst,Data Analyst,Senior,52000.0,ES,Spain,2023,56143.0,Kaggle 2024
Kaggle DS 2024,Research Analyst,Analytics General,Senior,49500.0,ES,Spain,2023,53444.0,Kaggle 2024
Kaggle DS 2024,Data Analyst,Data Analyst,Senior,48000.0,ES,Spain,2023,51824.0,Kaggle 2024
Kaggle DS 2024,Data Analyst,Data Analyst,Senior,48000.0,ES,Spain,2023,51824.0,Kaggle 2024
Kaggle DS 2024,Data Analyst,Data Analyst,Senior,48000.0,ES,Spain,2023,51824.0,Kaggle 2024
Kaggle DS 2024,Data Analyst,Data Analyst,Senior,48000.0,ES,Spain,2022,50432.0,Kaggle 2024
Kaggle DS 2024,Data Analyst,Data Analyst,Senior,48000.0,ES,Spain,2022,50432.0,Kaggle 2024
Kaggle DS 2024,Data Analyst,Data Analyst,Senior,48000.0,ES,Spain,2022,50432.0,Kaggle 2024
Kaggle DS 2024,Data Analyst,Data Analyst,Senior,48000.0,ES,Spain,2022,50432.0,Kaggle 2024
Kaggle DS 2024,Data Scientist,Data Scientist,Senior,45000.0,ES,Spain,2023,48585.0,Kaggle 2024
Kaggle DS 2024,Data Scientist,Data Scientist,Senior,45000.0,ES,Spain,2023,48585.0,Kaggle 2024
Kaggle DS 2024,Data Scientist,Data Scientist,Senior,45000.0,ES,Spain,2023,48585.0,Kaggle 2024
Kaggle DS 2024,Data Scientist,Data Scientist,Senior,45000.0,ES,Spain,2023,48585.0,Kaggle 2024
Kaggle DS 2024,Data Scientist,Data Scientist,Senior,45000.0,ES,Spain,2023,48585.0,Kaggle 2024
Kaggle DS 2024,Data Scientist,Data Scientist,Senior,45000.0,ES,Spain,2023,48585.0,Kaggle 2024
Kaggle DS 2024,Data Scientist,Data Scientist,Senior,45000.0,ES,Spain,2023,48585.0,Kaggle 2024
Kaggle DS 2024,Data Scientist,Data Scientist,Senior,45000.0,ES,Spain,2023,48585.0,Kaggle 2024
Kaggle DS 2024,Data Scientist,Data Scientist,Senior,45000.0,ES,Spain,2023,48585.0,Kaggle 2024
Kaggle DS 2024,Data Scientist,Data Scientist,Senior,45000.0,ES,Spain,2023,48585.0,Kaggle 2024
Kaggle DS 2024,Data Scientist,Data Scientist,Senior,45000.0,ES,Spain,2023,48585.0,Kaggle 2024
Kaggle DS 2024,Data Scientist,Data Scientist,Senior,45000.0,ES,Spain,2023,48585.0,Kaggle 2024
Kaggle DS 2024,Big Data Engineer,Data Engineer,Mid,45000.0,ES,Spain,2023,48585.0,Kaggle 2024
Kaggle DS 2024,Data Scientist,Data Scientist,Senior,45000.0,ES,Spain,2023,48585.0,Kaggle 2024
Kaggle DS 2024,Data Scientist,Data Scientist,Mid,45000.0,ES,Spain,2023,48585.0,Kaggle 2024
Kaggle DS 2024,Data Scientist,Data Scientist,Senior,45000.0,ES,Spain,2023,48585.0,Kaggle 2024
Kaggle DS 2024,Data Scientist,Data Scientist,Senior,45000.0,ES,Spain,2022,47280.0,Kaggle 2024
Kaggle DS 2024,Data Scientist,Data Scientist,Senior,45000.0,ES,Spain,2022,47280.0,Kaggle 2024
Kaggle DS 2024,Data Scientist,Data Scientist,Senior,45000.0,ES,Spain,2022,47280.0,Kaggle 2024
Kaggle DS 2024,Data Scientist,Data Scientist,Senior,45000.0,ES,Spain,2022,47280.0,Kaggle 2024
Kaggle DS 2024,Data Scientist,Data Scientist,Senior,45000.0,ES,Spain,2022,47280.0,Kaggle 2024
Kaggle DS 2024,Data Scientist,Data Scientist,Senior,45000.0,ES,Spain,2022,47280.0,Kaggle 2024
Kaggle DS 2024,Data Scientist,Data Scientist,Senior,45000.0,ES,Spain,2022,47280.0,Kaggle 2024
Kaggle DS 2024,Data Engineer,Data Engineer,Mid,45000.0,ES,Spain,2022,47280.0,Kaggle 2024
Kaggle DS 2024,Research Analyst,Analytics General,Senior,41818.0,ES,Spain,2023,45150.0,Kaggle 2024
Kaggle DS 2024,Data Scientist,Data Scientist,Junior,40000.0,ES,Spain,2023,43187.0,Kaggle 2024
Kaggle DS 2024,Data Engineer,Data Engineer,Senior,40000.0,ES,Spain,2022,42026.0,Kaggle 2024
Kaggle DS 2024,Data Analyst,Data Analyst,Mid,40000.0,ES,Spain,2022,42026.0,Kaggle 2024
Kaggle DS 2024,Machine Learning Engineer,ML Engineer,Mid,40000.0,ES,Spain,2021,47282.0,Kaggle 2024
Kaggle DS 2024,Data Scientist,Data Scientist,Mid,39600.0,ES,Spain,2021,46809.0,Kaggle 2024
Kaggle DS 2024,Admin & Data Analyst,Data Analyst,Mid,38000.0,ES,Spain,2024,42222.0,Kaggle 2024
Kaggle DS 2024,Data Scientist,Data Scientist,Senior,38000.0,ES,Spain,2024,42222.0,Kaggle 2024
Kaggle DS 2024,Data Scientist,Data Scientist,Senior,38000.0,ES,Spain,2023,41027.0,Kaggle 2024
Kaggle DS 2024,Data Scientist,Data Scientist,Senior,38000.0,ES,Spain,2023,41027.0,Kaggle 2024
Kaggle DS 2024,Data Engineer,Data Engineer,Junior,38000.0,ES,Spain,2023,41027.0,Kaggle 2024
Kaggle DS 2024,Data Analyst,Data Analyst,Senior,38000.0,ES,Spain,2023,41027.0,Kaggle 2024
Kaggle DS 2024,Data Analyst,Data Analyst,Senior,38000.0,ES,Spain,2023,41027.0,Kaggle 2024
Kaggle DS 2024,Data Analyst,Data Analyst,Senior,38000.0,ES,Spain,2022,39925.0,Kaggle 2024
Kaggle DS 2024,Data Scientist,Data Scientist,Senior,36000.0,ES,Spain,2023,38868.0,Kaggle 2024
Kaggle DS 2024,Data Scientist,Data Scientist,Senior,36000.0,ES,Spain,2023,38868.0,Kaggle 2024
Kaggle DS 2024,Data Scientist,Data Scientist,Senior,36000.0,ES,Spain,2023,38868.0,Kaggle 2024
Kaggle DS 2024,Data Scientist,Data Scientist,Senior,36000.0,ES,Spain,2023,38868.0,Kaggle 2024
Kaggle DS 2024,Machine Learning Engineer,ML Engineer,Mid,36000.0,ES,Spain,2023,38868.0,Kaggle 2024
Kaggle DS 2024,Data Scientist,Data Scientist,Senior,36000.0,ES,Spain,2023,38868.0,Kaggle 2024
Kaggle DS 2024,Data Scientist,Data Scientist,Senior,36000.0,ES,Spain,2023,38868.0,Kaggle 2024
Kaggle DS 2024,Data Scientist,Data Scientist,Senior,36000.0,ES,Spain,2023,38868.0,Kaggle 2024
Kaggle DS 2024,Data Scientist,Data Scientist,Senior,36000.0,ES,Spain,2023,38868.0,Kaggle 2024
Kaggle DS 2024,Data Scientist,Data Scientist,Senior,36000.0,ES,Spain,2023,38868.0,Kaggle 2024
Kaggle DS 2024,Data Scientist,Data Scientist,Senior,36000.0,ES,Spain,2023,38868.0,Kaggle 2024
Kaggle DS 2024,Data Scientist,Data Scientist,Senior,36000.0,ES,Spain,2023,38868.0,Kaggle 2024
Kaggle DS 2024,Data Scientist,Data Scientist,Senior,36000.0,ES,Spain,2023,38868.0,Kaggle 2024
Kaggle DS 2024,Data Scientist,Data Scientist,Senior,36000.0,ES,Spain,2023,38868.0,Kaggle 2024
Kaggle DS 2024,Data Scientist,Data Scientist,Senior,36000.0,ES,Spain,2023,38868.0,Kaggle 2024
Kaggle DS 2024,AI Scientist,AI Engineer,Mid,36000.0,ES,Spain,2023,38868.0,Kaggle 2024
Kaggle DS 2024,Data Scientist,Data Scientist,Senior,36000.0,ES,Spain,2022,37824.0,Kaggle 2024
Kaggle DS 2024,Data Scientist,Data Scientist,Senior,36000.0,ES,Spain,2022,37824.0,Kaggle 2024
Kaggle DS 2024,Data Scientist,Data Scientist,Senior,36000.0,ES,Spain,2022,37824.0,Kaggle 2024
Kaggle DS 2024,Data Scientist,Data Scientist,Senior,36000.0,ES,Spain,2022,37824.0,Kaggle 2024
Kaggle DS 2024,Data Scientist,Data Scientist,Senior,36000.0,ES,Spain,2022,37824.0,Kaggle 2024
Kaggle DS 2024,Data Scientist,Data Scientist,Senior,36000.0,ES,Spain,2022,37824.0,Kaggle 2024
Kaggle DS 2024,Data Scientist,Data Scientist,Senior,36000.0,ES,Spain,2022,37824.0,Kaggle 2024
Kaggle DS 2024,Data Engineer,Data Engineer,Senior,35000.0,ES,Spain,2022,36773.0,Kaggle 2024
Kaggle DS 2024,Data Engineer,Data Engineer,Senior,35000.0,ES,Spain,2022,36773.0,Kaggle 2024
Kaggle DS 2024,Data Engineer,Data Engineer,Senior,35000.0,ES,Spain,2022,36773.0,Kaggle 2024
Kaggle DS 2024,Data Analyst,Data Analyst,Senior,35000.0,ES,Spain,2022,36773.0,Kaggle 2024
Kaggle DS 2024,Data Analyst,Data Analyst,Senior,35000.0,ES,Spain,2022,36773.0,Kaggle 2024
Kaggle DS 2024,Data Analyst,Data Analyst,Senior,35000.0,ES,Spain,2022,36773.0,Kaggle 2024
Kaggle DS 2024,Data Scientist,Data Scientist,Mid,34000.0,ES,Spain,2020,38776.0,Kaggle 2024
Kaggle DS 2024,Research Engineer,Research Scientist,Mid,32000.0,ES,Spain,2023,34549.0,Kaggle 2024
Kaggle DS 2024,Data Scientist,Data Scientist,Mid,32000.0,ES,Spain,2021,37825.0,Kaggle 2024
Kaggle DS 2024,AI Engineer,AI Engineer,Mid,30390.0,ES,Spain,2023,32811.0,Kaggle 2024
Kaggle DS 2024,AI Scientist,AI Engineer,Junior,30000.0,ES,Spain,2022,31520.0,Kaggle 2024
Kaggle DS 2024,Data Scientist,Data Scientist,Junior,30000.0,ES,Spain,2022,31520.0,Kaggle 2024
Kaggle DS 2024,Data Analyst,Data Analyst,Mid,30000.0,ES,Spain,2022,31520.0,Kaggle 2024
Kaggle DS 2024,Data Scientist,Data Scientist,Junior,29000.0,ES,Spain,2023,31310.0,Kaggle 2024
Kaggle DS 2024,Data Analyst,Data Analyst,Junior,26000.0,ES,Spain,2024,28888.0,Kaggle 2024
Kaggle DS 2024,Data Science Consultant,Data Scientist,Junior,26000.0,ES,Spain,2022,27317.0,Kaggle 2024
Kaggle DS 2024,Data Analyst,Data Analyst,Junior,21000.0,ES,Spain,2024,23333.0,Kaggle 2024
Kaggle DS 2024,Business Data Analyst,Data Analyst,Junior,20000.0,ES,Spain,2023,21593.0,Kaggle 2024
Spain Scraped,CTO / Head of Engineering,Tech General,5-10 años,45054.0,ES,Spain,2026,48658.0,Scraped
Spain Scraped,Data Scientist,Data Scientist,rango,35000.0,ES,Spain,2026,37800.0,Scraped
Spain Scraped,Data Scientist,Data Scientist,estimacion,38000.0,ES,Spain,2026,41040.0,Scraped
Spain Scraped,Data Scientist,Data Scientist,estimacion,43000.0,ES,Spain,2026,46440.0,Scraped
Spain Scraped,Data Scientist,Data Scientist,estimacion,70000.0,ES,Spain,2026,75600.0,Scraped
Spain Scraped,Data Scientist,Data Scientist,estimacion,31475.0,ES,Spain,2026,33993.0,Scraped
Spain Scraped,Data Scientist,Data Scientist,estimacion,56000.0,ES,Spain,2026,60480.0,Scraped
Spain Scraped,Data Scientist,Data Scientist,estimacion,35000.0,ES,Spain,2026,37800.0,Scraped
Spain Scraped,Data Scientist,Data Scientist,estimacion,30000.0,ES,Spain,2026,32400.0,Scraped
Spain Scraped,Data Scientist,Data Scientist,estimacion,63462.0,ES,Spain,2026,68539.0,Scraped
Spain Scraped,Data Scientist,Data Scientist,estimacion,75000.0,ES,Spain,2026,81000.0,Scraped
Spain Scraped,Data Scientist,Data Scientist,estimacion,65000.0,ES,Spain,2026,70200.0,Scraped
Spain Scraped,Data Scientist,Data Scientist,estimacion,87000.0,ES,Spain,2026,93960.0,Scraped
Spain Scraped,Data Scientist,Data Scientist,estimacion,78625.0,ES,Spain,2026,84915.0,Scraped
Spain Scraped,Data Scientist,Data Scientist,estimacion,127216.0,ES,Spain,2026,137393.0,Scraped
Spain Scraped,Data Scientist,Data Scientist,estimacion,84408.0,ES,Spain,2026,91161.0,Scraped
Spain Scraped,Data Scientist,Data Scientist,estimacion,178588.0,ES,Spain,2026,192875.0,Scraped
Spain Scraped,Data Scientist,Data Scientist,estimacion,82339.0,ES,Spain,2026,88926.0,Scraped
Spain Scraped,Data Scientist,Data Scientist,estimacion,166855.0,ES,Spain,2026,180203.0,Scraped
Glassdoor ES,Data Scientist,Data Scientist,Senior,53600.0,ES,Spain,2026,57900.0,Glassdoor ES
Glassdoor ES,Data Scientist,Data Scientist,Mid,41800.0,ES,Spain,2026,45100.0,Glassdoor ES
Glassdoor ES,Data Scientist,Data Scientist,Senior,61100.0,ES,Spain,2026,66000.0,Glassdoor ES
Glassdoor ES,Data Scientist,Data Scientist,Mid,41600.0,ES,Spain,2026,44900.0,Glassdoor ES
Glassdoor ES,Data Scientist,Data Scientist,Mid,38500.0,ES,Spain,2026,41600.0,Glassdoor ES
Glassdoor ES,Data Scientist,Data Scientist,Mid,61200.0,ES,Spain,2026,66100.0,Glassdoor ES
Glassdoor ES,Data Scientist,Data Scientist,Mid,48400.0,ES,Spain,2026,52300.0,Glassdoor ES
Glassdoor ES,Data Scientist,Data Scientist,Mid,38000.0,ES,Spain,2026,41100.0,Glassdoor ES
Glassdoor ES,Data Scientist,Data Scientist,Senior,57400.0,ES,Spain,2026,62000.0,Glassdoor ES
Glassdoor ES,Data Scientist,Data Scientist,Mid,63400.0,ES,Spain,2026,68500.0,Glassdoor ES
Glassdoor ES,Data Scientist,Data Scientist,Senior,65000.0,ES,Spain,2026,70200.0,Glassdoor ES
Glassdoor ES,Data Scientist,Data Scientist,Mid,61400.0,ES,Spain,2026,66300.0,Glassdoor ES
Glassdoor ES,Data Scientist,Data Scientist,Mid,49900.0,ES,Spain,2026,53900.0,Glassdoor ES
Glassdoor ES,Data Scientist,Data Scientist,Mid,40000.0,ES,Spain,2026,43200.0,Glassdoor ES
Glassdoor ES,Data Scientist,Data Scientist,Mid,45400.0,ES,Spain,2026,49000.0,Glassdoor ES
Glassdoor ES,Data Engineer,Data Engineer,Mid,57400.0,ES,Spain,2026,62000.0,Glassdoor ES
Glassdoor ES,Data Engineer,Data Engineer,Senior,36700.0,ES,Spain,2026,39700.0,Glassdoor ES
Glassdoor ES,Data Engineer,Data Engineer,Senior,63300.0,ES,Spain,2026,68300.0,Glassdoor ES
Glassdoor ES,Data Engineer,Data Engineer,Mid,64700.0,ES,Spain,2026,69900.0,Glassdoor ES
Glassdoor ES,Data Engineer,Data Engineer,Mid,63900.0,ES,Spain,2026,69000.0,Glassdoor ES
Glassdoor ES,Data Engineer,Data Engineer,Mid,46000.0,ES,Spain,2026,49600.0,Glassdoor ES
Glassdoor ES,Data Engineer,Data Engineer,Mid,40900.0,ES,Spain,2026,44100.0,Glassdoor ES
Glassdoor ES,Data Engineer,Data Engineer,Senior,53700.0,ES,Spain,2026,58000.0,Glassdoor ES
Glassdoor ES,Data Engineer,Data Engineer,Mid,52300.0,ES,Spain,2026,56500.0,Glassdoor ES
Glassdoor ES,Data Engineer,Data Engineer,Senior,59300.0,ES,Spain,2026,64100.0,Glassdoor ES
Glassdoor ES,Data Engineer,Data Engineer,Senior,46600.0,ES,Spain,2026,50400.0,Glassdoor ES
Glassdoor ES,Data Engineer,Data Engineer,Mid,42800.0,ES,Spain,2026,46200.0,Glassdoor ES
Glassdoor ES,Data Engineer,Data Engineer,Mid,62500.0,ES,Spain,2026,67500.0,Glassdoor ES
Glassdoor ES,Data Engineer,Data Engineer,Senior,49100.0,ES,Spain,2026,53000.0,Glassdoor ES
Glassdoor ES,Data Engineer,Data Engineer,Mid,56200.0,ES,Spain,2026,60700.0,Glassdoor ES
Glassdoor ES,Data Analyst,Data Analyst,Mid,30500.0,ES,Spain,2026,32900.0,Glassdoor ES
Glassdoor ES,Data Analyst,Data Analyst,Mid,38700.0,ES,Spain,2026,41800.0,Glassdoor ES
Glassdoor ES,Data Analyst,Data Analyst,Senior,30300.0,ES,Spain,2026,32700.0,Glassdoor ES
Glassdoor ES,Data Analyst,Data Analyst,Mid,37000.0,ES,Spain,2026,40000.0,Glassdoor ES
Glassdoor ES,Data Analyst,Data Analyst,Senior,36500.0,ES,Spain,2026,39400.0,Glassdoor ES
Glassdoor ES,Data Analyst,Data Analyst,Mid,29300.0,ES,Spain,2026,31600.0,Glassdoor ES
Glassdoor ES,Data Analyst,Data Analyst,Mid,41700.0,ES,Spain,2026,45100.0,Glassdoor ES
Glassdoor ES,Data Analyst,Data Analyst,Mid,37300.0,ES,Spain,2026,40300.0,Glassdoor ES
Glassdoor ES,Data Analyst,Data Analyst,Mid,28700.0,ES,Spain,2026,31000.0,Glassdoor ES
Glassdoor ES,Data Analyst,Data Analyst,Mid,35600.0,ES,Spain,2026,38400.0,Glassdoor ES
Glassdoor ES,Data Analyst,Data Analyst,Senior,28800.0,ES,Spain,2026,31200.0,Glassdoor ES
Glassdoor ES,Data Analyst,Data Analyst,Senior,44700.0,ES,Spain,2026,48300.0,Glassdoor ES
Glassdoor ES,Data Analyst,Data Analyst,Mid,42500.0,ES,Spain,2026,45900.0,Glassdoor ES
Glassdoor ES,Data Analyst,Data Analyst,Mid,44300.0,ES,Spain,2026,47900.0,Glassdoor ES
Glassdoor ES,Data Analyst,Data Analyst,Senior,44200.0,ES,Spain,2026,47700.0,Glassdoor ES
Glassdoor ES,ML Engineer,ML Engineer,Senior,64900.0,ES,Spain,2026,70100.0,Glassdoor ES
Glassdoor ES,ML Engineer,ML Engineer,Mid,59900.0,ES,Spain,2026,64700.0,Glassdoor ES
Glassdoor ES,ML Engineer,ML Engineer,Mid,55300.0,ES,Spain,2026,59700.0,Glassdoor ES
Glassdoor ES,ML Engineer,ML Engineer,Senior,42600.0,ES,Spain,2026,46000.0,Glassdoor ES
Glassdoor ES,ML Engineer,ML Engineer,Mid,74300.0,ES,Spain,2026,80300.0,Glassdoor ES
Glassdoor ES,ML Engineer,ML Engineer,Senior,67700.0,ES,Spain,2026,73200.0,Glassdoor ES
Glassdoor ES,ML Engineer,ML Engineer,Senior,73000.0,ES,Spain,2026,78900.0,Glassdoor ES
Glassdoor ES,ML Engineer,ML Engineer,Senior,58300.0,ES,Spain,2026,62900.0,Glassdoor ES
Glassdoor ES,ML Engineer,ML Engineer,Mid,66500.0,ES,Spain,2026,71800.0,Glassdoor ES
Glassdoor ES,ML Engineer,ML Engineer,Senior,56700.0,ES,Spain,2026,61200.0,Glassdoor ES
Glassdoor ES,ML Engineer,ML Engineer,Senior,48700.0,ES,Spain,2026,52500.0,Glassdoor ES
Glassdoor ES,ML Engineer,ML Engineer,Mid,63300.0,ES,Spain,2026,68400.0,Glassdoor ES
Glassdoor ES,ML Engineer,ML Engineer,Senior,59800.0,ES,Spain,2026,64600.0,Glassdoor ES
Glassdoor ES,ML Engineer,ML Engineer,Mid,57500.0,ES,Spain,2026,62100.0,Glassdoor ES
Glassdoor ES,ML Engineer,ML Engineer,Mid,40300.0,ES,Spain,2026,43500.0,Glassdoor ES
Glassdoor ES,Backend Engineer,Backend Engineer,Mid,58200.0,ES,Spain,2026,62800.0,Glassdoor ES
Glassdoor ES,Backend Engineer,Backend Engineer,Mid,50900.0,ES,Spain,2026,54900.0,Glassdoor ES
Glassdoor ES,Backend Engineer,Backend Engineer,Senior,43000.0,ES,Spain,2026,46500.0,Glassdoor ES
Glassdoor ES,Backend Engineer,Backend Engineer,Mid,53200.0,ES,Spain,2026,57500.0,Glassdoor ES
Glassdoor ES,Backend Engineer,Backend Engineer,Mid,45700.0,ES,Spain,2026,49400.0,Glassdoor ES
Glassdoor ES,Backend Engineer,Backend Engineer,Senior,47000.0,ES,Spain,2026,50800.0,Glassdoor ES
Glassdoor ES,Backend Engineer,Backend Engineer,Mid,38000.0,ES,Spain,2026,41000.0,Glassdoor ES
Glassdoor ES,Backend Engineer,Backend Engineer,Senior,44900.0,ES,Spain,2026,48500.0,Glassdoor ES
Glassdoor ES,Backend Engineer,Backend Engineer,Mid,59800.0,ES,Spain,2026,64600.0,Glassdoor ES
Glassdoor ES,Backend Engineer,Backend Engineer,Mid,54000.0,ES,Spain,2026,58300.0,Glassdoor ES
Glassdoor ES,Backend Engineer,Backend Engineer,Senior,44800.0,ES,Spain,2026,48400.0,Glassdoor ES
Glassdoor ES,Backend Engineer,Backend Engineer,Senior,58000.0,ES,Spain,2026,62600.0,Glassdoor ES
Glassdoor ES,Backend Engineer,Backend Engineer,Mid,49400.0,ES,Spain,2026,53400.0,Glassdoor ES
Glassdoor ES,Backend Engineer,Backend Engineer,Mid,54700.0,ES,Spain,2026,59100.0,Glassdoor ES
Glassdoor ES,Backend Engineer,Backend Engineer,Mid,49100.0,ES,Spain,2026,53000.0,Glassdoor ES
Glassdoor ES,DevOps Engineer,DevOps Engineer,Mid,55700.0,ES,Spain,2026,60200.0,Glassdoor ES
Glassdoor ES,DevOps Engineer,DevOps Engineer,Senior,43200.0,ES,Spain,2026,46600.0,Glassdoor ES
Glassdoor ES,DevOps Engineer,DevOps Engineer,Mid,40700.0,ES,Spain,2026,44000.0,Glassdoor ES
Glassdoor ES,DevOps Engineer,DevOps Engineer,Mid,44000.0,ES,Spain,2026,47500.0,Glassdoor ES
Glassdoor ES,DevOps Engineer,DevOps Engineer,Mid,39000.0,ES,Spain,2026,42100.0,Glassdoor ES
Glassdoor ES,DevOps Engineer,DevOps Engineer,Mid,61400.0,ES,Spain,2026,66300.0,Glassdoor ES
Glassdoor ES,DevOps Engineer,DevOps Engineer,Mid,63700.0,ES,Spain,2026,68800.0,Glassdoor ES
Glassdoor ES,DevOps Engineer,DevOps Engineer,Mid,49800.0,ES,Spain,2026,53800.0,Glassdoor ES
Glassdoor ES,DevOps Engineer,DevOps Engineer,Senior,52000.0,ES,Spain,2026,56100.0,Glassdoor ES
Glassdoor ES,DevOps Engineer,DevOps Engineer,Mid,45600.0,ES,Spain,2026,49300.0,Glassdoor ES
Glassdoor ES,DevOps Engineer,DevOps Engineer,Senior,62100.0,ES,Spain,2026,67100.0,Glassdoor ES
Glassdoor ES,DevOps Engineer,DevOps Engineer,Mid,62100.0,ES,Spain,2026,67100.0,Glassdoor ES
Glassdoor ES,DevOps Engineer,DevOps Engineer,Mid,59100.0,ES,Spain,2026,63800.0,Glassdoor ES
Glassdoor ES,DevOps Engineer,DevOps Engineer,Mid,51400.0,ES,Spain,2026,55500.0,Glassdoor ES
Glassdoor ES,DevOps Engineer,DevOps Engineer,Mid,54000.0,ES,Spain,2026,58300.0,Glassdoor ES
Glassdoor ES,Product Manager,Product Manager,Senior,41600.0,ES,Spain,2026,45000.0,Glassdoor ES
Glassdoor ES,Product Manager,Product Manager,Mid,39100.0,ES,Spain,2026,42300.0,Glassdoor ES
Glassdoor ES,Product Manager,Product Manager,Senior,36400.0,ES,Spain,2026,39300.0,Glassdoor ES
Glassdoor ES,Product Manager,Product Manager,Mid,45100.0,ES,Spain,2026,48700.0,Glassdoor ES
Glassdoor ES,Product Manager,Product Manager,Senior,51200.0,ES,Spain,2026,55300.0,Glassdoor ES
Glassdoor ES,Product Manager,Product Manager,Senior,41600.0,ES,Spain,2026,45000.0,Glassdoor ES
Glassdoor ES,Product Manager,Product Manager,Senior,50400.0,ES,Spain,2026,54500.0,Glassdoor ES
Glassdoor ES,Product Manager,Product Manager,Senior,38000.0,ES,Spain,2026,41100.0,Glassdoor ES
Glassdoor ES,Product Manager,Product Manager,Mid,45800.0,ES,Spain,2026,49400.0,Glassdoor ES
Glassdoor ES,Product Manager,Product Manager,Mid,43500.0,ES,Spain,2026,47000.0,Glassdoor ES
Glassdoor ES,Product Manager,Product Manager,Senior,37600.0,ES,Spain,2026,40600.0,Glassdoor ES
Glassdoor ES,Product Manager,Product Manager,Mid,35000.0,ES,Spain,2026,37800.0,Glassdoor ES
Glassdoor ES,Product Manager,Product Manager,Mid,45500.0,ES,Spain,2026,49100.0,Glassdoor ES
Glassdoor ES,Product Manager,Product Manager,Mid,54500.0,ES,Spain,2026,58800.0,Glassdoor ES
Glassdoor ES,Product Manager,Product Manager,Mid,41100.0,ES,Spain,2026,44400.0,Glassdoor ES
